SYS,SYS,SYS,SYS,SYS,USERDEF,USERDEF,USERDEF,USERDEF,PORO,PORO,PORO,PORO,PORO,PORO,PORO,PORO,PORO,PORO,PORO,PORO,PORO,FLUORO,FLUORO,FLUORO,FLUORO,FLUORO,FLUORO,FLUORO,FLUORO,FLUORO,FLUORO,FLUORO,SENSOR,SENSOR,SENSOR,SENSOR,SENSOR,SENSOR,SENSOR,SENSOR,SENSOR,SENSOR,SENSOR,MATCH,MATCH,MATCH,MATCH,STABILITY,STABILITY,STABILITY,STABILITY,STABILITY,STABILITY,P_CONFIG,P_CONFIG,P_CONFIG,P_CONFIG,P_CONFIG,P_CONFIG,P_CONFIG,P_CONFIG,P_CONFIG,P_CONFIG,P_CONFIG,FL_CONFIG,FL_CONFIG,FL_CONFIG,FL_CONFIG,FL_CONFIG,FL_CONFIG,FL_CONFIG,FL_CONFIG,FL_CONFIG,FL_CONFIG,FL_CONFIG,FL_CONFIG,FL_CONFIG,FL_CONFIG,FL_CONFIG,SENSOR_V,SENSOR_V,SENSOR_V,SENSOR_V,SENSOR_V,SENSOR_V,SENSOR_V,SENSOR_V,SENSOR_V,SENSOR_V,USERCAL,USERCAL,USERCAL,USERCAL,USERCAL,USERCAL,USERCAL,USERCAL,USERCAL,USERCAL,META,META,META,META,META,META,META
Obs#,Time,Date,configName,configAuthor,remark,,,,gsw,gbw,gtw,E_apparent,VPcham,VPref,VPleaf,VPDleaf,H2O_r,H2O_s,H2O_leaf,leaf_area,leaf_width,flashID,Fo,Fm,Fv/Fm,Fs,Fm',PhiPS2,PS2/1,abs,ETR,TRANS,rh_s,rh_r,Tref,Tmeas,Tleaf,P_atm,flow,flow_s,leak_pct,Qamb,batt,match_time,match_date,rh_adj,type,gsw1sec,gsw2sec,gsw4sec,flr1sec,flr2sec,flr4sec,auto,flow_set,gsw_limit,gsw_period,aw,Bla,Blb,Blc,Bld,Ble,chamber,dark,flash_type,flash_intensity,modrate,flr_limit,flr_period,P1_dur,P2_dur,P3_dur,P1_Fmax,P2_ramp,P2_slp,P3_Fmax,P3_Pred,P3_DeltaF,v_humA,v_humB,v_flowIn,v_flowOut,v_temp,v_irt,v_pres,v_par,v_F,i_LED,b_rhr,m_rhr,span_rhr,b_rhs,m_rhs,span_rhs,z_flowIn,z_flowOut,z_quantum,z_flr,flashId,lciSerNum,lcpSerNum,lcfSerNum,lcrhSerNum,version,configUpdatedAt
,HHMMSS,YYYYMMDD,,,,,,,mol+1m-2s-1,mol+1m-2s-1,mol+1m-2s-1,mmol+1m-2s-1,kPa,kPa,kPa,kPa,mmol+1mol-1,mmol+1mol-1,mmol+1mol-1,cm+2,mm,,,,,,,,,,umol+1m-2s-1,,%,%,C,C,C,kPa,umol+1sec-1,umol+1sec-1,%,umol+1m-2s-1,V,HHMMSS,YYYYMMDD,%,,,,,,,,,umol+1sec-1,(umol+1m-2s-1)s-1,s,,,,,,,,,,umol+1m-2s-1,Hz,s-1,s,ms,ms,ms,,%,,,,,V,V,V,V,V,V,V,V,V,A,,,,,,,,,,,,,,,,,
1,21:40:53,2025-11-10,FB_Fl_Dark_8k,Fern,,,,,0.003042,0.032223,0.002779,0.031694,0.981770,0.864613,2.030287,1.048518,9.251505,10.505098,21.724411,0.441786,7.500000,PSF-01031_20251110214053_ce2,93.257545,440.475952,0.788280,0.000000,0.000000,0.000000,0.5,0.80,1.706708,1.000000,42.39,37.33,19.79,17.68,17.68,93.46,1.1,-15.6,1508.5,5,3.787,21:40:13,2025-11-10,11.34,1,-0.000,0.000,0.000,0.000,-0.086,-0.122,0,150,-9999.000,-9999.000000,0.058905,0.000000,0.029230,0.000000,0.000000,-0.000068,standard,1,rectangular,8000,5,-9999.000000,-9999.000000,55537,55537,55537,0.000000,-9999,0.000000,0.000000,0.000000,0.000000,2.469437,2.426587,0.606756,0.573217,0.336026,-0.022084,0.080020,0.111741,93.257545,0.000212,2.405086,0.000013,1.000000,2.372866,0.000011,1.000000,0.601157,0.601293,0.106749,0.000000,PSF-01031_20251110214053_ce2,PFA-00872,PSA-00872,PSF-01031,RHS-0785,3.0.0,2025-07-31T17:03:34.552Z
2,21:41:18,2025-11-10,FB_Fl_Dark_8k,Fern,,,,,0.002493,0.034375,0.002324,0.033252,0.983413,0.868211,2.297120,1.313707,9.289600,10.522232,24.578510,0.441786,7.500000,PSF-01031_20251110214118_590,27.646065,27.485847,-0.005829,0.000000,0.000000,0.000000,0.5,0.80,-0.011677,1.000000,42.31,37.35,19.85,19.66,19.66,93.46,1.2,-16.5,1502.3,5,3.786,21:40:13,2025-11-10,11.34,1,-0.000,0.000,0.000,0.132,0.100,0.011,0,150,-9999.000,-9999.000000,0.058905,0.000000,0.029230,0.000000,0.000000,-0.000068,standard,1,rectangular,8000,5,-9999.000000,-9999.000000,55537,55537,55537,0.000000,-9999,0.000000,0.000000,0.000000,0.000000,2.469461,2.426460,0.607132,0.571488,0.335253,-0.001027,0.082838,0.111367,27.488708,0.000211,2.405086,0.000013,1.000000,2.372866,0.000011,1.000000,0.601157,0.601293,0.106749,0.000000,PSF-01031_20251110214118_590,PFA-00872,PSA-00872,PSF-01031,RHS-0785,3.0.0,2025-07-31T17:03:34.552Z
3,21:41:40,2025-11-10,FB_Fl_Dark_8k,Fern,,,,,0.001460,0.028671,0.001389,0.017331,0.942272,0.870217,2.089436,1.147164,9.310964,10.081926,22.356117,0.441786,7.500000,PSF-01031_20251110214140_7a0,113.221405,492.506500,0.770112,0.000000,0.000000,0.000000,0.5,0.80,1.650768,1.000000,40.41,37.32,19.90,18.14,18.14,93.46,1.0,-13.5,1468.5,5,3.784,21:40:13,2025-11-10,11.34,1,-0.000,0.000,0.000,0.500,0.200,0.230,0,150,-9999.000,-9999.000000,0.058905,0.000000,0.029230,0.000000,0.000000,-0.000068,standard,1,rectangular,8000,5,-9999.000000,-9999.000000,55537,55537,55537,0.000000,-9999,0.000000,0.000000,0.000000,0.000000,2.469404,2.423592,0.606136,0.576991,0.334558,-0.018324,0.085219,0.111691,113.221405,0.000210,2.405086,0.000013,1.000000,2.372866,0.000011,1.000000,0.601157,0.601293,0.106749,0.000000,PSF-01031_20251110214140_7a0,PFA-00872,PSA-00872,PSF-01031,RHS-0785,3.0.0,2025-07-31T17:03:34.552Z
4,21:42:03,2025-11-10,FB_Fl_Dark_8k,Fern,,,,,0.001384,0.033466,0.001329,0.019482,0.942967,0.873598,2.289047,1.346080,9.346845,10.089037,24.491087,0.441786,7.500000,PSF-01031_20251110214203_362,61.068535,60.548187,-0.008594,0.000000,0.000000,0.000000,0.5,0.80,-0.017736,1.000000,40.30,37.34,19.95,19.60,19.60,93.46,1.1,-15.9,1489.2,5,3.783,21:40:13,2025-11-10,11.34,1,0.000,-0.000,0.000,0.137,-0.077,0.143,0,150,-9999.000,-9999.000000,0.058905,0.000000,0.029230,0.000000,0.000000,-0.000068,standard,1,rectangular,8000,5,-9999.000000,-9999.000000,55537,55537,55537,0.000000,-9999,0.000000,0.000000,0.000000,0.000000,2.469426,2.423427,0.606973,0.572538,0.333834,-0.002839,0.087741,0.111507,61.068535,0.000211,2.405086,0.000013,1.000000,2.372866,0.000011,1.000000,0.601157,0.601293,0.106749,0.000000,PSF-01031_20251110214203_362,PFA-00872,PSA-00872,PSF-01031,RHS-0785,3.0.0,2025-07-31T17:03:34.552Z
5,21:42:21,2025-11-10,FB_Fl_Dark_8k,Fern,,,,,0.000581,0.032670,0.000571,0.008346,0.906849,0.876392,2.249593,1.342745,9.376534,9.702393,24.068447,0.441786,7.500000,PSF-01031_20251110214221_63a,102.502586,482.337341,0.787488,0.000000,0.000000,0.000000,0.5,0.80,1.514316,1.000000,38.64,37.35,20.00,19.32,19.32,93.47,1.1,-15.9,1519.7,5,3.773,21:40:13,2025-11-10,11.34,1,-0.000,-0.000,0.000,0.172,0.192,0.337,0,150,-9999.000,-9999.000000,0.058905,0.000000,0.029230,0.000000,0.000000,-0.000068,standard,1,rectangular,8000,5,-9999.000000,-9999.000000,55537,55537,55537,0.000000,-9999,0.000000,0.000000,0.000000,0.000000,2.469430,2.420893,0.606834,0.572607,0.333188,-0.006478,0.089805,0.111183,102.502586,0.000212,2.405086,0.000013,1.000000,2.372866,0.000011,1.000000,0.601157,0.601293,0.106749,0.000000,PSF-01031_20251110214221_63a,PFA-00872,PSA-00872,PSF-01031,RHS-0785,3.0.0,2025-07-31T17:03:34.552Z
6,21:45:40,2025-11-10,FB_Fl_Dark_8k,Fern,,,,,0.002198,0.032024,0.002057,0.026622,1.004448,0.905438,2.193667,1.189219,9.686959,10.746231,23.469269,0.441786,7.500000,PSF-01031_20251110214540_9c1,105.525253,508.125916,0.792325,0.000000,0.000000,0.000000,0.5,0.80,1.695801,1.000000,41.48,37.39,20.51,18.92,18.92,93.47,1.1,-15.1,1471.0,5,3.772,21:40:13,2025-11-10,11.34,1,-0.000,0.000,0.001,0.050,0.051,0.565,0,150,-9999.000,-9999.000000,0.058905,0.000000,0.029230,0.000000,0.000000,-0.000068,standard,1,rectangular,8000,5,-9999.000000,-9999.000000,55537,55537,55537,0.000000,-9999,0.000000,0.000000,0.000000,0.000000,2.469414,2.425127,0.606721,0.574123,0.326434,-0.016646,0.111647,0.111684,105.410812,0.000210,2.405086,0.000013,1.000000,2.372866,0.000011,1.000000,0.601157,0.601293,0.106749,0.000000,PSF-01031_20251110214540_9c1,PFA-00872,PSA-00872,PSF-01031,RHS-0785,3.0.0,2025-07-31T17:03:34.552Z
7,21:46:12,2025-11-10,FB_Fl_Dark_8k,Fern,,,,,0.001893,0.033456,0.001791,0.027972,1.012153,0.912596,2.444639,1.432486,9.763591,10.828728,26.154478,0.441786,7.500000,PSF-01031_20251110214612_e5d,73.559044,72.822693,-0.010112,0.000000,0.000000,0.000000,0.5,0.80,-0.018124,1.000000,41.58,37.49,20.59,20.66,20.66,93.47,1.1,-15.9,1487.4,4,3.772,21:40:13,2025-11-10,11.34,1,-0.000,-0.000,-0.000,0.107,-0.045,0.202,0,150,-9999.000,-9999.000000,0.058905,0.000000,0.029230,0.000000,0.000000,-0.000068,standard,1,rectangular,8000,5,-9999.000000,-9999.000000,55537,55537,55537,0.000000,-9999,0.000000,0.000000,0.000000,0.000000,2.469561,2.425280,0.606971,0.572583,0.325367,0.001839,0.115048,0.110881,73.559044,0.000214,2.405086,0.000013,1.000000,2.372866,0.000011,1.000000,0.601157,0.601293,0.106749,0.000000,PSF-01031_20251110214612_e5d,PFA-00872,PSA-00872,PSF-01031,RHS-0785,3.0.0,2025-07-31T17:03:34.552Z
8,21:46:25,2025-11-10,FB_Fl_Dark_8k,Fern,,,,,0.001576,0.033288,0.001505,0.024068,1.001611,0.915502,2.468539,1.466928,9.794474,10.715706,26.409607,0.441786,7.500000,PSF-01031_20251110214625_f6f,98.478554,454.204926,0.783185,0.000000,0.000000,0.000000,0.5,0.80,1.580632,1.000000,41.06,37.53,20.63,20.82,20.82,93.47,1.1,-15.8,1485.8,5,3.767,21:40:13,2025-11-10,11.34,1,0.000,0.000,0.000,-0.003,-0.192,0.300,0,150,-9999.000,-9999.000000,0.058905,0.000000,0.029230,0.000000,0.000000,-0.000068,standard,1,rectangular,8000,5,-9999.000000,-9999.000000,55537,55537,55537,0.000000,-9999,0.000000,0.000000,0.000000,0.000000,2.469609,2.424488,0.606942,0.572760,0.324899,0.003208,0.116332,0.111402,98.478554,0.000211,2.405086,0.000013,1.000000,2.372866,0.000011,1.000000,0.601157,0.601293,0.106749,0.000000,PSF-01031_20251110214625_f6f,PFA-00872,PSA-00872,PSF-01031,RHS-0785,3.0.0,2025-07-31T17:03:34.552Z
9,21:48:07,2025-11-10,FB_Fl_Dark_8k,Fern,,,,,0.000521,0.033059,0.000512,0.007783,0.958463,0.930411,2.352907,1.394444,9.954249,10.254369,25.173191,0.441786,7.500000,PSF-01031_20251110214807_de2,101.451157,100.481987,-0.009645,0.000000,0.000000,0.000000,0.5,0.80,-0.021074,1.000000,38.67,37.54,20.89,20.04,20.04,93.47,1.1,-15.9,1498.1,5,3.765,21:40:13,2025-11-10,11.34,1,0.000,0.000,0.000,0.227,-0.009,0.340,0,150,-9999.000,-9999.000000,0.058905,0.000000,0.029230,0.000000,0.000000,-0.000068,standard,1,rectangular,8000,5,-9999.000000,-9999.000000,55537,55537,55537,0.000000,-9999,0.000000,0.000000,0.000000,0.000000,2.469580,2.420832,0.606902,0.572706,0.321532,-0.008410,0.127065,0.111787,101.451157,0.000212,2.405086,0.000013,1.000000,2.372866,0.000011,1.000000,0.601157,0.601293,0.106749,0.000000,PSF-01031_20251110214807_de2,PFA-00872,PSA-00872,PSF-01031,RHS-0785,3.0.0,2025-07-31T17:03:34.552Z
10,21:48:34,2025-11-10,FB_Fl_Dark_8k,Fern,,,,,0.001067,0.034207,0.001034,0.015938,0.991764,0.936274,2.405888,1.414124,10.016736,10.610396,25.739408,0.441786,7.500000,PSF-01031_20251110214834_cdf,39.207817,38.661003,-0.014144,0.000000,0.000000,0.000000,0.5,0.80,-0.030533,1.000000,39.85,37.62,20.95,20.40,20.40,93.47,1.2,-16.0,1461.8,5,3.764,21:40:13,2025-11-10,11.34,1,-0.000,-0.000,0.000,0.042,0.045,-0.057,0,150,-9999.000,-9999.000000,0.058905,0.000000,0.029230,0.000000,0.000000,-0.000068,standard,1,rectangular,8000,5,-9999.000000,-9999.000000,55537,55537,55537,0.000000,-9999,0.000000,0.000000,0.000000,0.000000,2.469698,2.422626,0.607103,0.572480,0.320694,-0.005125,0.129772,0.111726,39.247513,0.000212,2.405086,0.000013,1.000000,2.372866,0.000011,1.000000,0.601157,0.601293,0.106749,0.000000,PSF-01031_20251110214834_cdf,PFA-00872,PSA-00872,PSF-01031,RHS-0785,3.0.0,2025-07-31T17:03:34.552Z
11,21:49:02,2025-11-10,FB_Fl_Dark_8k,Fern,,,,,0.000761,0.033243,0.000744,0.011500,0.980118,0.938907,2.399493,1.419375,10.044281,10.485151,25.669409,0.441786,7.500000,PSF-01031_20251110214902_cee,86.709381,435.542816,0.800916,0.000000,0.000000,0.000000,0.5,0.80,1.695431,1.000000,39.23,37.58,21.02,20.36,20.36,93.48,1.1,-15.9,1492.1,5,3.764,21:40:13,2025-11-10,11.34,1,-0.000,-0.000,-0.000,-0.017,0.084,0.460,0,150,-9999.000,-9999.000000,0.058905,0.000000,0.029230,0.000000,0.000000,-0.000068,standard,1,rectangular,8000,5,-9999.000000,-9999.000000,55537,55537,55537,0.000000,-9999,0.000000,0.000000,0.000000,0.000000,2.469625,2.421673,0.606934,0.572669,0.319870,-0.006330,0.132537,0.111630,86.709381,0.000212,2.405086,0.000013,1.000000,2.372866,0.000011,1.000000,0.601157,0.601293,0.106749,0.000000,PSF-01031_20251110214902_cee,PFA-00872,PSA-00872,PSF-01031,RHS-0785,3.0.0,2025-07-31T17:03:34.552Z
12,21:49:35,2025-11-10,FB_Fl_Dark_8k,Fern,,,,,0.001187,0.034414,0.001147,0.017338,1.005522,0.945521,2.392573,1.387051,10.114278,10.756115,25.593466,0.441786,7.500000,PSF-01031_20251110214935_833,59.396980,58.177830,-0.020956,0.000000,0.000000,0.000000,0.5,0.80,-0.042095,1.000000,40.03,37.64,21.10,20.31,20.31,93.48,1.2,-15.8,1439.4,5,3.760,21:40:13,2025-11-10,11.34,1,-0.000,-0.000,-0.000,0.001,-0.334,0.117,0,150,-9999.000,-9999.000000,0.058905,0.000000,0.029230,0.000000,0.000000,-0.000068,standard,1,rectangular,8000,5,-9999.000000,-9999.000000,55537,55537,55537,0.000000,-9999,0.000000,0.000000,0.000000,0.000000,2.469699,2.422872,0.607139,0.572779,0.318731,-0.007856,0.135966,0.111380,59.396980,0.000211,2.405086,0.000013,1.000000,2.372866,0.000011,1.000000,0.601157,0.601293,0.106749,0.000000,PSF-01031_20251110214935_833,PFA-00872,PSA-00872,PSF-01031,RHS-0785,3.0.0,2025-07-31T17:03:34.552Z
13,21:50:52,2025-11-10,FB_Fl_Dark_8k,Fern,,,,,0.001106,0.034642,0.001072,0.012896,1.002793,0.958460,2.108952,1.106159,10.253156,10.727407,22.560583,0.441786,7.500000,PSF-01031_20251110215052_680,76.714752,385.838623,0.801174,0.000000,0.000000,0.000000,0.5,0.80,1.631603,1.000000,39.37,37.63,21.33,18.29,18.29,93.48,1.2,-16.3,1467.7,5,3.758,21:50:43,2025-11-10,10.18,1,0.000,0.000,0.001,0.114,0.122,0.562,0,150,-9999.000,-9999.000000,0.058905,0.000000,0.029230,0.000000,0.000000,-0.000068,standard,1,rectangular,8000,5,-9999.000000,-9999.000000,55537,55537,55537,0.000000,-9999,0.000000,0.000000,0.000000,0.000000,2.469656,2.423608,0.607178,0.571991,0.315877,-0.032744,0.143639,0.111444,76.714752,0.000211,2.405086,0.000013,1.000000,2.372866,0.000011,1.000000,0.601157,0.601293,0.106749,0.000000,PSF-01031_20251110215052_680,PFA-00872,PSA-00872,PSF-01031,RHS-0785,3.0.0,2025-07-31T17:03:34.552Z
14,21:51:11,2025-11-10,FB_Fl_Dark_8k,Fern,,,,,0.000187,0.033347,0.000186,0.002934,0.972001,0.961520,2.419557,1.447556,10.286776,10.398900,25.885502,0.441786,7.500000,PSF-01031_20251110215111_1d7,58.725716,58.205723,-0.008934,0.000000,0.000000,0.000000,0.5,0.80,-0.013224,1.000000,38.04,37.63,21.38,20.50,20.50,93.47,1.1,-16.1,1507.4,4,3.758,21:50:43,2025-11-10,10.18,1,-0.000,-0.000,0.000,-0.147,0.237,0.457,0,150,-9999.000,-9999.000000,0.058905,0.000000,0.029230,0.000000,0.000000,-0.000068,standard,1,rectangular,8000,5,-9999.000000,-9999.000000,55537,55537,55537,0.000000,-9999,0.000000,0.000000,0.000000,0.000000,2.469638,2.421579,0.606952,0.572268,0.315185,-0.008980,0.145517,0.110162,58.535812,0.000208,2.405086,0.000013,1.000000,2.372866,0.000011,1.000000,0.601157,0.601293,0.106749,0.000000,PSF-01031_20251110215111_1d7,PFA-00872,PSA-00872,PSF-01031,RHS-0785,3.0.0,2025-07-31T17:03:34.552Z
15,21:51:41,2025-11-10,FB_Fl_Dark_8k,Fern,,,,,-0.000061,0.034427,-0.000061,-0.000852,0.962618,0.965565,2.241716,1.279098,10.329912,10.298386,23.982563,0.441786,7.500000,PSF-01031_20251110215141_fe0,84.856865,380.217072,0.776820,0.000000,0.000000,0.000000,0.5,0.80,1.717804,1.000000,37.51,37.62,21.45,19.26,19.26,93.47,1.2,-16.0,1456.5,6,3.757,21:50:43,2025-11-10,10.18,1,0.000,0.000,0.000,0.140,0.313,0.505,0,150,-9999.000,-9999.000000,0.058905,0.000000,0.029230,0.000000,0.000000,-0.000068,standard,1,rectangular,8000,5,-9999.000000,-9999.000000,55537,55537,55537,0.000000,-9999,0.000000,0.000000,0.000000,0.000000,2.469625,2.420769,0.607141,0.572409,0.314307,-0.023434,0.148423,0.111847,84.856865,0.000214,2.405086,0.000013,1.000000,2.372866,0.000011,1.000000,0.601157,0.601293,0.106749,0.000000,PSF-01031_20251110215141_fe0,PFA-00872,PSA-00872,PSF-01031,RHS-0785,3.0.0,2025-07-31T17:03:34.552Z
16,21:52:09,2025-11-10,FB_Fl_Dark_8k,Fern,,,,,-0.000542,0.033913,-0.000551,-0.009092,0.937781,0.969727,2.452343,1.514562,10.375825,10.034005,26.239418,0.441786,7.500000,PSF-01031_20251110215209_38c,51.997662,51.340340,-0.012803,0.000000,0.000000,0.000000,0.5,0.80,-0.028259,1.000000,36.41,37.65,21.51,20.71,20.71,93.46,1.2,-16.0,1473.9,6,3.755,21:50:43,2025-11-10,10.18,1,-0.000,-0.000,-0.000,-0.365,0.134,0.251,0,150,-9999.000,-9999.000000,0.058905,0.000000,0.029230,0.000000,0.000000,-0.000068,standard,1,rectangular,8000,5,-9999.000000,-9999.000000,55537,55537,55537,0.000000,-9999,0.000000,0.000000,0.000000,0.000000,2.469649,2.419076,0.607051,0.572474,0.313546,-0.008010,0.151154,0.111838,51.997662,0.000213,2.405086,0.000013,1.000000,2.372866,0.000011,1.000000,0.601157,0.601293,0.106749,0.000000,PSF-01031_20251110215209_38c,PFA-00872,PSA-00872,PSF-01031,RHS-0785,3.0.0,2025-07-31T17:03:34.552Z
17,21:52:32,2025-11-10,FB_Fl_Dark_8k,Fern,,,,,0.000492,0.035423,0.000485,0.007859,0.999561,0.973144,2.486321,1.486761,10.411857,10.694490,26.601633,0.441786,7.500000,PSF-01031_20251110215232_cca,79.364418,378.010864,0.790047,0.000000,0.000000,0.000000,0.5,0.80,1.793131,1.000000,38.69,37.67,21.56,20.94,20.94,93.46,1.2,-16.4,1446.1,6,3.754,21:50:43,2025-11-10,10.18,1,0.000,0.000,0.000,0.209,-0.045,0.425,0,150,-9999.000,-9999.000000,0.058905,0.000000,0.029230,0.000000,0.000000,-0.000068,standard,1,rectangular,8000,5,-9999.000000,-9999.000000,55537,55537,55537,0.000000,-9999,0.000000,0.000000,0.000000,0.000000,2.469668,2.422545,0.607315,0.571805,0.312923,-0.006066,0.153373,0.111982,79.364418,0.000213,2.405086,0.000013,1.000000,2.372866,0.000011,1.000000,0.601157,0.601293,0.106749,0.000000,PSF-01031_20251110215232_cca,PFA-00872,PSA-00872,PSF-01031,RHS-0785,3.0.0,2025-07-31T17:03:34.552Z
18,21:52:54,2025-11-10,FB_Fl_Dark_8k,Fern,,,,,-0.000408,0.033411,-0.000413,-0.006775,0.953533,0.977693,2.458844,1.505311,10.459970,10.201484,26.306234,0.441786,7.500000,PSF-01031_20251110215254_a1b,42.521240,41.911842,-0.014540,0.000000,0.000000,0.000000,0.5,0.80,-0.024924,1.000000,36.81,37.74,21.61,20.76,20.76,93.47,1.1,-16.2,1516.0,4,3.751,21:50:43,2025-11-10,10.18,1,-0.000,-0.000,-0.000,0.000,0.015,-0.042,0,150,-9999.000,-9999.000000,0.058905,0.000000,0.029230,0.000000,0.000000,-0.000068,standard,1,rectangular,8000,5,-9999.000000,-9999.000000,55537,55537,55537,0.000000,-9999,0.000000,0.000000,0.000000,0.000000,2.469773,2.419681,0.606964,0.572037,0.312375,-0.008586,0.155417,0.110701,42.521240,0.000213,2.405086,0.000013,1.000000,2.372866,0.000011,1.000000,0.601157,0.601293,0.106749,0.000000,PSF-01031_20251110215254_a1b,PFA-00872,PSA-00872,PSF-01031,RHS-0785,3.0.0,2025-07-31T17:03:34.552Z
19,21:54:14,2025-11-10,FB_Fl_Dark_8k,Fern,,,,,0.000137,0.032211,0.000137,0.001097,0.989814,0.985758,1.729079,0.739265,10.546984,10.590381,18.500046,0.441786,7.500000,PSF-01031_20251110215414_55b,123.837952,556.416382,0.777437,0.000000,0.000000,0.000000,0.5,0.80,1.619438,1.000000,37.89,37.73,21.74,15.16,15.16,93.46,1.1,-15.2,1479.5,5,3.750,21:50:43,2025-11-10,10.18,1,-0.000,-0.000,0.000,0.212,0.076,0.422,0,150,-9999.000,-9999.000000,0.058905,0.000000,0.029230,0.000000,0.000000,-0.000068,standard,1,rectangular,8000,5,-9999.000000,-9999.000000,55537,55537,55537,0.000000,-9999,0.000000,0.000000,0.000000,0.000000,2.469741,2.421312,0.606754,0.573799,0.310654,-0.070984,0.163258,0.111552,123.837952,0.000213,2.405086,0.000013,1.000000,2.372866,0.000011,1.000000,0.601157,0.601293,0.106749,0.000000,PSF-01031_20251110215414_55b,PFA-00872,PSA-00872,PSF-01031,RHS-0785,3.0.0,2025-07-31T17:03:34.552Z
20,21:54:33,2025-11-10,FB_Fl_Dark_8k,Fern,,,,,-0.000198,0.032709,-0.000199,-0.003080,0.976367,0.987586,2.393709,1.417343,10.566537,10.446503,25.611168,0.441786,7.500000,PSF-01031_20251110215433_ef2,45.676231,45.550346,-0.002764,0.000000,0.000000,0.000000,0.5,0.80,-0.006203,1.000000,37.33,37.76,21.77,20.32,20.32,93.46,1.1,-15.8,1505.5,6,3.749,21:50:43,2025-11-10,10.18,1,-0.000,-0.000,-0.000,0.072,0.002,0.192,0,150,-9999.000,-9999.000000,0.058905,0.000000,0.029230,0.000000,0.000000,-0.000068,standard,1,rectangular,8000,5,-9999.000000,-9999.000000,55537,55537,55537,0.000000,-9999,0.000000,0.000000,0.000000,0.000000,2.469771,2.420456,0.606841,0.572858,0.310399,-0.015243,0.165063,0.111924,45.676231,0.000213,2.405086,0.000013,1.000000,2.372866,0.000011,1.000000,0.601157,0.601293,0.106749,0.000000,PSF-01031_20251110215433_ef2,PFA-00872,PSA-00872,PSF-01031,RHS-0785,3.0.0,2025-07-31T17:03:34.552Z
21,21:54:57,2025-11-10,FB_Fl_Dark_8k,Fern,,,,,0.000254,0.032854,0.000252,0.003041,1.000127,0.989104,2.108215,1.108088,10.582645,10.700576,22.556257,0.441786,7.500000,PSF-01031_20251110215457_edd,105.355385,489.195587,0.784635,0.000000,0.000000,0.000000,0.5,0.80,1.626766,1.000000,38.15,37.73,21.80,18.28,18.28,93.46,1.1,-15.3,1461.0,5,3.749,21:50:43,2025-11-10,10.18,1,-0.000,-0.000,-0.000,-0.220,-0.089,0.290,0,150,-9999.000,-9999.000000,0.058905,0.000000,0.029230,0.000000,0.000000,-0.000068,standard,1,rectangular,8000,5,-9999.000000,-9999.000000,55537,55537,55537,0.000000,-9999,0.000000,0.000000,0.000000,0.000000,2.469729,2.421705,0.606866,0.573626,0.309951,-0.038129,0.167297,0.111529,105.355385,0.000213,2.405086,0.000013,1.000000,2.372866,0.000011,1.000000,0.601157,0.601293,0.106749,0.000000,PSF-01031_20251110215457_edd,PFA-00872,PSA-00872,PSF-01031,RHS-0785,3.0.0,2025-07-31T17:03:34.552Z
22,21:55:31,2025-11-10,FB_Fl_Dark_8k,Fern,,,,,-0.000364,0.034140,-0.000368,-0.004865,0.976361,0.993334,2.191415,1.215054,10.627956,10.446360,23.446562,0.441786,7.500000,PSF-01031_20251110215531_e5b,107.971786,533.224609,0.797512,0.000000,0.000000,0.000000,0.5,0.80,1.740055,1.000000,37.12,37.77,21.85,18.90,18.90,93.46,1.2,-15.5,1424.0,5,3.747,21:50:43,2025-11-10,10.18,1,-0.000,-0.000,-0.000,-0.110,0.577,0.336,0,150,-9999.000,-9999.000000,0.058905,0.000000,0.029230,0.000000,0.000000,-0.000068,standard,1,rectangular,8000,5,-9999.000000,-9999.000000,55537,55537,55537,0.000000,-9999,0.000000,0.000000,0.000000,0.000000,2.469779,2.420138,0.607091,0.573326,0.309297,-0.031964,0.170513,0.111779,107.971786,0.000212,2.405086,0.000013,1.000000,2.372866,0.000011,1.000000,0.601157,0.601293,0.106749,0.000000,PSF-01031_20251110215531_e5b,PFA-00872,PSA-00872,PSF-01031,RHS-0785,3.0.0,2025-07-31T17:03:34.552Z
23,21:56:01,2025-11-10,FB_Fl_Dark_8k,Fern,,,,,-0.000689,0.034019,-0.000703,-0.011467,0.958608,0.998766,2.454480,1.495872,10.686080,10.256413,26.261169,0.441786,7.500000,PSF-01031_20251110215601_fee,125.611069,124.264954,-0.010833,0.000000,0.000000,0.000000,0.5,0.80,-0.023450,1.000000,36.32,37.85,21.91,20.73,20.73,93.46,1.2,-15.9,1462.8,5,3.747,21:50:43,2025-11-10,10.18,1,-0.000,-0.000,-0.000,0.052,0.050,-0.219,0,150,-9999.000,-9999.000000,0.058905,0.000000,0.029230,0.000000,0.000000,-0.000068,standard,1,rectangular,8000,5,-9999.000000,-9999.000000,55537,55537,55537,0.000000,-9999,0.000000,0.000000,0.000000,0.000000,2.469885,2.418910,0.607070,0.572616,0.308602,-0.012348,0.173369,0.111740,125.611069,0.000214,2.405086,0.000013,1.000000,2.372866,0.000011,1.000000,0.601157,0.601293,0.106749,0.000000,PSF-01031_20251110215601_fee,PFA-00872,PSA-00872,PSF-01031,RHS-0785,3.0.0,2025-07-31T17:03:34.552Z
24,21:56:30,2025-11-10,FB_Fl_Dark_8k,Fern,,,,,-0.001402,0.033464,-0.001463,-0.020555,0.930327,1.003530,2.221204,1.290877,10.737189,9.953956,23.765594,0.441786,7.500000,PSF-01031_20251110215630_35e,93.863365,458.581207,0.795318,0.000000,0.000000,0.000000,0.5,0.80,1.761052,1.000000,35.13,37.90,21.97,19.12,19.12,93.46,1.1,-16.0,1492.0,6,3.744,21:50:43,2025-11-10,10.18,1,0.000,-0.000,-0.000,0.148,0.324,0.114,0,150,-9999.000,-9999.000000,0.058905,0.000000,0.029230,0.000000,0.000000,-0.000068,standard,1,rectangular,8000,5,-9999.000000,-9999.000000,55537,55537,55537,0.000000,-9999,0.000000,0.000000,0.000000,0.000000,2.469950,2.417067,0.606973,0.572482,0.307906,-0.030861,0.176067,0.111854,93.863365,0.000216,2.405086,0.000013,1.000000,2.372866,0.000011,1.000000,0.601157,0.601293,0.106749,0.000000,PSF-01031_20251110215630_35e,PFA-00872,PSA-00872,PSF-01031,RHS-0785,3.0.0,2025-07-31T17:03:34.552Z
25,21:57:37,2025-11-10,FB_Fl_Dark_8k,Fern,,,,,0.000550,0.032879,0.000541,0.007313,1.038817,1.012338,2.280801,1.241984,10.831143,11.114440,24.402596,0.441786,7.500000,PSF-01031_20251110215737_1d1,94.062210,93.138100,-0.009922,0.000000,0.000000,0.000000,0.5,0.80,-0.021054,1.000000,38.93,37.94,22.09,19.54,19.54,93.47,1.1,-15.3,1458.1,5,3.743,21:50:43,2025-11-10,10.18,1,0.000,0.001,0.001,0.040,-0.124,-0.200,0,150,-9999.000,-9999.000000,0.058905,0.000000,0.029230,0.000000,0.000000,-0.000068,standard,1,rectangular,8000,5,-9999.000000,-9999.000000,55537,55537,55537,0.000000,-9999,0.000000,0.000000,0.000000,0.000000,2.469990,2.422847,0.606871,0.573664,0.306352,-0.027605,0.182478,0.111641,94.203117,0.000214,2.405086,0.000013,1.000000,2.372866,0.000011,1.000000,0.601157,0.601293,0.106749,0.000000,PSF-01031_20251110215737_1d1,PFA-00872,PSA-00872,PSF-01031,RHS-0785,3.0.0,2025-07-31T17:03:34.552Z
26,21:57:58,2025-11-10,FB_Fl_Dark_8k,Fern,,,,,0.000365,0.031520,0.000361,0.002303,1.021159,1.012460,1.609328,0.588169,10.832619,10.925692,17.218691,0.441786,7.500000,PSF-01031_20251110215758_813,137.752182,552.231445,0.750553,0.000000,0.000000,0.000000,0.5,0.80,1.535498,1.000000,38.20,37.87,22.12,14.05,14.05,93.46,1.1,-15.4,1523.8,5,3.742,21:50:43,2025-11-10,10.18,1,0.000,0.001,0.003,0.620,0.661,1.174,0,150,-9999.000,-9999.000000,0.058905,0.000000,0.029230,0.000000,0.000000,-0.000068,standard,1,rectangular,8000,5,-9999.000000,-9999.000000,55537,55537,55537,0.000000,-9999,0.000000,0.000000,0.000000,0.000000,2.469889,2.421738,0.606633,0.573528,0.305982,-0.086912,0.184348,0.111466,137.752182,0.000210,2.405086,0.000013,1.000000,2.372866,0.000011,1.000000,0.601157,0.601293,0.106749,0.000000,PSF-01031_20251110215758_813,PFA-00872,PSA-00872,PSF-01031,RHS-0785,3.0.0,2025-07-31T17:03:34.552Z
27,21:58:25,2025-11-10,FB_Fl_Dark_8k,Fern,,,,,-0.000929,0.033393,-0.000955,-0.012771,0.969408,1.014969,2.197664,1.228256,10.858916,10.371463,23.512287,0.441786,7.500000,PSF-01031_20251110215825_487,177.191742,314.791931,0.437115,0.000000,0.000000,0.000000,0.5,0.80,0.976706,1.000000,36.21,37.91,22.15,18.95,18.95,93.47,1.1,-15.7,1470.8,6,3.741,21:50:43,2025-11-10,10.18,1,-0.000,-0.000,-0.000,0.280,0.524,0.175,0,150,-9999.000,-9999.000000,0.058905,0.000000,0.029230,0.000000,0.000000,-0.000068,standard,1,rectangular,8000,5,-9999.000000,-9999.000000,55537,55537,55537,0.000000,-9999,0.000000,0.000000,0.000000,0.000000,2.469947,2.418711,0.606960,0.572977,0.305707,-0.034762,0.186788,0.111901,177.191742,0.000212,2.405086,0.000013,1.000000,2.372866,0.000011,1.000000,0.601157,0.601293,0.106749,0.000000,PSF-01031_20251110215825_487,PFA-00872,PSA-00872,PSF-01031,RHS-0785,3.0.0,2025-07-31T17:03:34.552Z
28,21:58:46,2025-11-10,FB_Fl_Dark_8k,Fern,,,,,-0.000819,0.033098,-0.000839,-0.012043,0.974776,1.018121,2.292489,1.317713,10.893008,10.429257,24.527647,0.441786,7.500000,PSF-01031_20251110215846_3cb,114.516739,525.738342,0.782179,0.000000,0.000000,0.000000,0.5,0.80,1.627740,1.000000,36.34,37.95,22.18,19.62,19.62,93.47,1.1,-15.7,1479.2,5,3.740,21:50:43,2025-11-10,10.18,1,-0.000,0.000,0.001,0.245,0.145,-0.058,0,150,-9999.000,-9999.000000,0.058905,0.000000,0.029230,0.000000,0.000000,-0.000068,standard,1,rectangular,8000,5,-9999.000000,-9999.000000,55537,55537,55537,0.000000,-9999,0.000000,0.000000,0.000000,0.000000,2.469998,2.418898,0.606909,0.573054,0.305285,-0.027684,0.188666,0.111547,114.516739,0.000211,2.405086,0.000013,1.000000,2.372866,0.000011,1.000000,0.601157,0.601293,0.106749,0.000000,PSF-01031_20251110215846_3cb,PFA-00872,PSA-00872,PSF-01031,RHS-0785,3.0.0,2025-07-31T17:03:34.552Z
29,21:59:11,2025-11-10,FB_Fl_Dark_8k,Fern,,,,,0.000245,0.034216,0.000243,0.003669,1.034154,1.021390,2.417648,1.383494,10.927843,11.064404,25.866396,0.441786,7.500000,PSF-01031_20251110215911_f70,47.674297,47.348499,-0.006881,0.000000,0.000000,0.000000,0.5,0.80,-0.014425,1.000000,38.45,37.98,22.22,20.48,20.48,93.47,1.2,-15.9,1457.2,5,3.739,21:50:43,2025-11-10,10.18,1,-0.000,-0.000,0.000,0.241,-0.135,0.306,0,150,-9999.000,-9999.000000,0.058905,0.000000,0.029230,0.000000,0.000000,-0.000068,standard,1,rectangular,8000,5,-9999.000000,-9999.000000,55537,55537,55537,0.000000,-9999,0.000000,0.000000,0.000000,0.000000,2.470030,2.422112,0.607104,0.572569,0.304776,-0.018627,0.190939,0.111582,47.674297,0.000213,2.405086,0.000013,1.000000,2.372866,0.000011,1.000000,0.601157,0.601293,0.106749,0.000000,PSF-01031_20251110215911_f70,PFA-00872,PSA-00872,PSF-01031,RHS-0785,3.0.0,2025-07-31T17:03:34.552Z
30,21:59:34,2025-11-10,FB_Fl_Dark_8k,Fern,,,,,0.001395,0.036670,0.001344,0.019913,1.088806,1.024210,2.447723,1.358917,10.957314,11.648381,26.186491,0.441786,7.500000,PSF-01031_20251110215934_2cb,98.747131,98.376991,-0.003762,0.000000,0.000000,0.000000,0.5,0.80,-0.007825,1.000000,40.38,37.99,22.26,20.68,20.68,93.47,1.3,-17.0,1448.1,5,3.736,21:50:43,2025-11-10,10.18,1,0.000,0.000,0.001,-0.014,0.340,0.221,0,150,-9999.000,-9999.000000,0.058905,0.000000,0.029230,0.000000,0.000000,-0.000068,standard,1,rectangular,8000,5,-9999.000000,-9999.000000,55537,55537,55537,0.000000,-9999,0.000000,0.000000,0.000000,0.000000,2.470040,2.425008,0.607533,0.570733,0.304281,-0.016850,0.193040,0.111544,98.747131,0.000213,2.405086,0.000013,1.000000,2.372866,0.000011,1.000000,0.601157,0.601293,0.106749,0.000000,PSF-01031_20251110215934_2cb,PFA-00872,PSA-00872,PSF-01031,RHS-0785,3.0.0,2025-07-31T17:03:34.552Z
1,22:01:49,2025-11-10,FB_Fl_Dark_8k,Fern,,,,,-0.001405,0.036467,-0.001462,-0.022458,0.964055,1.037405,2.374599,1.410544,11.099458,10.314664,25.406422,0.441786,7.500000,PSF-01031_20251110220149_98c,0.541091,0.524998,-0.030654,0.000000,0.000000,0.000000,0.5,0.80,-0.067315,1.000000,35.28,37.97,22.48,20.19,20.19,93.46,1.3,-16.3,1404.9,5,3.734,22:01:12,2025-11-10,14.14,1,0.000,0.000,0.000,0.083,-0.173,0.014,0,150,-9999.000,-9999.000000,0.058905,0.000000,0.029230,0.000000,0.000000,-0.000068,standard,1,rectangular,8000,5,-9999.000000,-9999.000000,55537,55537,55537,0.000000,-9999,0.000000,0.000000,0.000000,0.000000,2.469978,2.411050,0.607497,0.571863,0.301623,-0.024818,0.205341,0.111812,0.541091,0.000211,2.405086,0.000013,1.000000,2.372866,0.000011,1.000000,0.601157,0.601293,0.106749,0.000000,PSF-01031_20251110220149_98c,PFA-00872,PSA-00872,PSF-01031,RHS-0785,3.0.0,2025-07-31T17:03:34.552Z
2,22:02:16,2025-11-10,FB_Fl_Dark_8k,Fern,,,,,0.002812,0.033692,0.002595,0.038799,1.176972,1.040089,2.546400,1.369428,11.127452,12.591912,27.242821,0.441786,7.500000,PSF-01031_20251110220216_928,110.219833,108.368393,-0.017085,0.000000,0.000000,0.000000,0.5,0.80,-0.035962,1.000000,43.02,38.02,22.50,21.33,21.33,93.47,1.2,-15.9,1480.1,5,3.732,22:01:12,2025-11-10,14.14,1,-0.000,-0.000,-0.000,-0.037,-0.095,0.095,0,150,-9999.000,-9999.000000,0.058905,0.000000,0.029230,0.000000,0.000000,-0.000068,standard,1,rectangular,8000,5,-9999.000000,-9999.000000,55537,55537,55537,0.000000,-9999,0.000000,0.000000,0.000000,0.000000,2.470048,2.422995,0.607013,0.572534,0.301370,-0.012376,0.207900,0.111602,110.219833,0.000214,2.405086,0.000013,1.000000,2.372866,0.000011,1.000000,0.601157,0.601293,0.106749,0.000000,PSF-01031_20251110220216_928,PFA-00872,PSA-00872,PSF-01031,RHS-0785,3.0.0,2025-07-31T17:03:34.552Z
3,22:02:39,2025-11-10,FB_Fl_Dark_8k,Fern,,,,,0.000801,0.035460,0.000784,0.011156,1.077556,1.040125,2.383557,1.306001,11.127959,11.528430,25.500908,0.441786,7.500000,PSF-01031_20251110220239_dc3,91.470840,462.205780,0.802099,0.000000,0.000000,0.000000,0.5,0.80,1.792864,1.000000,39.35,37.99,22.52,20.25,20.25,93.47,1.2,-16.1,1420.4,6,3.731,22:01:12,2025-11-10,14.14,1,0.000,0.000,-0.000,0.122,0.262,0.396,0,150,-9999.000,-9999.000000,0.058905,0.000000,0.029230,0.000000,0.000000,-0.000068,standard,1,rectangular,8000,5,-9999.000000,-9999.000000,55537,55537,55537,0.000000,-9999,0.000000,0.000000,0.000000,0.000000,2.469999,2.417413,0.607322,0.572330,0.301197,-0.024544,0.209945,0.111902,91.470840,0.000219,2.405086,0.000013,1.000000,2.372866,0.000011,1.000000,0.601157,0.601293,0.106749,0.000000,PSF-01031_20251110220239_dc3,PFA-00872,PSA-00872,PSF-01031,RHS-0785,3.0.0,2025-07-31T17:03:34.552Z
4,22:03:02,2025-11-10,FB_Fl_Dark_8k,Fern,,,,,0.000847,0.034656,0.000827,0.012952,1.084337,1.039874,2.519656,1.435319,11.125398,11.601097,26.957279,0.441786,7.500000,PSF-01031_20251110220302_d1c,106.685760,137.147064,0.222107,0.000000,0.000000,0.000000,0.5,0.80,0.491978,1.000000,39.56,37.94,22.53,21.15,21.15,93.47,1.2,-15.8,1426.2,6,3.731,22:01:12,2025-11-10,14.14,1,0.000,-0.000,-0.001,0.306,0.231,0.473,0,150,-9999.000,-9999.000000,0.058905,0.000000,0.029230,0.000000,0.000000,-0.000068,standard,1,rectangular,8000,5,-9999.000000,-9999.000000,55537,55537,55537,0.000000,-9999,0.000000,0.000000,0.000000,0.000000,2.469926,2.417731,0.607181,0.572860,0.300996,-0.014664,0.212015,0.111856,106.685760,0.000212,2.405086,0.000013,1.000000,2.372866,0.000011,1.000000,0.601157,0.601293,0.106749,0.000000,PSF-01031_20251110220302_d1c,PFA-00872,PSA-00872,PSF-01031,RHS-0785,3.0.0,2025-07-31T17:03:34.552Z
5,22:03:38,2025-11-10,FB_Fl_Dark_8k,Fern,,,,,0.001266,0.036833,0.001223,0.019439,1.104794,1.042030,2.560744,1.455949,11.148431,11.819931,27.396790,0.441786,7.500000,PSF-01031_20251110220338_cbf,63.972473,290.579071,0.779845,0.000000,0.000000,0.000000,0.5,0.80,1.747960,1.000000,40.23,37.94,22.56,21.42,21.42,93.47,1.3,-17.0,1448.8,6,3.729,22:01:12,2025-11-10,14.14,1,-0.000,-0.001,-0.000,0.195,0.010,0.579,0,150,-9999.000,-9999.000000,0.058905,0.000000,0.029230,0.000000,0.000000,-0.000068,standard,1,rectangular,8000,5,-9999.000000,-9999.000000,55537,55537,55537,0.000000,-9999,0.000000,0.000000,0.000000,0.000000,2.469929,2.418753,0.607561,0.570581,0.300612,-0.012063,0.215214,0.111917,63.972473,0.000212,2.405086,0.000013,1.000000,2.372866,0.000011,1.000000,0.601157,0.601293,0.106749,0.000000,PSF-01031_20251110220338_cbf,PFA-00872,PSA-00872,PSF-01031,RHS-0785,3.0.0,2025-07-31T17:03:34.552Z
6,22:04:09,2025-11-10,FB_Fl_Dark_8k,Fern,,,,,0.002033,0.033315,0.001917,0.031106,1.154543,1.043528,2.640825,1.486281,11.164130,12.351822,28.252726,0.441786,7.500000,PSF-01031_20251110220409_30f,48.032997,47.722935,-0.006497,0.000000,0.000000,0.000000,0.5,0.80,-0.013086,1.000000,41.92,37.89,22.61,21.92,21.92,93.47,1.1,-16.2,1516.9,5,3.728,22:01:12,2025-11-10,14.14,1,0.000,-0.000,-0.000,0.041,0.082,0.170,0,150,-9999.000,-9999.000000,0.058905,0.000000,0.029230,0.000000,0.000000,-0.000068,standard,1,rectangular,8000,5,-9999.000000,-9999.000000,55537,55537,55537,0.000000,-9999,0.000000,0.000000,0.000000,0.000000,2.469847,2.421329,0.606947,0.572102,0.300064,-0.006899,0.218023,0.111393,48.032997,0.000213,2.405086,0.000013,1.000000,2.372866,0.000011,1.000000,0.601157,0.601293,0.106749,0.000000,PSF-01031_20251110220409_30f,PFA-00872,PSA-00872,PSF-01031,RHS-0785,3.0.0,2025-07-31T17:03:34.552Z
7,22:04:38,2025-11-10,FB_Fl_Dark_8k,Fern,,,,,0.002231,0.033542,0.002092,0.029150,1.149891,1.046562,2.427319,1.277428,11.197224,12.302736,25.970007,0.441786,7.500000,PSF-01031_20251110220438_ee1,95.871803,476.955414,0.798992,0.000000,0.000000,0.000000,0.5,0.80,1.739691,1.000000,41.63,37.89,22.66,20.55,20.55,93.47,1.2,-15.6,1458.2,5,3.727,22:01:12,2025-11-10,14.14,1,0.000,0.000,0.000,-0.099,0.288,0.125,0,150,-9999.000,-9999.000000,0.058905,0.000000,0.029230,0.000000,0.000000,-0.000068,standard,1,rectangular,8000,5,-9999.000000,-9999.000000,55537,55537,55537,0.000000,-9999,0.000000,0.000000,0.000000,0.000000,2.469837,2.420881,0.606986,0.573109,0.299481,-0.022890,0.220502,0.111769,95.871803,0.000211,2.405086,0.000013,1.000000,2.372866,0.000011,1.000000,0.601157,0.601293,0.106749,0.000000,PSF-01031_20251110220438_ee1,PFA-00872,PSA-00872,PSF-01031,RHS-0785,3.0.0,2025-07-31T17:03:34.552Z
8,22:04:59,2025-11-10,FB_Fl_Dark_8k,Fern,,,,,0.000910,0.035010,0.000887,0.014955,1.099273,1.048463,2.643576,1.544303,11.217439,11.761051,28.283453,0.441786,7.500000,PSF-01031_20251110220459_008,56.265594,55.958389,-0.005490,0.000000,0.000000,0.000000,0.5,0.80,-0.012428,1.000000,39.73,37.90,22.69,21.94,21.94,93.47,1.2,-15.9,1424.6,6,3.718,22:01:12,2025-11-10,14.14,1,0.000,0.000,0.000,-0.136,0.059,0.241,0,150,-9999.000,-9999.000000,0.058905,0.000000,0.029230,0.000000,0.000000,-0.000068,standard,1,rectangular,8000,5,-9999.000000,-9999.000000,55537,55537,55537,0.000000,-9999,0.000000,0.000000,0.000000,0.000000,2.469840,2.417980,0.607243,0.572607,0.299147,-0.007581,0.222230,0.111968,56.265594,0.000212,2.405086,0.000013,1.000000,2.372866,0.000011,1.000000,0.601157,0.601293,0.106749,0.000000,PSF-01031_20251110220459_008,PFA-00872,PSA-00872,PSF-01031,RHS-0785,3.0.0,2025-07-31T17:03:34.552Z
9,22:09:27,2025-11-10,FB_Fl_Dark_8k,Fern,,,,,0.004357,0.032680,0.003844,0.028689,1.159375,1.054989,1.845785,0.686410,11.285995,12.402681,19.745710,0.441786,7.500000,PSF-01031_20251110220927_1f1,97.720383,522.196411,0.812867,0.000000,0.000000,0.000000,0.5,0.80,1.747079,1.000000,41.46,37.73,22.86,16.18,16.18,93.48,1.1,-15.5,1480.1,5,3.716,22:01:12,2025-11-10,14.14,1,-0.000,-0.000,-0.001,-0.144,0.111,0.419,0,150,-9999.000,-9999.000000,0.058905,0.000000,0.029230,0.000000,0.000000,-0.000068,standard,1,rectangular,8000,5,-9999.000000,-9999.000000,55537,55537,55537,0.000000,-9999,0.000000,0.000000,0.000000,0.000000,2.469570,2.420604,0.606836,0.573390,0.297066,-0.072771,0.245934,0.111704,97.720383,0.000215,2.405086,0.000013,1.000000,2.372866,0.000011,1.000000,0.601157,0.601293,0.106749,0.000000,PSF-01031_20251110220927_1f1,PFA-00872,PSA-00872,PSF-01031,RHS-0785,3.0.0,2025-07-31T17:03:34.552Z
10,22:09:51,2025-11-10,FB_Fl_Dark_8k,Fern,,,,,0.003304,0.034687,0.003016,0.022069,1.131910,1.056255,1.805039,0.673128,11.300499,12.109912,19.311472,0.441786,7.500000,PSF-01031_20251110220951_302,125.019196,589.283813,0.787846,0.000000,0.000000,0.000000,0.5,0.80,1.760393,1.000000,40.51,37.81,22.85,15.83,15.83,93.47,1.2,-15.6,1411.1,6,3.715,22:01:12,2025-11-10,14.14,1,0.000,-0.000,-0.000,0.202,0.457,0.726,0,150,-9999.000,-9999.000000,0.058905,0.000000,0.029230,0.000000,0.000000,-0.000068,standard,1,rectangular,8000,5,-9999.000000,-9999.000000,55537,55537,55537,0.000000,-9999,0.000000,0.000000,0.000000,0.000000,2.469683,2.419160,0.607186,0.573156,0.297221,-0.076340,0.247953,0.111901,124.951958,0.000215,2.405086,0.000013,1.000000,2.372866,0.000011,1.000000,0.601157,0.601293,0.106749,0.000000,PSF-01031_20251110220951_302,PFA-00872,PSA-00872,PSF-01031,RHS-0785,3.0.0,2025-07-31T17:03:34.552Z
11,22:10:13,2025-11-10,FB_Fl_Dark_8k,Fern,,,,,0.002181,0.035202,0.002053,0.023650,1.137783,1.057901,2.195143,1.057360,11.317988,12.172606,23.484814,0.441786,7.500000,PSF-01031_20251110221013_848,92.136024,419.893372,0.780573,0.000000,0.000000,0.000000,0.5,0.80,1.117203,1.000000,40.73,37.87,22.85,18.93,18.93,93.47,1.2,-15.8,1410.0,4,3.714,22:01:12,2025-11-10,14.14,1,0.000,0.001,0.000,0.001,-0.014,0.462,0,150,-9999.000,-9999.000000,0.058905,0.000000,0.029230,0.000000,0.000000,-0.000068,standard,1,rectangular,8000,5,-9999.000000,-9999.000000,55537,55537,55537,0.000000,-9999,0.000000,0.000000,0.000000,0.000000,2.469772,2.419482,0.607276,0.572765,0.297227,-0.042944,0.249805,0.110049,92.136024,0.000212,2.405086,0.000013,1.000000,2.372866,0.000011,1.000000,0.601157,0.601293,0.106749,0.000000,PSF-01031_20251110221013_848,PFA-00872,PSA-00872,PSF-01031,RHS-0785,3.0.0,2025-07-31T17:03:34.552Z
12,22:10:32,2025-11-10,FB_Fl_Dark_8k,Fern,,,,,0.005059,0.034093,0.004405,0.043527,1.210648,1.058947,2.117851,0.907203,11.328844,12.951780,22.657234,0.441786,7.500000,PSF-01031_20251110221032_f92,119.089363,257.622955,0.537738,0.000000,0.000000,0.000000,0.5,0.80,1.160588,1.000000,43.31,37.88,22.86,18.35,18.35,93.47,1.2,-15.6,1435.9,5,3.714,22:01:12,2025-11-10,14.14,1,0.000,0.001,-0.000,-0.154,0.336,0.234,0,150,-9999.000,-9999.000000,0.058905,0.000000,0.029230,0.000000,0.000000,-0.000068,standard,1,rectangular,8000,5,-9999.000000,-9999.000000,55537,55537,55537,0.000000,-9999,0.000000,0.000000,0.000000,0.000000,2.469793,2.423385,0.607083,0.573116,0.297113,-0.049309,0.251397,0.111725,119.089363,0.000215,2.405086,0.000013,1.000000,2.372866,0.000011,1.000000,0.601157,0.601293,0.106749,0.000000,PSF-01031_20251110221032_f92,PFA-00872,PSA-00872,PSF-01031,RHS-0785,3.0.0,2025-07-31T17:03:34.552Z
13,22:10:58,2025-11-10,FB_Fl_Dark_8k,Fern,,,,,0.001104,0.035665,0.001071,0.014218,1.108233,1.060817,2.326827,1.218595,11.348613,11.855861,24.892374,0.441786,7.500000,PSF-01031_20251110221058_8de,88.351608,406.238068,0.782513,0.000000,0.000000,0.000000,0.5,0.80,1.303383,1.000000,39.61,37.91,22.87,19.86,19.86,93.48,1.2,-16.2,1425.7,4,3.713,22:01:12,2025-11-10,14.14,1,-0.000,0.000,0.001,0.320,0.020,0.518,0,150,-9999.000,-9999.000000,0.058905,0.000000,0.029230,0.000000,0.000000,-0.000068,standard,1,rectangular,8000,5,-9999.000000,-9999.000000,55537,55537,55537,0.000000,-9999,0.000000,0.000000,0.000000,0.000000,2.469840,2.417773,0.607357,0.572050,0.296939,-0.032912,0.253606,0.110589,88.351608,0.000211,2.405086,0.000013,1.000000,2.372866,0.000011,1.000000,0.601157,0.601293,0.106749,0.000000,PSF-01031_20251110221058_8de,PFA-00872,PSA-00872,PSF-01031,RHS-0785,3.0.0,2025-07-31T17:03:34.552Z
14,22:11:31,2025-11-10,FB_Fl_Dark_8k,Fern,,,,,0.001229,0.033352,0.001185,0.018952,1.131169,1.063584,2.595901,1.464731,11.378061,12.101076,27.770548,0.441786,7.500000,PSF-01031_20251110221131_8f7,113.792892,437.788727,0.740074,0.000000,0.000000,0.000000,0.5,0.80,1.631494,1.000000,40.32,37.91,22.92,21.64,21.64,93.48,1.1,-15.9,1493.5,6,3.710,22:11:22,2025-11-10,15.52,1,-0.000,-0.000,0.001,0.046,0.098,0.432,0,150,-9999.000,-9999.000000,0.058905,0.000000,0.029230,0.000000,0.000000,-0.000068,standard,1,rectangular,8000,5,-9999.000000,-9999.000000,55537,55537,55537,0.000000,-9999,0.000000,0.000000,0.000000,0.000000,2.469822,2.416742,0.606953,0.572549,0.296388,-0.013596,0.256323,0.111832,113.710999,0.000210,2.405086,0.000013,1.000000,2.372866,0.000011,1.000000,0.601157,0.601293,0.106749,0.000000,PSF-01031_20251110221131_8f7,PFA-00872,PSA-00872,PSF-01031,RHS-0785,3.0.0,2025-07-31T17:03:34.552Z
15,22:12:58,2025-11-10,FB_Fl_Dark_8k,Fern,,,,,0.004424,0.035069,0.003929,0.037799,1.196192,1.068115,2.079773,0.883581,11.427261,12.797499,22.250523,0.441786,7.500000,PSF-01031_20251110221258_8df,68.238258,321.842896,0.787977,0.000000,0.000000,0.000000,0.5,0.80,1.421142,1.000000,42.39,37.85,23.01,18.07,18.07,93.47,1.2,-16.3,1457.2,5,3.709,22:11:22,2025-11-10,15.52,1,0.000,0.000,0.001,-0.392,-0.400,-0.969,0,150,-9999.000,-9999.000000,0.058905,0.000000,0.029230,0.000000,0.000000,-0.000068,standard,1,rectangular,8000,5,-9999.000000,-9999.000000,55537,55537,55537,0.000000,-9999,0.000000,0.000000,0.000000,0.000000,2.469728,2.419912,0.607253,0.571858,0.295276,-0.054215,0.263643,0.110907,68.238258,0.000213,2.405086,0.000013,1.000000,2.372866,0.000011,1.000000,0.601157,0.601293,0.106749,0.000000,PSF-01031_20251110221258_8df,PFA-00872,PSA-00872,PSF-01031,RHS-0785,3.0.0,2025-07-31T17:03:34.552Z
16,22:13:19,2025-11-10,FB_Fl_Dark_8k,Fern,,,,,0.004677,0.033909,0.004110,0.035257,1.191380,1.067816,1.979481,0.788102,11.424618,12.746631,21.178570,0.441786,7.500000,PSF-01031_20251110221319_61d,98.851921,448.409210,0.779550,0.000000,0.000000,0.000000,0.5,0.80,1.628918,1.000000,42.22,37.85,23.01,17.28,17.28,93.47,1.2,-15.9,1467.9,5,3.707,22:11:22,2025-11-10,15.52,1,0.000,0.001,0.002,0.281,0.706,0.768,0,150,-9999.000,-9999.000000,0.058905,0.000000,0.029230,0.000000,0.000000,-0.000068,standard,1,rectangular,8000,5,-9999.000000,-9999.000000,55537,55537,55537,0.000000,-9999,0.000000,0.000000,0.000000,0.000000,2.469717,2.419658,0.607050,0.572602,0.295292,-0.062676,0.265352,0.111567,98.851921,0.000211,2.405086,0.000013,1.000000,2.372866,0.000011,1.000000,0.601157,0.601293,0.106749,0.000000,PSF-01031_20251110221319_61d,PFA-00872,PSA-00872,PSF-01031,RHS-0785,3.0.0,2025-07-31T17:03:34.552Z
17,22:13:42,2025-11-10,FB_Fl_Dark_8k,Fern,,,,,0.001323,0.033538,0.001273,0.011625,1.110002,1.068771,1.949582,0.839580,11.434961,11.876088,20.858891,0.441786,7.500000,PSF-01031_20251110221342_64f,76.697586,370.077606,0.792753,0.000000,0.000000,0.000000,0.5,0.80,1.787221,1.000000,39.34,37.88,23.01,17.04,17.04,93.47,1.2,-15.7,1469.0,6,3.707,22:11:22,2025-11-10,15.52,1,-0.000,-0.001,-0.001,-0.028,-0.172,0.372,0,150,-9999.000,-9999.000000,0.058905,0.000000,0.029230,0.000000,0.000000,-0.000068,standard,1,rectangular,8000,5,-9999.000000,-9999.000000,55537,55537,55537,0.000000,-9999,0.000000,0.000000,0.000000,0.000000,2.469765,2.415222,0.606986,0.572890,0.295286,-0.065269,0.267303,0.111947,76.697586,0.000214,2.405086,0.000013,1.000000,2.372866,0.000011,1.000000,0.601157,0.601293,0.106749,0.000000,PSF-01031_20251110221342_64f,PFA-00872,PSA-00872,PSF-01031,RHS-0785,3.0.0,2025-07-31T17:03:34.552Z
18,22:14:09,2025-11-10,FB_Fl_Dark_8k,Fern,,,,,0.001273,0.034658,0.001228,0.019816,1.138882,1.070904,2.617082,1.478200,11.458110,12.185443,28.001417,0.441786,7.500000,PSF-01031_20251110221409_796,101.707581,277.753479,0.633821,0.000000,0.000000,0.000000,0.5,0.80,1.476992,1.000000,40.34,37.93,23.02,21.77,21.77,93.46,1.2,-15.8,1428.6,6,3.668,22:11:22,2025-11-10,15.52,1,0.000,-0.000,0.000,0.334,0.405,1.221,0,150,-9999.000,-9999.000000,0.058905,0.000000,0.029230,0.000000,0.000000,-0.000068,standard,1,rectangular,8000,5,-9999.000000,-9999.000000,55537,55537,55537,0.000000,-9999,0.000000,0.000000,0.000000,0.000000,2.469847,2.416774,0.607181,0.572807,0.295190,-0.013256,0.269459,0.112122,101.707581,0.000214,2.405086,0.000013,1.000000,2.372866,0.000011,1.000000,0.601157,0.601293,0.106749,0.000000,PSF-01031_20251110221409_796,PFA-00872,PSA-00872,PSF-01031,RHS-0785,3.0.0,2025-07-31T17:03:34.552Z
19,22:14:27,2025-11-10,FB_Fl_Dark_8k,Fern,,,,,0.001412,0.033962,0.001356,0.019336,1.138453,1.070750,2.445920,1.307467,11.455118,12.179422,26.166990,0.441786,7.500000,PSF-01031_20251110221427_673,101.861000,240.133163,0.575814,0.000000,0.000000,0.000000,0.5,0.80,1.216956,1.000000,40.30,37.90,23.03,20.67,20.67,93.47,1.2,-15.8,1454.2,5,3.704,22:11:22,2025-11-10,15.52,1,-0.000,-0.000,-0.000,-0.045,-0.064,0.090,0,150,-9999.000,-9999.000000,0.058905,0.000000,0.029230,0.000000,0.000000,-0.000068,standard,1,rectangular,8000,5,-9999.000000,-9999.000000,55537,55537,55537,0.000000,-9999,0.000000,0.000000,0.000000,0.000000,2.469801,2.416709,0.607060,0.572843,0.295061,-0.025752,0.270913,0.111622,101.861000,0.000215,2.405086,0.000013,1.000000,2.372866,0.000011,1.000000,0.601157,0.601293,0.106749,0.000000,PSF-01031_20251110221427_673,PFA-00872,PSA-00872,PSF-01031,RHS-0785,3.0.0,2025-07-31T17:03:34.552Z
20,22:15:28,2025-11-10,FB_Fl_Dark_8k,Fern,,,,,0.001226,0.034328,0.001184,0.018476,1.135996,1.072003,2.565435,1.429438,11.469992,12.154699,27.449108,0.441786,7.500000,PSF-01031_20251110221528_c36,77.537300,85.484146,0.092963,0.000000,0.000000,0.000000,0.5,0.80,0.213920,1.000000,40.08,37.82,23.09,21.45,21.45,93.46,1.2,-15.7,1432.9,6,3.703,22:11:22,2025-11-10,15.52,1,-0.000,-0.000,0.000,-0.154,0.081,0.101,0,150,-9999.000,-9999.000000,0.058905,0.000000,0.029230,0.000000,0.000000,-0.000068,standard,1,rectangular,8000,5,-9999.000000,-9999.000000,55537,55537,55537,0.000000,-9999,0.000000,0.000000,0.000000,0.000000,2.469665,2.416355,0.607124,0.572985,0.294387,-0.017707,0.275905,0.112054,77.841637,0.000212,2.405086,0.000013,1.000000,2.372866,0.000011,1.000000,0.601157,0.601293,0.106749,0.000000,PSF-01031_20251110221528_c36,PFA-00872,PSA-00872,PSF-01031,RHS-0785,3.0.0,2025-07-31T17:03:34.552Z
21,22:15:51,2025-11-10,FB_Fl_Dark_8k,Fern,,,,,0.002116,0.035479,0.001997,0.025421,1.156339,1.071170,2.323912,1.167573,11.460744,12.371989,24.864182,0.441786,7.500000,PSF-01031_20251110221551_c7c,70.980194,364.342682,0.805183,0.000000,0.000000,0.000000,0.5,0.80,1.771031,1.000000,40.77,37.77,23.10,19.84,19.84,93.46,1.2,-15.8,1394.0,5,3.702,22:11:22,2025-11-10,15.52,1,0.000,0.000,0.000,-0.042,0.128,0.197,0,150,-9999.000,-9999.000000,0.058905,0.000000,0.029230,0.000000,0.000000,-0.000068,standard,1,rectangular,8000,5,-9999.000000,-9999.000000,55537,55537,55537,0.000000,-9999,0.000000,0.000000,0.000000,0.000000,2.469586,2.417422,0.607325,0.572888,0.294269,-0.035713,0.277707,0.111820,70.980194,0.000212,2.405086,0.000013,1.000000,2.372866,0.000011,1.000000,0.601157,0.601293,0.106749,0.000000,PSF-01031_20251110221551_c7c,PFA-00872,PSA-00872,PSF-01031,RHS-0785,3.0.0,2025-07-31T17:03:34.552Z
22,22:16:14,2025-11-10,FB_Fl_Dark_8k,Fern,,,,,0.001280,0.035423,0.001235,0.019414,1.137162,1.072005,2.576689,1.439527,11.470174,12.167332,27.569891,0.441786,7.500000,PSF-01031_20251110221614_3a8,88.979958,96.764084,0.080444,0.000000,0.000000,0.000000,0.5,0.80,0.170452,1.000000,40.07,37.77,23.11,21.52,21.52,93.46,1.2,-16.0,1413.2,5,3.701,22:11:22,2025-11-10,15.52,1,0.000,0.000,0.000,0.178,-0.130,0.152,0,150,-9999.000,-9999.000000,0.058905,0.000000,0.029230,0.000000,0.000000,-0.000068,standard,1,rectangular,8000,5,-9999.000000,-9999.000000,55537,55537,55537,0.000000,-9999,0.000000,0.000000,0.000000,0.000000,2.469595,2.416343,0.607315,0.572518,0.294155,-0.017130,0.279531,0.111634,88.979958,0.000212,2.405086,0.000013,1.000000,2.372866,0.000011,1.000000,0.601157,0.601293,0.106749,0.000000,PSF-01031_20251110221614_3a8,PFA-00872,PSA-00872,PSF-01031,RHS-0785,3.0.0,2025-07-31T17:03:34.552Z
23,22:16:43,2025-11-10,FB_Fl_Dark_8k,Fern,,,,,0.003049,0.034648,0.002803,0.029903,1.176233,1.073664,2.155589,0.979356,11.488107,12.585588,23.064606,0.441786,7.500000,PSF-01031_20251110221643_c66,74.226738,384.325867,0.806865,0.000000,0.000000,0.000000,0.5,0.80,1.738186,1.000000,41.43,37.81,23.11,18.64,18.64,93.46,1.2,-16.0,1447.7,5,3.700,22:11:22,2025-11-10,15.52,1,0.000,0.000,0.000,0.153,0.257,0.272,0,150,-9999.000,-9999.000000,0.058905,0.000000,0.029230,0.000000,0.000000,-0.000068,standard,1,rectangular,8000,5,-9999.000000,-9999.000000,55537,55537,55537,0.000000,-9999,0.000000,0.000000,0.000000,0.000000,2.469656,2.418431,0.607180,0.572411,0.294071,-0.049166,0.281782,0.111716,74.226738,0.000213,2.405086,0.000013,1.000000,2.372866,0.000011,1.000000,0.601157,0.601293,0.106749,0.000000,PSF-01031_20251110221643_c66,PFA-00872,PSA-00872,PSF-01031,RHS-0785,3.0.0,2025-07-31T17:03:34.552Z
24,22:17:06,2025-11-10,FB_Fl_Dark_8k,Fern,,,,,0.001553,0.032749,0.001482,0.024468,1.163350,1.074532,2.674270,1.510920,11.497052,12.447375,28.613600,0.441786,7.500000,PSF-01031_20251110221706_bd7,103.380203,103.186371,-0.001878,0.000000,0.000000,0.000000,0.5,0.80,-0.003702,1.000000,40.96,37.83,23.12,22.13,22.13,93.46,1.1,-15.9,1511.2,5,3.697,22:11:22,2025-11-10,15.52,1,-0.000,0.000,0.000,-0.016,-0.089,0.180,0,150,-9999.000,-9999.000000,0.058905,0.000000,0.029230,0.000000,0.000000,-0.000068,standard,1,rectangular,8000,5,-9999.000000,-9999.000000,55537,55537,55537,0.000000,-9999,0.000000,0.000000,0.000000,0.000000,2.469679,2.417711,0.606848,0.572707,0.293996,-0.010411,0.283651,0.111293,103.483200,0.000212,2.405086,0.000013,1.000000,2.372866,0.000011,1.000000,0.601157,0.601293,0.106749,0.000000,PSF-01031_20251110221706_bd7,PFA-00872,PSA-00872,PSF-01031,RHS-0785,3.0.0,2025-07-31T17:03:34.552Z
25,22:18:31,2025-11-10,FB_Fl_Dark_8k,Fern,,,,,0.002852,0.035601,0.002641,0.030919,1.178238,1.075028,2.252574,1.074336,11.501807,12.606054,24.100464,0.441786,7.500000,PSF-01031_20251110221831_5ce,78.705666,412.397156,0.809151,0.000000,0.000000,0.000000,0.5,0.80,1.776244,1.000000,41.35,37.73,23.17,19.34,19.34,93.47,1.2,-16.0,1413.6,5,3.696,22:11:22,2025-11-10,15.52,1,0.000,0.000,0.002,0.095,0.124,0.034,0,150,-9999.000,-9999.000000,0.058905,0.000000,0.029230,0.000000,0.000000,-0.000068,standard,1,rectangular,8000,5,-9999.000000,-9999.000000,55537,55537,55537,0.000000,-9999,0.000000,0.000000,0.000000,0.000000,2.469523,2.418311,0.607346,0.572365,0.293391,-0.042100,0.290447,0.111810,78.705666,0.000212,2.405086,0.000013,1.000000,2.372866,0.000011,1.000000,0.601157,0.601293,0.106749,0.000000,PSF-01031_20251110221831_5ce,PFA-00872,PSA-00872,PSF-01031,RHS-0785,3.0.0,2025-07-31T17:03:34.552Z
26,22:18:53,2025-11-10,FB_Fl_Dark_8k,Fern,,,,,0.002256,0.035084,0.002119,0.030408,1.178826,1.075830,2.493329,1.314503,11.511308,12.613364,26.678463,0.441786,7.500000,PSF-01031_20251110221853_eb2,76.289894,92.552658,0.175714,0.000000,0.000000,0.000000,0.5,0.80,0.282918,1.000000,41.37,37.76,23.17,20.98,20.98,93.46,1.2,-15.8,1409.1,4,3.695,22:11:22,2025-11-10,15.52,1,0.000,-0.000,-0.001,-0.395,-0.215,-0.446,0,150,-9999.000,-9999.000000,0.058905,0.000000,0.029230,0.000000,0.000000,-0.000068,standard,1,rectangular,8000,5,-9999.000000,-9999.000000,55537,55537,55537,0.000000,-9999,0.000000,0.000000,0.000000,0.000000,2.469562,2.418340,0.607256,0.572878,0.293382,-0.023900,0.292225,0.110461,76.289894,0.000211,2.405086,0.000013,1.000000,2.372866,0.000011,1.000000,0.601157,0.601293,0.106749,0.000000,PSF-01031_20251110221853_eb2,PFA-00872,PSA-00872,PSF-01031,RHS-0785,3.0.0,2025-07-31T17:03:34.552Z
27,22:19:18,2025-11-10,FB_Fl_Dark_8k,Fern,,,,,0.001354,0.034680,0.001303,0.014172,1.127016,1.078426,2.125912,0.998896,11.539147,12.059061,22.747246,0.441786,7.500000,PSF-01031_20251110221918_d60,99.771736,500.394714,0.800614,0.000000,0.000000,0.000000,0.5,0.80,1.505158,1.000000,39.54,37.84,23.18,18.41,18.41,93.46,1.2,-15.8,1428.8,5,3.694,22:11:22,2025-11-10,15.52,1,0.000,0.000,0.000,0.142,0.096,0.240,0,150,-9999.000,-9999.000000,0.058905,0.000000,0.029230,0.000000,0.000000,-0.000068,standard,1,rectangular,8000,5,-9999.000000,-9999.000000,55537,55537,55537,0.000000,-9999,0.000000,0.000000,0.000000,0.000000,2.469676,2.415518,0.607185,0.572785,0.293315,-0.052313,0.294159,0.111084,99.771736,0.000211,2.405086,0.000013,1.000000,2.372866,0.000011,1.000000,0.601157,0.601293,0.106749,0.000000,PSF-01031_20251110221918_d60,PFA-00872,PSA-00872,PSF-01031,RHS-0785,3.0.0,2025-07-31T17:03:34.552Z
28,22:20:01,2025-11-10,FB_Fl_Dark_8k,Fern,,,,,0.001692,0.030446,0.001603,0.016053,1.139412,1.076705,2.059597,0.920186,11.520368,12.191308,22.036974,0.441786,7.500000,PSF-01031_20251110222001_5ea,107.959625,174.159058,0.380109,0.000000,0.000000,0.000000,0.5,0.80,0.801927,1.000000,39.98,37.78,23.18,17.91,17.91,93.46,1.0,-13.6,1406.7,5,3.693,22:11:22,2025-11-10,15.52,1,-0.000,-0.001,0.000,0.225,0.223,0.306,0,150,-9999.000,-9999.000000,0.058905,0.000000,0.029230,0.000000,0.000000,-0.000068,standard,1,rectangular,8000,5,-9999.000000,-9999.000000,55537,55537,55537,0.000000,-9999,0.000000,0.000000,0.000000,0.000000,2.469590,2.416194,0.606446,0.576651,0.293324,-0.057786,0.297614,0.111613,107.959625,0.000214,2.405086,0.000013,1.000000,2.372866,0.000011,1.000000,0.601157,0.601293,0.106749,0.000000,PSF-01031_20251110222001_5ea,PFA-00872,PSA-00872,PSF-01031,RHS-0785,3.0.0,2025-07-31T17:03:34.552Z
29,22:20:26,2025-11-10,FB_Fl_Dark_8k,Fern,,,,,0.000005,0.033943,0.000005,0.000051,1.078115,1.077935,2.111566,1.033451,11.532999,11.534925,22.591991,0.441786,7.500000,PSF-01031_20251110222026_4ef,83.708885,427.004089,0.803962,0.000000,0.000000,0.000000,0.5,0.80,1.712353,1.000000,37.84,37.83,23.17,18.31,18.31,93.47,1.2,-16.0,1473.1,5,3.690,22:11:22,2025-11-10,15.52,1,-0.000,0.000,0.000,0.208,-0.027,0.091,0,150,-9999.000,-9999.000000,0.058905,0.000000,0.029230,0.000000,0.000000,-0.000068,standard,1,rectangular,8000,5,-9999.000000,-9999.000000,55537,55537,55537,0.000000,-9999,0.000000,0.000000,0.000000,0.000000,2.469670,2.412861,0.607056,0.572466,0.293378,-0.053427,0.299499,0.111660,83.603027,0.000212,2.405086,0.000013,1.000000,2.372866,0.000011,1.000000,0.601157,0.601293,0.106749,0.000000,PSF-01031_20251110222026_4ef,PFA-00872,PSA-00872,PSF-01031,RHS-0785,3.0.0,2025-07-31T17:03:34.552Z
30,22:22:03,2025-11-10,FB_Fl_Dark_8k,Fern,,,,,0.001389,0.035254,0.001336,0.014667,1.129993,1.080522,2.138055,1.008062,11.560681,12.089976,22.875402,0.441786,7.500000,PSF-01031_20251110222203_9e5,31.409382,141.441101,0.777933,0.000000,0.000000,0.000000,0.5,0.80,1.169657,1.000000,39.54,37.81,23.22,18.51,18.51,93.47,1.2,-16.0,1419.2,4,3.689,22:21:50,2025-11-10,15.65,1,-0.000,-0.000,-0.001,0.198,0.270,0.452,0,150,-9999.000,-9999.000000,0.058905,0.000000,0.029230,0.000000,0.000000,-0.000068,standard,1,rectangular,8000,5,-9999.000000,-9999.000000,55537,55537,55537,0.000000,-9999,0.000000,0.000000,0.000000,0.000000,2.469633,2.415313,0.607285,0.572524,0.292809,-0.051815,0.307180,0.110216,31.409382,0.000211,2.405086,0.000013,1.000000,2.372866,0.000011,1.000000,0.601157,0.601293,0.106749,0.000000,PSF-01031_20251110222203_9e5,PFA-00872,PSA-00872,PSF-01031,RHS-0785,3.0.0,2025-07-31T17:03:34.552Z
31,22:22:35,2025-11-10,FB_Fl_Dark_8k,Fern,,,,,0.032673,0.034987,0.016895,0.118204,1.482157,1.081979,2.123429,0.641272,11.576583,15.858267,22.719521,0.441786,7.500000,PSF-01031_20251110222235_f22,73.595520,305.741425,0.759288,0.000000,0.000000,0.000000,0.5,0.80,0.499037,1.000000,51.83,37.84,23.23,18.40,18.40,93.46,1.2,-16.3,1461.7,2,3.688,22:21:50,2025-11-10,15.65,1,0.006,0.013,0.015,0.292,0.236,0.301,0,150,-9999.000,-9999.000000,0.058905,0.000000,0.029230,0.000000,0.000000,-0.000068,standard,1,rectangular,8000,5,-9999.000000,-9999.000000,55537,55537,55537,0.000000,-9999,0.000000,0.000000,0.000000,0.000000,2.469672,2.433643,0.607239,0.571829,0.292689,-0.053125,0.309733,0.108264,73.595520,0.000212,2.405086,0.000013,1.000000,2.372866,0.000011,1.000000,0.601157,0.601293,0.106749,0.000000,PSF-01031_20251110222235_f22,PFA-00872,PSA-00872,PSF-01031,RHS-0785,3.0.0,2025-07-31T17:03:34.552Z
32,22:23:02,2025-11-10,FB_Fl_Dark_8k,Fern,,,,,0.002432,0.034787,0.002273,0.022901,1.160583,1.082330,2.085778,0.925195,11.580306,12.417563,22.316616,0.441786,7.500000,PSF-01031_20251110222302_832,77.256561,358.869202,0.784722,0.000000,0.000000,0.000000,0.5,0.80,1.781775,1.000000,40.61,37.87,23.22,18.11,18.11,93.46,1.2,-16.1,1450.8,6,3.686,22:21:50,2025-11-10,15.65,1,-0.000,-0.000,0.001,0.688,-0.045,0.414,0,150,-9999.000,-9999.000000,0.058905,0.000000,0.029230,0.000000,0.000000,-0.000068,standard,1,rectangular,8000,5,-9999.000000,-9999.000000,55537,55537,55537,0.000000,-9999,0.000000,0.000000,0.000000,0.000000,2.469720,2.416960,0.607204,0.572230,0.292788,-0.056128,0.311811,0.111984,77.256561,0.000214,2.405086,0.000013,1.000000,2.372866,0.000011,1.000000,0.601157,0.601293,0.106749,0.000000,PSF-01031_20251110222302_832,PFA-00872,PSA-00872,PSF-01031,RHS-0785,3.0.0,2025-07-31T17:03:34.552Z
33,22:23:28,2025-11-10,FB_Fl_Dark_8k,Fern,,,,,0.001807,0.035137,0.001718,0.025778,1.170144,1.082949,2.544371,1.374227,11.586956,12.519898,27.223372,0.441786,7.500000,PSF-01031_20251110222328_eaf,70.618271,86.054565,0.179378,0.000000,0.000000,0.000000,0.5,0.80,0.370732,1.000000,40.94,37.89,23.23,21.31,21.31,93.46,1.2,-16.0,1429.8,5,3.685,22:21:50,2025-11-10,15.65,1,-0.000,-0.000,-0.000,-0.205,-0.228,-0.448,0,150,-9999.000,-9999.000000,0.058905,0.000000,0.029230,0.000000,0.000000,-0.000068,standard,1,rectangular,8000,5,-9999.000000,-9999.000000,55537,55537,55537,0.000000,-9999,0.000000,0.000000,0.000000,0.000000,2.469744,2.417466,0.607265,0.572392,0.292761,-0.020806,0.313783,0.111514,70.618271,0.000213,2.405086,0.000013,1.000000,2.372866,0.000011,1.000000,0.601157,0.601293,0.106749,0.000000,PSF-01031_20251110222328_eaf,PFA-00872,PSA-00872,PSF-01031,RHS-0785,3.0.0,2025-07-31T17:03:34.552Z
34,22:23:49,2025-11-10,FB_Fl_Dark_8k,Fern,,,,,0.001897,0.034580,0.001798,0.020229,1.152481,1.082935,2.185031,1.032550,11.586061,12.330116,23.377129,0.441786,7.500000,PSF-01031_20251110222349_b35,103.521820,531.768677,0.805325,0.000000,0.000000,0.000000,0.5,0.80,1.759852,1.000000,40.31,37.88,23.23,18.85,18.85,93.47,1.2,-15.6,1416.2,5,3.685,22:21:50,2025-11-10,15.65,1,0.000,-0.000,0.000,0.205,0.254,0.387,0,150,-9999.000,-9999.000000,0.058905,0.000000,0.029230,0.000000,0.000000,-0.000068,standard,1,rectangular,8000,5,-9999.000000,-9999.000000,55537,55537,55537,0.000000,-9999,0.000000,0.000000,0.000000,0.000000,2.469736,2.416507,0.607168,0.573133,0.292738,-0.048091,0.315435,0.111787,103.521820,0.000214,2.405086,0.000013,1.000000,2.372866,0.000011,1.000000,0.601157,0.601293,0.106749,0.000000,PSF-01031_20251110222349_b35,PFA-00872,PSA-00872,PSF-01031,RHS-0785,3.0.0,2025-07-31T17:03:34.552Z
35,22:24:19,2025-11-10,FB_Fl_Dark_8k,Fern,,,,,0.001161,0.034519,0.001124,0.019275,1.150618,1.084234,2.720856,1.570238,11.600271,12.310517,29.110575,0.441786,7.500000,PSF-01031_20251110222419_f15,68.873405,68.853378,-0.000291,0.000000,0.000000,0.000000,0.5,0.80,-0.000562,1.000000,40.22,37.90,23.24,22.41,22.41,93.47,1.2,-15.8,1436.4,5,3.683,22:21:50,2025-11-10,15.65,1,0.000,0.000,-0.000,0.289,-0.100,0.162,0,150,-9999.000,-9999.000000,0.058905,0.000000,0.029230,0.000000,0.000000,-0.000068,standard,1,rectangular,8000,5,-9999.000000,-9999.000000,55537,55537,55537,0.000000,-9999,0.000000,0.000000,0.000000,0.000000,2.469757,2.416356,0.607157,0.572757,0.292586,-0.008572,0.317708,0.111208,68.873405,0.000215,2.405086,0.000013,1.000000,2.372866,0.000011,1.000000,0.601157,0.601293,0.106749,0.000000,PSF-01031_20251110222419_f15,PFA-00872,PSA-00872,PSF-01031,RHS-0785,3.0.0,2025-07-31T17:03:34.552Z
36,22:24:42,2025-11-10,FB_Fl_Dark_8k,Fern,,,,,0.001557,0.034531,0.001490,0.018825,1.149157,1.084344,2.308234,1.159077,11.601609,12.295055,24.696245,0.441786,7.500000,PSF-01031_20251110222442_1f8,96.364616,411.946533,0.766075,0.000000,0.000000,0.000000,0.5,0.80,1.649601,1.000000,40.14,37.88,23.25,19.73,19.73,93.46,1.2,-15.9,1444.0,5,3.682,22:21:50,2025-11-10,15.65,1,-0.000,0.000,0.000,0.236,0.166,0.385,0,150,-9999.000,-9999.000000,0.058905,0.000000,0.029230,0.000000,0.000000,-0.000068,standard,1,rectangular,8000,5,-9999.000000,-9999.000000,55537,55537,55537,0.000000,-9999,0.000000,0.000000,0.000000,0.000000,2.469732,2.416244,0.607159,0.572585,0.292482,-0.038659,0.319376,0.111714,96.364616,0.000214,2.405086,0.000013,1.000000,2.372866,0.000011,1.000000,0.601157,0.601293,0.106749,0.000000,PSF-01031_20251110222442_1f8,PFA-00872,PSA-00872,PSF-01031,RHS-0785,3.0.0,2025-07-31T17:03:34.552Z
37,22:28:01,2025-11-10,FB_Fl_Dark_8k,Fern,,,,,0.001976,0.033624,0.001866,0.020805,1.155299,1.081742,2.178701,1.023402,11.574442,12.361495,23.311712,0.441786,7.500000,PSF-01031_20251110222801_629,79.508545,417.332397,0.809484,0.000000,0.000000,0.000000,0.5,0.80,1.714446,1.000000,40.34,37.77,23.26,18.81,18.81,93.46,1.2,-15.8,1471.6,5,3.676,22:21:50,2025-11-10,15.65,1,-0.000,-0.000,-0.000,-0.046,-0.371,-0.399,0,150,-9999.000,-9999.000000,0.058905,0.000000,0.029230,0.000000,0.000000,-0.000068,standard,1,rectangular,8000,5,-9999.000000,-9999.000000,55537,55537,55537,0.000000,-9999,0.000000,0.000000,0.000000,0.000000,2.469573,2.416548,0.607001,0.572765,0.292401,-0.048927,0.334728,0.111632,79.508545,0.000214,2.405086,0.000013,1.000000,2.372866,0.000011,1.000000,0.601157,0.601293,0.106749,0.000000,PSF-01031_20251110222801_629,PFA-00872,PSA-00872,PSF-01031,RHS-0785,3.0.0,2025-07-31T17:03:34.552Z
38,22:28:37,2025-11-10,FB_Fl_Dark_8k,Fern,,,,,0.004251,0.034998,0.003791,0.037350,1.206884,1.080095,2.111450,0.904566,11.556455,12.913030,22.591410,0.441786,7.500000,PSF-01031_20251110222837_389,113.111259,224.807022,0.496852,0.000000,0.000000,0.000000,0.5,0.80,1.063482,1.000000,42.24,37.81,23.22,18.31,18.31,93.46,1.2,-16.4,1468.8,5,3.674,22:21:50,2025-11-10,15.65,1,0.000,-0.000,-0.000,0.216,-0.140,0.547,0,150,-9999.000,-9999.000000,0.058905,0.000000,0.029230,0.000000,0.000000,-0.000068,standard,1,rectangular,8000,5,-9999.000000,-9999.000000,55537,55537,55537,0.000000,-9999,0.000000,0.000000,0.000000,0.000000,2.469628,2.419466,0.607241,0.571670,0.292866,-0.053935,0.337422,0.111684,113.111259,0.000212,2.405086,0.000013,1.000000,2.372866,0.000011,1.000000,0.601157,0.601293,0.106749,0.000000,PSF-01031_20251110222837_389,PFA-00872,PSA-00872,PSF-01031,RHS-0785,3.0.0,2025-07-31T17:03:34.552Z
39,22:29:00,2025-11-10,FB_Fl_Dark_8k,Fern,,,,,0.002486,0.033855,0.002316,0.026872,1.172854,1.078520,2.237243,1.064389,11.540435,12.549836,23.939064,0.441786,7.500000,PSF-01031_20251110222900_a4a,100.627899,502.877716,0.799896,0.000000,0.000000,0.000000,0.5,0.80,1.737813,1.000000,41.09,37.78,23.20,19.23,19.23,93.46,1.2,-15.3,1415.2,5,3.674,22:21:50,2025-11-10,15.65,1,-0.000,0.000,-0.000,-0.245,0.067,0.230,0,150,-9999.000,-9999.000000,0.058905,0.000000,0.029230,0.000000,0.000000,-0.000068,standard,1,rectangular,8000,5,-9999.000000,-9999.000000,55537,55537,55537,0.000000,-9999,0.000000,0.000000,0.000000,0.000000,2.469596,2.417701,0.607041,0.573738,0.293031,-0.043656,0.339111,0.111758,100.627899,0.000212,2.405086,0.000013,1.000000,2.372866,0.000011,1.000000,0.601157,0.601293,0.106749,0.000000,PSF-01031_20251110222900_a4a,PFA-00872,PSA-00872,PSF-01031,RHS-0785,3.0.0,2025-07-31T17:03:34.552Z
40,22:29:22,2025-11-10,FB_Fl_Dark_8k,Fern,,,,,0.002541,0.033546,0.002362,0.026960,1.174226,1.078699,2.221717,1.047492,11.541267,12.563334,23.770708,0.441786,7.500000,PSF-01031_20251110222922_93f,112.109184,437.211884,0.743582,0.000000,0.000000,0.000000,0.5,0.80,0.399325,1.000000,41.15,37.80,23.20,19.12,19.12,93.46,1.2,-15.8,1475.5,1,3.672,22:21:50,2025-11-10,15.65,1,-0.000,-0.000,0.000,-0.098,0.047,-0.137,0,150,-9999.000,-9999.000000,0.058905,0.000000,0.029230,0.000000,0.000000,-0.000068,standard,1,rectangular,8000,5,-9999.000000,-9999.000000,55537,55537,55537,0.000000,-9999,0.000000,0.000000,0.000000,0.000000,2.469624,2.417795,0.606987,0.572752,0.293093,-0.044822,0.340687,0.107987,112.109184,0.000212,2.405086,0.000013,1.000000,2.372866,0.000011,1.000000,0.601157,0.601293,0.106749,0.000000,PSF-01031_20251110222922_93f,PFA-00872,PSA-00872,PSF-01031,RHS-0785,3.0.0,2025-07-31T17:03:34.552Z
41,22:29:46,2025-11-10,FB_Fl_Dark_8k,Fern,,,,,0.002697,0.034856,0.002503,0.026276,1.168106,1.078508,2.131834,0.963727,11.539198,12.497825,22.808958,0.441786,7.500000,PSF-01031_20251110222946_564,97.242592,448.067657,0.782973,0.000000,0.000000,0.000000,0.5,0.80,0.799647,1.000000,40.95,37.81,23.19,18.46,18.46,93.46,1.2,-15.5,1397.5,3,3.672,22:21:50,2025-11-10,15.65,1,0.000,0.001,0.001,-0.041,0.042,0.021,0,150,-9999.000,-9999.000000,0.058905,0.000000,0.029230,0.000000,0.000000,-0.000068,standard,1,rectangular,8000,5,-9999.000000,-9999.000000,55537,55537,55537,0.000000,-9999,0.000000,0.000000,0.000000,0.000000,2.469635,2.417489,0.607216,0.573308,0.293163,-0.051978,0.342430,0.109104,97.432854,0.000213,2.405086,0.000013,1.000000,2.372866,0.000011,1.000000,0.601157,0.601293,0.106749,0.000000,PSF-01031_20251110222946_564,PFA-00872,PSA-00872,PSF-01031,RHS-0785,3.0.0,2025-07-31T17:03:34.552Z
42,22:30:14,2025-11-10,FB_Fl_Dark_8k,Fern,,,,,0.001855,0.038887,0.001770,0.022103,1.145082,1.077532,2.290492,1.145410,11.529401,12.252177,24.507858,0.441786,7.500000,PSF-01031_20251110223014_37d,117.146370,500.092499,0.765751,0.000000,0.000000,0.000000,0.5,0.80,1.648309,1.000000,40.15,37.79,23.19,19.61,19.61,93.46,1.3,-17.2,1387.5,5,3.671,22:21:50,2025-11-10,15.65,1,-0.000,-0.000,0.000,0.161,0.139,0.470,0,150,-9999.000,-9999.000000,0.058905,0.000000,0.029230,0.000000,0.000000,-0.000068,standard,1,rectangular,8000,5,-9999.000000,-9999.000000,55537,55537,55537,0.000000,-9999,0.000000,0.000000,0.000000,0.000000,2.469601,2.416265,0.607921,0.570340,0.293219,-0.039311,0.344515,0.111712,117.146370,0.000215,2.405086,0.000013,1.000000,2.372866,0.000011,1.000000,0.601157,0.601293,0.106749,0.000000,PSF-01031_20251110223014_37d,PFA-00872,PSA-00872,PSF-01031,RHS-0785,3.0.0,2025-07-31T17:03:34.552Z
43,22:30:38,2025-11-10,FB_Fl_Dark_8k,Fern,,,,,0.002009,0.034025,0.001897,0.029923,1.182296,1.077786,2.626446,1.444150,11.532485,12.650758,28.103405,0.441786,7.500000,PSF-01031_20251110223038_62c,61.284542,323.800568,0.810734,0.000000,0.000000,0.000000,0.5,0.80,1.810655,1.000000,41.44,37.78,23.19,21.83,21.83,93.46,1.2,-15.9,1460.9,6,3.633,22:21:50,2025-11-10,15.65,1,-0.000,0.000,0.001,0.076,0.047,0.269,0,150,-9999.000,-9999.000000,0.058905,0.000000,0.029230,0.000000,0.000000,-0.000068,standard,1,rectangular,8000,5,-9999.000000,-9999.000000,55537,55537,55537,0.000000,-9999,0.000000,0.000000,0.000000,0.000000,2.469592,2.418246,0.607071,0.572651,0.293144,-0.014590,0.346283,0.111898,61.284542,0.000215,2.405086,0.000013,1.000000,2.372866,0.000011,1.000000,0.601157,0.601293,0.106749,0.000000,PSF-01031_20251110223038_62c,PFA-00872,PSA-00872,PSF-01031,RHS-0785,3.0.0,2025-07-31T17:03:34.552Z
44,22:31:04,2025-11-10,FB_Fl_Dark_8k,Fern,,,,,0.000702,0.037291,0.000689,0.008653,1.104972,1.077380,2.257024,1.152052,11.527588,11.822817,24.149372,0.441786,7.500000,PSF-01031_20251110223104_7e9,122.402786,515.106445,0.762374,0.000000,0.000000,0.000000,0.5,0.80,1.658778,1.000000,38.72,37.76,23.20,19.37,19.37,93.46,1.3,-17.0,1431.9,5,3.667,22:21:50,2025-11-10,15.65,1,-0.000,-0.000,-0.000,0.103,-0.018,0.398,0,150,-9999.000,-9999.000000,0.058905,0.000000,0.029230,0.000000,0.000000,-0.000068,standard,1,rectangular,8000,5,-9999.000000,-9999.000000,55537,55537,55537,0.000000,-9999,0.000000,0.000000,0.000000,0.000000,2.469560,2.414045,0.607642,0.570586,0.293106,-0.042028,0.348184,0.111766,122.402786,0.000212,2.405086,0.000013,1.000000,2.372866,0.000011,1.000000,0.601157,0.601293,0.106749,0.000000,PSF-01031_20251110223104_7e9,PFA-00872,PSA-00872,PSF-01031,RHS-0785,3.0.0,2025-07-31T17:03:34.552Z
45,22:33:04,2025-11-10,FB_Fl_Dark_8k,Fern,,,,,0.001180,0.034529,0.001141,0.012811,1.123328,1.079210,2.154360,1.031032,11.547849,12.019929,23.052258,0.441786,7.500000,PSF-01031_20251110223304_42c,84.506393,433.267578,0.804956,0.000000,0.000000,0.000000,0.5,0.80,1.703606,1.000000,39.20,37.66,23.27,18.63,18.63,93.46,1.2,-16.2,1468.9,5,3.665,22:32:56,2025-11-10,14.62,1,0.000,-0.000,-0.001,-0.221,-0.229,0.175,0,150,-9999.000,-9999.000000,0.058905,0.000000,0.029230,0.000000,0.000000,-0.000068,standard,1,rectangular,8000,5,-9999.000000,-9999.000000,55537,55537,55537,0.000000,-9999,0.000000,0.000000,0.000000,0.000000,2.469409,2.416381,0.607159,0.572060,0.292287,-0.051000,0.356983,0.111629,84.509254,0.000212,2.405086,0.000013,1.000000,2.372866,0.000011,1.000000,0.601157,0.601293,0.106749,0.000000,PSF-01031_20251110223304_42c,PFA-00872,PSA-00872,PSF-01031,RHS-0785,3.0.0,2025-07-31T17:03:34.552Z
46,22:33:23,2025-11-10,FB_Fl_Dark_8k,Fern,,,,,0.001291,0.033749,0.001244,0.020399,1.153266,1.081420,2.654715,1.501449,11.572730,12.341590,28.409235,0.441786,7.500000,PSF-01031_20251110223323_0a9,89.298248,88.019730,-0.014525,0.000000,0.000000,0.000000,0.5,0.80,-0.031992,1.000000,40.21,37.71,23.28,22.01,22.01,93.45,1.2,-15.8,1466.2,6,3.665,22:32:56,2025-11-10,14.62,1,-0.000,0.000,0.000,-0.108,-0.260,-0.362,0,150,-9999.000,-9999.000000,0.058905,0.000000,0.029230,0.000000,0.000000,-0.000068,standard,1,rectangular,8000,5,-9999.000000,-9999.000000,55537,55537,55537,0.000000,-9999,0.000000,0.000000,0.000000,0.000000,2.469470,2.417930,0.607023,0.572772,0.292112,-0.013620,0.358364,0.111827,89.298248,0.000214,2.405086,0.000013,1.000000,2.372866,0.000011,1.000000,0.601157,0.601293,0.106749,0.000000,PSF-01031_20251110223323_0a9,PFA-00872,PSA-00872,PSF-01031,RHS-0785,3.0.0,2025-07-31T17:03:34.552Z
47,22:33:42,2025-11-10,FB_Fl_Dark_8k,Fern,,,,,0.001482,0.035548,0.001422,0.015896,1.135209,1.082052,2.161113,1.025903,11.578725,12.147546,23.125437,0.441786,7.500000,PSF-01031_20251110223342_da7,85.714462,460.408325,0.813829,0.000000,0.000000,0.000000,0.5,0.80,1.745110,1.000000,39.57,37.72,23.29,18.68,18.68,93.45,1.2,-16.0,1409.6,5,3.664,22:32:56,2025-11-10,14.62,1,0.000,0.001,0.001,-0.065,0.594,0.983,0,150,-9999.000,-9999.000000,0.058905,0.000000,0.029230,0.000000,0.000000,-0.000068,standard,1,rectangular,8000,5,-9999.000000,-9999.000000,55537,55537,55537,0.000000,-9999,0.000000,0.000000,0.000000,0.000000,2.469485,2.416944,0.607337,0.572495,0.292054,-0.050682,0.359685,0.111693,85.714462,0.000213,2.405086,0.000013,1.000000,2.372866,0.000011,1.000000,0.601157,0.601293,0.106749,0.000000,PSF-01031_20251110223342_da7,PFA-00872,PSA-00872,PSF-01031,RHS-0785,3.0.0,2025-07-31T17:03:34.552Z
48,22:34:01,2025-11-10,FB_Fl_Dark_8k,Fern,,,,,0.001417,0.035409,0.001362,0.016966,1.138705,1.081747,2.281178,1.142472,11.575581,12.185083,24.410479,0.441786,7.500000,PSF-01031_20251110223401_ad7,102.560165,205.647461,0.501282,0.000000,0.000000,0.000000,0.5,0.80,1.098234,1.000000,39.71,37.72,23.28,19.54,19.54,93.45,1.2,-15.7,1392.5,5,3.664,22:32:56,2025-11-10,14.62,1,0.000,0.000,-0.000,0.383,0.124,0.438,0,150,-9999.000,-9999.000000,0.058905,0.000000,0.029230,0.000000,0.000000,-0.000068,standard,1,rectangular,8000,5,-9999.000000,-9999.000000,55537,55537,55537,0.000000,-9999,0.000000,0.000000,0.000000,0.000000,2.469493,2.417158,0.607313,0.572976,0.292135,-0.041092,0.361046,0.111800,102.560165,0.000210,2.405086,0.000013,1.000000,2.372866,0.000011,1.000000,0.601157,0.601293,0.106749,0.000000,PSF-01031_20251110223401_ad7,PFA-00872,PSA-00872,PSF-01031,RHS-0785,3.0.0,2025-07-31T17:03:34.552Z