TreeID,Fv_Fm_dark,date,spp,id,temp,water,week,day
PIEN1,0.79,2025-08-04T07:00:00Z,PIEN,1,ambient,water,3,14
PIEN4,0.81,2025-08-04T07:00:00Z,PIEN,4,ambient,drought,3,14
PIEN9,0.78,2025-08-04T07:00:00Z,PIEN,9,ambient,water,3,14
PIEN14,0.8,2025-08-04T07:00:00Z,PIEN,14,ambient,drought,3,14
PIEN18,0.8,2025-08-04T07:00:00Z,PIEN,18,ambient,water,3,14
PIEN21,0.81,2025-08-04T07:00:00Z,PIEN,21,ambient,drought,3,14
PIEN24,0.79,2025-08-04T07:00:00Z,PIEN,24,ambient,water,3,14
PIEN26,0.81,2025-08-04T07:00:00Z,PIEN,26,ambient,drought,3,14
PIEN27,0.75,2025-08-04T07:00:00Z,PIEN,27,ambient,water,3,14
PIEN28,0.77,2025-08-04T07:00:00Z,PIEN,28,ambient,drought,3,14
PIEN31,0.81,2025-08-04T07:00:00Z,PIEN,31,heatwave,water,3,14
PIEN33,0.8,2025-08-04T07:00:00Z,PIEN,33,heatwave,drought,3,14
PIEN34,0.8,2025-08-04T07:00:00Z,PIEN,34,heatwave,water,3,14
PIEN35,0.79,2025-08-04T07:00:00Z,PIEN,35,heatwave,drought,3,14
PIEN38,0.8,2025-08-04T07:00:00Z,PIEN,38,heatwave,water,3,14
PIEN40,0.79,2025-08-04T07:00:00Z,PIEN,40,heatwave,drought,3,14
PIEN42,0.78,2025-08-04T07:00:00Z,PIEN,42,heatwave,water,3,14
PIEN45,0.81,2025-08-04T07:00:00Z,PIEN,45,heatwave,drought,3,14
PIEN46,0.79,2025-08-04T07:00:00Z,PIEN,46,heatwave,water,3,14
PIEN56,0.79,2025-08-04T07:00:00Z,PIEN,56,heatwave,drought,3,14
PIEN1,0.8,2025-08-11T07:00:00Z,PIEN,1,ambient,water,4,21
PIEN4,0.78,2025-08-11T07:00:00Z,PIEN,4,ambient,drought,4,21
PIEN9,0.76,2025-08-11T07:00:00Z,PIEN,9,ambient,water,4,21
PIEN14,0.77,2025-08-11T07:00:00Z,PIEN,14,ambient,drought,4,21
PIEN18,0.8,2025-08-11T07:00:00Z,PIEN,18,ambient,water,4,21
PIEN21,0.8,2025-08-11T07:00:00Z,PIEN,21,ambient,drought,4,21
PIEN24,0.77,2025-08-11T07:00:00Z,PIEN,24,ambient,water,4,21
PIEN26,0.81,2025-08-11T07:00:00Z,PIEN,26,ambient,drought,4,21
PIEN27,0.78,2025-08-11T07:00:00Z,PIEN,27,ambient,water,4,21
PIEN28,0.78,2025-08-11T07:00:00Z,PIEN,28,ambient,drought,4,21
PIEN31,0.79,2025-08-11T07:00:00Z,PIEN,31,heatwave,water,4,21
PIEN33,0.75,2025-08-11T07:00:00Z,PIEN,33,heatwave,drought,4,21
PIEN34,0.75,2025-08-11T07:00:00Z,PIEN,34,heatwave,water,4,21
PIEN35,0.75,2025-08-11T07:00:00Z,PIEN,35,heatwave,drought,4,21
PIEN38,0.77,2025-08-11T07:00:00Z,PIEN,38,heatwave,water,4,21
PIEN40,0.78,2025-08-11T07:00:00Z,PIEN,40,heatwave,drought,4,21
PIEN42,0.78,2025-08-11T07:00:00Z,PIEN,42,heatwave,water,4,21
PIEN45,0.77,2025-08-11T07:00:00Z,PIEN,45,heatwave,drought,4,21
PIEN46,0.75,2025-08-11T07:00:00Z,PIEN,46,heatwave,water,4,21
PIEN56,0.74,2025-08-11T07:00:00Z,PIEN,56,heatwave,drought,4,21
PIEN1,0.8,2025-08-18T07:00:00Z,PIEN,1,ambient,water,5,28
PIEN4,0.81,2025-08-18T07:00:00Z,PIEN,4,ambient,drought,5,28
PIEN9,0.78,2025-08-18T07:00:00Z,PIEN,9,ambient,water,5,28
PIEN14,0.8,2025-08-18T07:00:00Z,PIEN,14,ambient,drought,5,28
PIEN18,0.8,2025-08-18T07:00:00Z,PIEN,18,ambient,water,5,28
PIEN21,0.79,2025-08-18T07:00:00Z,PIEN,21,ambient,drought,5,28
PIEN24,0.78,2025-08-18T07:00:00Z,PIEN,24,ambient,water,5,28
PIEN26,0.81,2025-08-18T07:00:00Z,PIEN,26,ambient,drought,5,28
PIEN27,0.79,2025-08-18T07:00:00Z,PIEN,27,ambient,water,5,28
PIEN28,0.79,2025-08-18T07:00:00Z,PIEN,28,ambient,drought,5,28
PIEN31,0.79,2025-08-18T07:00:00Z,PIEN,31,heatwave,water,5,28
PIEN33,0.77,2025-08-18T07:00:00Z,PIEN,33,heatwave,drought,5,28
PIEN34,0.76,2025-08-18T07:00:00Z,PIEN,34,heatwave,water,5,28
PIEN35,0.78,2025-08-18T07:00:00Z,PIEN,35,heatwave,drought,5,28
PIEN38,0.79,2025-08-18T07:00:00Z,PIEN,38,heatwave,water,5,28
PIEN40,0.79,2025-08-18T07:00:00Z,PIEN,40,heatwave,drought,5,28
PIEN42,0.8,2025-08-18T07:00:00Z,PIEN,42,heatwave,water,5,28
PIEN45,0.78,2025-08-18T07:00:00Z,PIEN,45,heatwave,drought,5,28
PIEN46,0.77,2025-08-18T07:00:00Z,PIEN,46,heatwave,water,5,28
PIEN56,0.78,2025-08-18T07:00:00Z,PIEN,56,heatwave,drought,5,28
PIEN1,0.81,2025-08-25T07:00:00Z,PIEN,1,ambient,water,6,35
PIEN4,0.79,2025-08-25T07:00:00Z,PIEN,4,ambient,drought,6,35
PIEN9,0.76,2025-08-25T07:00:00Z,PIEN,9,ambient,water,6,35
PIEN14,0.77,2025-08-25T07:00:00Z,PIEN,14,ambient,drought,6,35
PIEN18,0.8,2025-08-25T07:00:00Z,PIEN,18,ambient,water,6,35
PIEN21,0.81,2025-08-25T07:00:00Z,PIEN,21,ambient,drought,6,35
PIEN24,0.78,2025-08-25T07:00:00Z,PIEN,24,ambient,water,6,35
PIEN26,0.81,2025-08-25T07:00:00Z,PIEN,26,ambient,drought,6,35
PIEN27,0.8,2025-08-25T07:00:00Z,PIEN,27,ambient,water,6,35
PIEN28,0.76,2025-08-25T07:00:00Z,PIEN,28,ambient,drought,6,35
PIEN31,0.81,2025-08-25T07:00:00Z,PIEN,31,heatwave,water,6,35
PIEN33,0.73,2025-08-25T07:00:00Z,PIEN,33,heatwave,drought,6,35
PIEN34,0.8,2025-08-25T07:00:00Z,PIEN,34,heatwave,water,6,35
PIEN35,0.78,2025-08-25T07:00:00Z,PIEN,35,heatwave,drought,6,35
PIEN38,0.79,2025-08-25T07:00:00Z,PIEN,38,heatwave,water,6,35
PIEN40,0.78,2025-08-25T07:00:00Z,PIEN,40,heatwave,drought,6,35
PIEN42,0.78,2025-08-25T07:00:00Z,PIEN,42,heatwave,water,6,35
PIEN45,0.77,2025-08-25T07:00:00Z,PIEN,45,heatwave,drought,6,35
PIEN46,0.79,2025-08-25T07:00:00Z,PIEN,46,heatwave,water,6,35
PIEN56,0.8,2025-08-25T07:00:00Z,PIEN,56,heatwave,drought,6,35
PIEN1,0.81,2025-09-01T07:00:00Z,PIEN,1,ambient,water,7,42
PIEN4,0.74,2025-09-01T07:00:00Z,PIEN,4,ambient,drought,7,42
PIEN9,0.78,2025-09-01T07:00:00Z,PIEN,9,ambient,water,7,42
PIEN14,0.8,2025-09-01T07:00:00Z,PIEN,14,ambient,drought,7,42
PIEN18,0.81,2025-09-01T07:00:00Z,PIEN,18,ambient,water,7,42
PIEN21,0.81,2025-09-01T07:00:00Z,PIEN,21,ambient,drought,7,42
PIEN24,0.8,2025-09-01T07:00:00Z,PIEN,24,ambient,water,7,42
PIEN26,0.81,2025-09-01T07:00:00Z,PIEN,26,ambient,drought,7,42
PIEN27,0.79,2025-09-01T07:00:00Z,PIEN,27,ambient,water,7,42
PIEN28,0.77,2025-09-01T07:00:00Z,PIEN,28,ambient,drought,7,42
PIEN31,0.8,2025-09-01T07:00:00Z,PIEN,31,heatwave,water,7,42
PIEN33,0.77,2025-09-01T07:00:00Z,PIEN,33,heatwave,drought,7,42
PIEN34,0.81,2025-09-01T07:00:00Z,PIEN,34,heatwave,water,7,42
PIEN35,0.8,2025-09-01T07:00:00Z,PIEN,35,heatwave,drought,7,42
PIEN38,0.79,2025-09-01T07:00:00Z,PIEN,38,heatwave,water,7,42
PIEN40,0.78,2025-09-01T07:00:00Z,PIEN,40,heatwave,drought,7,42
PIEN42,0.79,2025-09-01T07:00:00Z,PIEN,42,heatwave,water,7,42
PIEN45,0.77,2025-09-01T07:00:00Z,PIEN,45,heatwave,drought,7,42
PIEN46,0.8,2025-09-01T07:00:00Z,PIEN,46,heatwave,water,7,42
PIEN56,0.8,2025-09-01T07:00:00Z,PIEN,56,heatwave,drought,7,42
PIEN1,0.81,2025-09-15T07:00:00Z,PIEN,1,ambient,water,9,56
PIEN4,0.8,2025-09-15T07:00:00Z,PIEN,4,ambient,drought,9,56
PIEN9,0.79,2025-09-15T07:00:00Z,PIEN,9,ambient,water,9,56
PIEN14,0.77,2025-09-15T07:00:00Z,PIEN,14,ambient,drought,9,56
PIEN18,0.81,2025-09-15T07:00:00Z,PIEN,18,ambient,water,9,56
PIEN21,0.79,2025-09-15T07:00:00Z,PIEN,21,ambient,drought,9,56
PIEN24,0.8,2025-09-15T07:00:00Z,PIEN,24,ambient,water,9,56
PIEN26,0.81,2025-09-15T07:00:00Z,PIEN,26,ambient,drought,9,56
PIEN27,0.8,2025-09-15T07:00:00Z,PIEN,27,ambient,water,9,56
PIEN28,0.78,2025-09-15T07:00:00Z,PIEN,28,ambient,drought,9,56
PIEN31,0.81,2025-09-15T07:00:00Z,PIEN,31,heatwave,water,9,56
PIEN33,0.79,2025-09-15T07:00:00Z,PIEN,33,heatwave,drought,9,56
PIEN34,0.81,2025-09-15T07:00:00Z,PIEN,34,heatwave,water,9,56
PIEN35,0.79,2025-09-15T07:00:00Z,PIEN,35,heatwave,drought,9,56
PIEN38,0.78,2025-09-15T07:00:00Z,PIEN,38,heatwave,water,9,56
PIEN40,0.78,2025-09-15T07:00:00Z,PIEN,40,heatwave,drought,9,56
PIEN42,0.8,2025-09-15T07:00:00Z,PIEN,42,heatwave,water,9,56
PIEN45,0.77,2025-09-15T07:00:00Z,PIEN,45,heatwave,drought,9,56
PIEN46,0.79,2025-09-15T07:00:00Z,PIEN,46,heatwave,water,9,56
PIEN56,0.81,2025-09-15T07:00:00Z,PIEN,56,heatwave,drought,9,56
PIEN1,0.81,2025-09-22T07:00:00Z,PIEN,1,ambient,water,10,63
PIEN4,0.78,2025-09-22T07:00:00Z,PIEN,4,ambient,drought,10,63
PIEN9,0.78,2025-09-22T07:00:00Z,PIEN,9,ambient,water,10,63
PIEN14,0.79,2025-09-22T07:00:00Z,PIEN,14,ambient,drought,10,63
PIEN18,0.81,2025-09-22T07:00:00Z,PIEN,18,ambient,water,10,63
PIEN21,0.81,2025-09-22T07:00:00Z,PIEN,21,ambient,drought,10,63
PIEN24,0.81,2025-09-22T07:00:00Z,PIEN,24,ambient,water,10,63
PIEN26,0.78,2025-09-22T07:00:00Z,PIEN,26,ambient,drought,10,63
PIEN27,0.79,2025-09-22T07:00:00Z,PIEN,27,ambient,water,10,63
PIEN28,0.78,2025-09-22T07:00:00Z,PIEN,28,ambient,drought,10,63
PIEN31,0.8,2025-09-22T07:00:00Z,PIEN,31,heatwave,water,10,63
PIEN33,0.76,2025-09-22T07:00:00Z,PIEN,33,heatwave,drought,10,63
PIEN34,0.8,2025-09-22T07:00:00Z,PIEN,34,heatwave,water,10,63
PIEN35,0.79,2025-09-22T07:00:00Z,PIEN,35,heatwave,drought,10,63
PIEN38,0.81,2025-09-22T07:00:00Z,PIEN,38,heatwave,water,10,63
PIEN40,0.75,2025-09-22T07:00:00Z,PIEN,40,heatwave,drought,10,63
PIEN42,0.8,2025-09-22T07:00:00Z,PIEN,42,heatwave,water,10,63
PIEN45,0.76,2025-09-22T07:00:00Z,PIEN,45,heatwave,drought,10,63
PIEN46,0.8,2025-09-22T07:00:00Z,PIEN,46,heatwave,water,10,63
PIEN56,0.79,2025-09-22T07:00:00Z,PIEN,56,heatwave,drought,10,63
PIEN1,0.81,2025-09-29T07:00:00Z,PIEN,1,ambient,water,11,70
PIEN4,0.76,2025-09-29T07:00:00Z,PIEN,4,ambient,drought,11,70
PIEN9,0.79,2025-09-29T07:00:00Z,PIEN,9,ambient,water,11,70
PIEN14,0.8,2025-09-29T07:00:00Z,PIEN,14,ambient,drought,11,70
PIEN18,0.81,2025-09-29T07:00:00Z,PIEN,18,ambient,water,11,70
PIEN21,0.79,2025-09-29T07:00:00Z,PIEN,21,ambient,drought,11,70
PIEN24,0.8,2025-09-29T07:00:00Z,PIEN,24,ambient,water,11,70
PIEN26,0.8,2025-09-29T07:00:00Z,PIEN,26,ambient,drought,11,70
PIEN27,0.79,2025-09-29T07:00:00Z,PIEN,27,ambient,water,11,70
PIEN28,0.76,2025-09-29T07:00:00Z,PIEN,28,ambient,drought,11,70
PIEN31,0.8,2025-09-29T07:00:00Z,PIEN,31,heatwave,water,11,70
PIEN33,0.78,2025-09-29T07:00:00Z,PIEN,33,heatwave,drought,11,70
PIEN34,0.81,2025-09-29T07:00:00Z,PIEN,34,heatwave,water,11,70
PIEN35,0.8,2025-09-29T07:00:00Z,PIEN,35,heatwave,drought,11,70
PIEN38,0.81,2025-09-29T07:00:00Z,PIEN,38,heatwave,water,11,70
PIEN40,0.77,2025-09-29T07:00:00Z,PIEN,40,heatwave,drought,11,70
PIEN42,0.8,2025-09-29T07:00:00Z,PIEN,42,heatwave,water,11,70
PIEN45,0.75,2025-09-29T07:00:00Z,PIEN,45,heatwave,drought,11,70
PIEN46,0.8,2025-09-29T07:00:00Z,PIEN,46,heatwave,water,11,70
PIEN56,0.79,2025-09-29T07:00:00Z,PIEN,56,heatwave,drought,11,70
PIEN1,0.81,2025-10-06T07:00:00Z,PIEN,1,ambient,water,12,77
PIEN4,0.8,2025-10-06T07:00:00Z,PIEN,4,ambient,drought,12,77
PIEN9,0.8,2025-10-06T07:00:00Z,PIEN,9,ambient,water,12,77
PIEN14,0.79,2025-10-06T07:00:00Z,PIEN,14,ambient,drought,12,77
PIEN18,0.81,2025-10-06T07:00:00Z,PIEN,18,ambient,water,12,77
PIEN21,0.78,2025-10-06T07:00:00Z,PIEN,21,ambient,drought,12,77
PIEN24,0.8,2025-10-06T07:00:00Z,PIEN,24,ambient,water,12,77
PIEN26,0.79,2025-10-06T07:00:00Z,PIEN,26,ambient,drought,12,77
PIEN27,0.81,2025-10-06T07:00:00Z,PIEN,27,ambient,water,12,77
PIEN28,0.76,2025-10-06T07:00:00Z,PIEN,28,ambient,drought,12,77
PIEN31,0.8,2025-10-06T07:00:00Z,PIEN,31,heatwave,water,12,77
PIEN33,0.8,2025-10-06T07:00:00Z,PIEN,33,heatwave,drought,12,77
PIEN34,0.81,2025-10-06T07:00:00Z,PIEN,34,heatwave,water,12,77
PIEN35,0.78,2025-10-06T07:00:00Z,PIEN,35,heatwave,drought,12,77
PIEN38,0.8,2025-10-06T07:00:00Z,PIEN,38,heatwave,water,12,77
PIEN40,0.73,2025-10-06T07:00:00Z,PIEN,40,heatwave,drought,12,77
PIEN42,0.8,2025-10-06T07:00:00Z,PIEN,42,heatwave,water,12,77
PIEN45,0.75,2025-10-06T07:00:00Z,PIEN,45,heatwave,drought,12,77
PIEN46,0.81,2025-10-06T07:00:00Z,PIEN,46,heatwave,water,12,77
PIEN56,0.79,2025-10-06T07:00:00Z,PIEN,56,heatwave,drought,12,77
PIEN1,0.81,2025-10-13T07:00:00Z,PIEN,1,ambient,water,13,84
PIEN4,0.79,2025-10-13T07:00:00Z,PIEN,4,ambient,drought,13,84
PIEN9,0.81,2025-10-13T07:00:00Z,PIEN,9,ambient,water,13,84
PIEN14,0.79,2025-10-13T07:00:00Z,PIEN,14,ambient,drought,13,84
PIEN18,0.81,2025-10-13T07:00:00Z,PIEN,18,ambient,water,13,84
PIEN21,0.79,2025-10-13T07:00:00Z,PIEN,21,ambient,drought,13,84
PIEN24,0.8,2025-10-13T07:00:00Z,PIEN,24,ambient,water,13,84
PIEN26,0.76,2025-10-13T07:00:00Z,PIEN,26,ambient,drought,13,84
PIEN27,0.8,2025-10-13T07:00:00Z,PIEN,27,ambient,water,13,84
PIEN28,0.71,2025-10-13T07:00:00Z,PIEN,28,ambient,drought,13,84
PIEN31,0.81,2025-10-13T07:00:00Z,PIEN,31,heatwave,water,13,84
PIEN33,0.76,2025-10-13T07:00:00Z,PIEN,33,heatwave,drought,13,84
PIEN34,0.81,2025-10-13T07:00:00Z,PIEN,34,heatwave,water,13,84
PIEN35,0.75,2025-10-13T07:00:00Z,PIEN,35,heatwave,drought,13,84
PIEN38,0.8,2025-10-13T07:00:00Z,PIEN,38,heatwave,water,13,84
PIEN40,0.58,2025-10-13T07:00:00Z,PIEN,40,heatwave,drought,13,84
PIEN42,0.8,2025-10-13T07:00:00Z,PIEN,42,heatwave,water,13,84
PIEN45,0.69,2025-10-13T07:00:00Z,PIEN,45,heatwave,drought,13,84
PIEN46,0.81,2025-10-13T07:00:00Z,PIEN,46,heatwave,water,13,84
PIEN56,0.8,2025-10-13T07:00:00Z,PIEN,56,heatwave,drought,13,84
PIEN1,0.81,2025-10-20T07:00:00Z,PIEN,1,ambient,water,14,91
PIEN4,0.75,2025-10-20T07:00:00Z,PIEN,4,ambient,drought,14,91
PIEN9,0.8,2025-10-20T07:00:00Z,PIEN,9,ambient,water,14,91
PIEN14,0.76,2025-10-20T07:00:00Z,PIEN,14,ambient,drought,14,91
PIEN18,0.8,2025-10-20T07:00:00Z,PIEN,18,ambient,water,14,91
PIEN21,0.79,2025-10-20T07:00:00Z,PIEN,21,ambient,drought,14,91
PIEN24,0.79,2025-10-20T07:00:00Z,PIEN,24,ambient,water,14,91
PIEN26,0.73,2025-10-20T07:00:00Z,PIEN,26,ambient,drought,14,91
PIEN27,0.8,2025-10-20T07:00:00Z,PIEN,27,ambient,water,14,91
PIEN28,0.42,2025-10-20T07:00:00Z,PIEN,28,ambient,drought,14,91
PIEN31,0.8,2025-10-20T07:00:00Z,PIEN,31,heatwave,water,14,91
PIEN33,0.75,2025-10-20T07:00:00Z,PIEN,33,heatwave,drought,14,91
PIEN34,0.78,2025-10-20T07:00:00Z,PIEN,34,heatwave,water,14,91
PIEN35,0.7,2025-10-20T07:00:00Z,PIEN,35,heatwave,drought,14,91
PIEN38,0.8,2025-10-20T07:00:00Z,PIEN,38,heatwave,water,14,91
PIEN40,0.3,2025-10-20T07:00:00Z,PIEN,40,heatwave,drought,14,91
PIEN42,0.79,2025-10-20T07:00:00Z,PIEN,42,heatwave,water,14,91
PIEN45,0.69,2025-10-20T07:00:00Z,PIEN,45,heatwave,drought,14,91
PIEN46,0.81,2025-10-20T07:00:00Z,PIEN,46,heatwave,water,14,91
PIEN56,0.78,2025-10-20T07:00:00Z,PIEN,56,heatwave,drought,14,91
PIEN1,0.81,2025-10-27T07:00:00Z,PIEN,1,ambient,water,15,98
PIEN4,0.75,2025-10-27T07:00:00Z,PIEN,4,ambient,drought,15,98
PIEN9,0.8,2025-10-27T07:00:00Z,PIEN,9,ambient,water,15,98
PIEN14,0.75,2025-10-27T07:00:00Z,PIEN,14,ambient,drought,15,98
PIEN18,0.81,2025-10-27T07:00:00Z,PIEN,18,ambient,water,15,98
PIEN21,0.71,2025-10-27T07:00:00Z,PIEN,21,ambient,drought,15,98
PIEN24,0.79,2025-10-27T07:00:00Z,PIEN,24,ambient,water,15,98
PIEN26,0.64,2025-10-27T07:00:00Z,PIEN,26,ambient,drought,15,98
PIEN27,0.79,2025-10-27T07:00:00Z,PIEN,27,ambient,water,15,98
PIEN28,0.21,2025-10-27T07:00:00Z,PIEN,28,ambient,drought,15,98
PIEN31,0.8,2025-10-27T07:00:00Z,PIEN,31,heatwave,water,15,98
PIEN33,0.75,2025-10-27T07:00:00Z,PIEN,33,heatwave,drought,15,98
PIEN34,0.81,2025-10-27T07:00:00Z,PIEN,34,heatwave,water,15,98
PIEN35,0.09,2025-10-27T07:00:00Z,PIEN,35,heatwave,drought,15,98
PIEN38,0.8,2025-10-27T07:00:00Z,PIEN,38,heatwave,water,15,98
PIEN40,0.08,2025-10-27T07:00:00Z,PIEN,40,heatwave,drought,15,98
PIEN42,0.81,2025-10-27T07:00:00Z,PIEN,42,heatwave,water,15,98
PIEN45,0.06,2025-10-27T07:00:00Z,PIEN,45,heatwave,drought,15,98
PIEN46,0.81,2025-10-27T07:00:00Z,PIEN,46,heatwave,water,15,98
PIEN56,0.76,2025-10-27T07:00:00Z,PIEN,56,heatwave,drought,15,98
PIEN1,0.81,2025-11-03T07:00:00Z,PIEN,1,ambient,water,16,105
PIEN4,0.49,2025-11-03T07:00:00Z,PIEN,4,ambient,drought,16,105
PIEN9,0.8,2025-11-03T07:00:00Z,PIEN,9,ambient,water,16,105
PIEN14,0.63,2025-11-03T07:00:00Z,PIEN,14,ambient,drought,16,105
PIEN18,0.81,2025-11-03T07:00:00Z,PIEN,18,ambient,water,16,105
PIEN21,0.39,2025-11-03T07:00:00Z,PIEN,21,ambient,drought,16,105
PIEN24,0.81,2025-11-03T07:00:00Z,PIEN,24,ambient,water,16,105
PIEN26,0.24,2025-11-03T07:00:00Z,PIEN,26,ambient,drought,16,105
PIEN27,0.79,2025-11-03T07:00:00Z,PIEN,27,ambient,water,16,105
PIEN28,0.04,2025-11-03T07:00:00Z,PIEN,28,ambient,drought,16,105
PIEN31,0.8,2025-11-03T07:00:00Z,PIEN,31,heatwave,water,16,105
PIEN33,0.54,2025-11-03T07:00:00Z,PIEN,33,heatwave,drought,16,105
PIEN34,0.8,2025-11-03T07:00:00Z,PIEN,34,heatwave,water,16,105
PIEN35,0.01,2025-11-03T07:00:00Z,PIEN,35,heatwave,drought,16,105
PIEN38,0.78,2025-11-03T07:00:00Z,PIEN,38,heatwave,water,16,105
PIEN40,0,2025-11-03T07:00:00Z,PIEN,40,heatwave,drought,16,105
PIEN42,0.8,2025-11-03T07:00:00Z,PIEN,42,heatwave,water,16,105
PIEN45,0.09,2025-11-03T07:00:00Z,PIEN,45,heatwave,drought,16,105
PIEN46,0.81,2025-11-03T07:00:00Z,PIEN,46,heatwave,water,16,105
PIEN56,0.76,2025-11-03T07:00:00Z,PIEN,56,heatwave,drought,16,105
PIEN1,0.81,2025-11-10T07:00:00Z,PIEN,1,ambient,water,17,112
PIEN4,0.18,2025-11-10T07:00:00Z,PIEN,4,ambient,drought,17,112
PIEN9,0.8,2025-11-10T07:00:00Z,PIEN,9,ambient,water,17,112
PIEN14,0.38,2025-11-10T07:00:00Z,PIEN,14,ambient,drought,17,112
PIEN18,0.8,2025-11-10T07:00:00Z,PIEN,18,ambient,water,17,112
PIEN21,0.09,2025-11-10T07:00:00Z,PIEN,21,ambient,drought,17,112
PIEN24,0.81,2025-11-10T07:00:00Z,PIEN,24,ambient,water,17,112
PIEN26,0.08,2025-11-10T07:00:00Z,PIEN,26,ambient,drought,17,112
PIEN27,0.81,2025-11-10T07:00:00Z,PIEN,27,ambient,water,17,112
PIEN28,0,2025-11-10T07:00:00Z,PIEN,28,ambient,drought,17,112
PIEN31,0.78,2025-11-10T07:00:00Z,PIEN,31,heatwave,water,17,112
PIEN33,0.18,2025-11-10T07:00:00Z,PIEN,33,heatwave,drought,17,112
PIEN34,0.81,2025-11-10T07:00:00Z,PIEN,34,heatwave,water,17,112
PIEN35,0,2025-11-10T07:00:00Z,PIEN,35,heatwave,drought,17,112
PIEN38,0.77,2025-11-10T07:00:00Z,PIEN,38,heatwave,water,17,112
PIEN40,NA,2025-11-10T07:00:00Z,PIEN,40,heatwave,drought,17,112
PIEN42,0.8,2025-11-10T07:00:00Z,PIEN,42,heatwave,water,17,112
PIEN45,0,2025-11-10T07:00:00Z,PIEN,45,heatwave,drought,17,112
PIEN46,0.81,2025-11-10T07:00:00Z,PIEN,46,heatwave,water,17,112
PIEN56,0.5,2025-11-10T07:00:00Z,PIEN,56,heatwave,drought,17,112
PIFL1,0.82,2025-08-04T07:00:00Z,PIFL,1,ambient,water,3,14
PIFL3,0.81,2025-08-04T07:00:00Z,PIFL,3,ambient,drought,3,14
PIFL9,0.81,2025-08-04T07:00:00Z,PIFL,9,ambient,water,3,14
PIFL10,0.81,2025-08-04T07:00:00Z,PIFL,10,ambient,drought,3,14
PIFL12,0.81,2025-08-04T07:00:00Z,PIFL,12,ambient,water,3,14
PIFL17,0.83,2025-08-04T07:00:00Z,PIFL,17,ambient,drought,3,14
PIFL21,0.8,2025-08-04T07:00:00Z,PIFL,21,ambient,water,3,14
PIFL27,0.82,2025-08-04T07:00:00Z,PIFL,27,ambient,drought,3,14
PIFL28,0.82,2025-08-04T07:00:00Z,PIFL,28,ambient,water,3,14
PIFL29,0.81,2025-08-04T07:00:00Z,PIFL,29,ambient,drought,3,14
PIFL36,0.81,2025-08-04T07:00:00Z,PIFL,36,heatwave,water,3,14
PIFL40,0.81,2025-08-04T07:00:00Z,PIFL,40,heatwave,drought,3,14
PIFL41,0.8,2025-08-04T07:00:00Z,PIFL,41,heatwave,water,3,14
PIFL43,0.79,2025-08-04T07:00:00Z,PIFL,43,heatwave,drought,3,14
PIFL46,0.81,2025-08-04T07:00:00Z,PIFL,46,heatwave,water,3,14
PIFL47,0.81,2025-08-04T07:00:00Z,PIFL,47,heatwave,drought,3,14
PIFL52,0.82,2025-08-04T07:00:00Z,PIFL,52,heatwave,water,3,14
PIFL54,0.83,2025-08-04T07:00:00Z,PIFL,54,heatwave,drought,3,14
PIFL55,0.82,2025-08-04T07:00:00Z,PIFL,55,heatwave,water,3,14
PIFL57,0.82,2025-08-04T07:00:00Z,PIFL,57,heatwave,drought,3,14
PIFL1,0.8,2025-08-11T07:00:00Z,PIFL,1,ambient,water,4,21
PIFL3,0.81,2025-08-11T07:00:00Z,PIFL,3,ambient,drought,4,21
PIFL9,0.81,2025-08-11T07:00:00Z,PIFL,9,ambient,water,4,21
PIFL10,0.81,2025-08-11T07:00:00Z,PIFL,10,ambient,drought,4,21
PIFL12,0.79,2025-08-11T07:00:00Z,PIFL,12,ambient,water,4,21
PIFL17,0.81,2025-08-11T07:00:00Z,PIFL,17,ambient,drought,4,21
PIFL21,0.79,2025-08-11T07:00:00Z,PIFL,21,ambient,water,4,21
PIFL27,0.8,2025-08-11T07:00:00Z,PIFL,27,ambient,drought,4,21
PIFL28,0.8,2025-08-11T07:00:00Z,PIFL,28,ambient,water,4,21
PIFL29,0.8,2025-08-11T07:00:00Z,PIFL,29,ambient,drought,4,21
PIFL36,0.8,2025-08-11T07:00:00Z,PIFL,36,heatwave,water,4,21
PIFL40,0.81,2025-08-11T07:00:00Z,PIFL,40,heatwave,drought,4,21
PIFL41,0.79,2025-08-11T07:00:00Z,PIFL,41,heatwave,water,4,21
PIFL43,0.78,2025-08-11T07:00:00Z,PIFL,43,heatwave,drought,4,21
PIFL46,0.8,2025-08-11T07:00:00Z,PIFL,46,heatwave,water,4,21
PIFL47,0.74,2025-08-11T07:00:00Z,PIFL,47,heatwave,drought,4,21
PIFL52,0.8,2025-08-11T07:00:00Z,PIFL,52,heatwave,water,4,21
PIFL54,0.8,2025-08-11T07:00:00Z,PIFL,54,heatwave,drought,4,21
PIFL55,0.81,2025-08-11T07:00:00Z,PIFL,55,heatwave,water,4,21
PIFL57,0.81,2025-08-11T07:00:00Z,PIFL,57,heatwave,drought,4,21
PIFL1,0.8,2025-08-18T07:00:00Z,PIFL,1,ambient,water,5,28
PIFL3,0.81,2025-08-18T07:00:00Z,PIFL,3,ambient,drought,5,28
PIFL9,0.79,2025-08-18T07:00:00Z,PIFL,9,ambient,water,5,28
PIFL10,0.81,2025-08-18T07:00:00Z,PIFL,10,ambient,drought,5,28
PIFL12,0.79,2025-08-18T07:00:00Z,PIFL,12,ambient,water,5,28
PIFL17,0.81,2025-08-18T07:00:00Z,PIFL,17,ambient,drought,5,28
PIFL21,0.79,2025-08-18T07:00:00Z,PIFL,21,ambient,water,5,28
PIFL27,0.8,2025-08-18T07:00:00Z,PIFL,27,ambient,drought,5,28
PIFL28,0.81,2025-08-18T07:00:00Z,PIFL,28,ambient,water,5,28
PIFL29,0.8,2025-08-18T07:00:00Z,PIFL,29,ambient,drought,5,28
PIFL36,0.8,2025-08-18T07:00:00Z,PIFL,36,heatwave,water,5,28
PIFL40,0.8,2025-08-18T07:00:00Z,PIFL,40,heatwave,drought,5,28
PIFL41,0.79,2025-08-18T07:00:00Z,PIFL,41,heatwave,water,5,28
PIFL43,0.8,2025-08-18T07:00:00Z,PIFL,43,heatwave,drought,5,28
PIFL46,0.81,2025-08-18T07:00:00Z,PIFL,46,heatwave,water,5,28
PIFL47,0.69,2025-08-18T07:00:00Z,PIFL,47,heatwave,drought,5,28
PIFL52,0.8,2025-08-18T07:00:00Z,PIFL,52,heatwave,water,5,28
PIFL54,0.81,2025-08-18T07:00:00Z,PIFL,54,heatwave,drought,5,28
PIFL55,0.81,2025-08-18T07:00:00Z,PIFL,55,heatwave,water,5,28
PIFL57,0.81,2025-08-18T07:00:00Z,PIFL,57,heatwave,drought,5,28
PIFL1,0.8,2025-08-25T07:00:00Z,PIFL,1,ambient,water,6,35
PIFL3,0.81,2025-08-25T07:00:00Z,PIFL,3,ambient,drought,6,35
PIFL9,0.81,2025-08-25T07:00:00Z,PIFL,9,ambient,water,6,35
PIFL10,0.81,2025-08-25T07:00:00Z,PIFL,10,ambient,drought,6,35
PIFL12,0.81,2025-08-25T07:00:00Z,PIFL,12,ambient,water,6,35
PIFL17,0.81,2025-08-25T07:00:00Z,PIFL,17,ambient,drought,6,35
PIFL21,0.79,2025-08-25T07:00:00Z,PIFL,21,ambient,water,6,35
PIFL27,0.8,2025-08-25T07:00:00Z,PIFL,27,ambient,drought,6,35
PIFL28,0.81,2025-08-25T07:00:00Z,PIFL,28,ambient,water,6,35
PIFL29,0.8,2025-08-25T07:00:00Z,PIFL,29,ambient,drought,6,35
PIFL36,0.81,2025-08-25T07:00:00Z,PIFL,36,heatwave,water,6,35
PIFL40,0.8,2025-08-25T07:00:00Z,PIFL,40,heatwave,drought,6,35
PIFL41,0.8,2025-08-25T07:00:00Z,PIFL,41,heatwave,water,6,35
PIFL43,0.81,2025-08-25T07:00:00Z,PIFL,43,heatwave,drought,6,35
PIFL46,0.81,2025-08-25T07:00:00Z,PIFL,46,heatwave,water,6,35
PIFL47,0.8,2025-08-25T07:00:00Z,PIFL,47,heatwave,drought,6,35
PIFL52,0.8,2025-08-25T07:00:00Z,PIFL,52,heatwave,water,6,35
PIFL54,0.81,2025-08-25T07:00:00Z,PIFL,54,heatwave,drought,6,35
PIFL55,0.81,2025-08-25T07:00:00Z,PIFL,55,heatwave,water,6,35
PIFL57,0.81,2025-08-25T07:00:00Z,PIFL,57,heatwave,drought,6,35
PIFL1,0.8,2025-09-01T07:00:00Z,PIFL,1,ambient,water,7,42
PIFL3,0.8,2025-09-01T07:00:00Z,PIFL,3,ambient,drought,7,42
PIFL9,0.81,2025-09-01T07:00:00Z,PIFL,9,ambient,water,7,42
PIFL10,0.8,2025-09-01T07:00:00Z,PIFL,10,ambient,drought,7,42
PIFL12,0.8,2025-09-01T07:00:00Z,PIFL,12,ambient,water,7,42
PIFL17,0.81,2025-09-01T07:00:00Z,PIFL,17,ambient,drought,7,42
PIFL21,0.79,2025-09-01T07:00:00Z,PIFL,21,ambient,water,7,42
PIFL27,0.81,2025-09-01T07:00:00Z,PIFL,27,ambient,drought,7,42
PIFL28,0.8,2025-09-01T07:00:00Z,PIFL,28,ambient,water,7,42
PIFL29,0.8,2025-09-01T07:00:00Z,PIFL,29,ambient,drought,7,42
PIFL36,0.8,2025-09-01T07:00:00Z,PIFL,36,heatwave,water,7,42
PIFL40,0.8,2025-09-01T07:00:00Z,PIFL,40,heatwave,drought,7,42
PIFL41,0.81,2025-09-01T07:00:00Z,PIFL,41,heatwave,water,7,42
PIFL43,0.81,2025-09-01T07:00:00Z,PIFL,43,heatwave,drought,7,42
PIFL46,0.81,2025-09-01T07:00:00Z,PIFL,46,heatwave,water,7,42
PIFL47,0.74,2025-09-01T07:00:00Z,PIFL,47,heatwave,drought,7,42
PIFL52,0.81,2025-09-01T07:00:00Z,PIFL,52,heatwave,water,7,42
PIFL54,0.81,2025-09-01T07:00:00Z,PIFL,54,heatwave,drought,7,42
PIFL55,0.82,2025-09-01T07:00:00Z,PIFL,55,heatwave,water,7,42
PIFL57,0.81,2025-09-01T07:00:00Z,PIFL,57,heatwave,drought,7,42
PIFL1,0.81,2025-09-15T07:00:00Z,PIFL,1,ambient,water,9,56
PIFL3,0.8,2025-09-15T07:00:00Z,PIFL,3,ambient,drought,9,56
PIFL9,0.8,2025-09-15T07:00:00Z,PIFL,9,ambient,water,9,56
PIFL10,0.8,2025-09-15T07:00:00Z,PIFL,10,ambient,drought,9,56
PIFL12,0.78,2025-09-15T07:00:00Z,PIFL,12,ambient,water,9,56
PIFL17,0.8,2025-09-15T07:00:00Z,PIFL,17,ambient,drought,9,56
PIFL21,0.79,2025-09-15T07:00:00Z,PIFL,21,ambient,water,9,56
PIFL27,0.81,2025-09-15T07:00:00Z,PIFL,27,ambient,drought,9,56
PIFL28,0.81,2025-09-15T07:00:00Z,PIFL,28,ambient,water,9,56
PIFL29,0.81,2025-09-15T07:00:00Z,PIFL,29,ambient,drought,9,56
PIFL36,0.8,2025-09-15T07:00:00Z,PIFL,36,heatwave,water,9,56
PIFL40,0.8,2025-09-15T07:00:00Z,PIFL,40,heatwave,drought,9,56
PIFL41,0.81,2025-09-15T07:00:00Z,PIFL,41,heatwave,water,9,56
PIFL43,0.8,2025-09-15T07:00:00Z,PIFL,43,heatwave,drought,9,56
PIFL46,0.81,2025-09-15T07:00:00Z,PIFL,46,heatwave,water,9,56
PIFL47,0.7,2025-09-15T07:00:00Z,PIFL,47,heatwave,drought,9,56
PIFL52,0.8,2025-09-15T07:00:00Z,PIFL,52,heatwave,water,9,56
PIFL54,0.81,2025-09-15T07:00:00Z,PIFL,54,heatwave,drought,9,56
PIFL55,0.81,2025-09-15T07:00:00Z,PIFL,55,heatwave,water,9,56
PIFL57,0.79,2025-09-15T07:00:00Z,PIFL,57,heatwave,drought,9,56
PIFL1,0.8,2025-09-22T07:00:00Z,PIFL,1,ambient,water,10,63
PIFL3,0.8,2025-09-22T07:00:00Z,PIFL,3,ambient,drought,10,63
PIFL9,0.81,2025-09-22T07:00:00Z,PIFL,9,ambient,water,10,63
PIFL10,0.8,2025-09-22T07:00:00Z,PIFL,10,ambient,drought,10,63
PIFL12,0.79,2025-09-22T07:00:00Z,PIFL,12,ambient,water,10,63
PIFL17,0.81,2025-09-22T07:00:00Z,PIFL,17,ambient,drought,10,63
PIFL21,0.79,2025-09-22T07:00:00Z,PIFL,21,ambient,water,10,63
PIFL27,0.8,2025-09-22T07:00:00Z,PIFL,27,ambient,drought,10,63
PIFL28,0.81,2025-09-22T07:00:00Z,PIFL,28,ambient,water,10,63
PIFL29,0.8,2025-09-22T07:00:00Z,PIFL,29,ambient,drought,10,63
PIFL36,0.8,2025-09-22T07:00:00Z,PIFL,36,heatwave,water,10,63
PIFL40,0.78,2025-09-22T07:00:00Z,PIFL,40,heatwave,drought,10,63
PIFL41,0.8,2025-09-22T07:00:00Z,PIFL,41,heatwave,water,10,63
PIFL43,0.8,2025-09-22T07:00:00Z,PIFL,43,heatwave,drought,10,63
PIFL46,0.81,2025-09-22T07:00:00Z,PIFL,46,heatwave,water,10,63
PIFL47,0.73,2025-09-22T07:00:00Z,PIFL,47,heatwave,drought,10,63
PIFL52,0.8,2025-09-22T07:00:00Z,PIFL,52,heatwave,water,10,63
PIFL54,0.81,2025-09-22T07:00:00Z,PIFL,54,heatwave,drought,10,63
PIFL55,0.82,2025-09-22T07:00:00Z,PIFL,55,heatwave,water,10,63
PIFL57,0.8,2025-09-22T07:00:00Z,PIFL,57,heatwave,drought,10,63
PIFL1,0.8,2025-09-29T07:00:00Z,PIFL,1,ambient,water,11,70
PIFL3,0.8,2025-09-29T07:00:00Z,PIFL,3,ambient,drought,11,70
PIFL9,0.8,2025-09-29T07:00:00Z,PIFL,9,ambient,water,11,70
PIFL10,0.79,2025-09-29T07:00:00Z,PIFL,10,ambient,drought,11,70
PIFL12,0.8,2025-09-29T07:00:00Z,PIFL,12,ambient,water,11,70
PIFL17,0.81,2025-09-29T07:00:00Z,PIFL,17,ambient,drought,11,70
PIFL21,0.79,2025-09-29T07:00:00Z,PIFL,21,ambient,water,11,70
PIFL27,0.81,2025-09-29T07:00:00Z,PIFL,27,ambient,drought,11,70
PIFL28,0.78,2025-09-29T07:00:00Z,PIFL,28,ambient,water,11,70
PIFL29,0.8,2025-09-29T07:00:00Z,PIFL,29,ambient,drought,11,70
PIFL36,0.8,2025-09-29T07:00:00Z,PIFL,36,heatwave,water,11,70
PIFL40,0.79,2025-09-29T07:00:00Z,PIFL,40,heatwave,drought,11,70
PIFL41,0.81,2025-09-29T07:00:00Z,PIFL,41,heatwave,water,11,70
PIFL43,0.8,2025-09-29T07:00:00Z,PIFL,43,heatwave,drought,11,70
PIFL46,0.79,2025-09-29T07:00:00Z,PIFL,46,heatwave,water,11,70
PIFL47,0.8,2025-09-29T07:00:00Z,PIFL,47,heatwave,drought,11,70
PIFL52,0.8,2025-09-29T07:00:00Z,PIFL,52,heatwave,water,11,70
PIFL54,0.8,2025-09-29T07:00:00Z,PIFL,54,heatwave,drought,11,70
PIFL55,0.82,2025-09-29T07:00:00Z,PIFL,55,heatwave,water,11,70
PIFL57,0.8,2025-09-29T07:00:00Z,PIFL,57,heatwave,drought,11,70
PIFL1,0.81,2025-10-06T07:00:00Z,PIFL,1,ambient,water,12,77
PIFL3,0.8,2025-10-06T07:00:00Z,PIFL,3,ambient,drought,12,77
PIFL9,0.79,2025-10-06T07:00:00Z,PIFL,9,ambient,water,12,77
PIFL10,0.79,2025-10-06T07:00:00Z,PIFL,10,ambient,drought,12,77
PIFL12,0.79,2025-10-06T07:00:00Z,PIFL,12,ambient,water,12,77
PIFL17,0.8,2025-10-06T07:00:00Z,PIFL,17,ambient,drought,12,77
PIFL21,0.78,2025-10-06T07:00:00Z,PIFL,21,ambient,water,12,77
PIFL27,0.8,2025-10-06T07:00:00Z,PIFL,27,ambient,drought,12,77
PIFL28,0.79,2025-10-06T07:00:00Z,PIFL,28,ambient,water,12,77
PIFL29,0.8,2025-10-06T07:00:00Z,PIFL,29,ambient,drought,12,77
PIFL36,0.77,2025-10-06T07:00:00Z,PIFL,36,heatwave,water,12,77
PIFL40,0.79,2025-10-06T07:00:00Z,PIFL,40,heatwave,drought,12,77
PIFL41,0.81,2025-10-06T07:00:00Z,PIFL,41,heatwave,water,12,77
PIFL43,0.8,2025-10-06T07:00:00Z,PIFL,43,heatwave,drought,12,77
PIFL46,0.81,2025-10-06T07:00:00Z,PIFL,46,heatwave,water,12,77
PIFL47,0.73,2025-10-06T07:00:00Z,PIFL,47,heatwave,drought,12,77
PIFL52,0.79,2025-10-06T07:00:00Z,PIFL,52,heatwave,water,12,77
PIFL54,0.8,2025-10-06T07:00:00Z,PIFL,54,heatwave,drought,12,77
PIFL55,0.81,2025-10-06T07:00:00Z,PIFL,55,heatwave,water,12,77
PIFL57,0.8,2025-10-06T07:00:00Z,PIFL,57,heatwave,drought,12,77
PIFL1,0.8,2025-10-13T07:00:00Z,PIFL,1,ambient,water,13,84
PIFL3,0.8,2025-10-13T07:00:00Z,PIFL,3,ambient,drought,13,84
PIFL9,0.8,2025-10-13T07:00:00Z,PIFL,9,ambient,water,13,84
PIFL10,0.79,2025-10-13T07:00:00Z,PIFL,10,ambient,drought,13,84
PIFL12,0.79,2025-10-13T07:00:00Z,PIFL,12,ambient,water,13,84
PIFL17,0.81,2025-10-13T07:00:00Z,PIFL,17,ambient,drought,13,84
PIFL21,0.78,2025-10-13T07:00:00Z,PIFL,21,ambient,water,13,84
PIFL27,0.8,2025-10-13T07:00:00Z,PIFL,27,ambient,drought,13,84
PIFL28,0.8,2025-10-13T07:00:00Z,PIFL,28,ambient,water,13,84
PIFL29,0.8,2025-10-13T07:00:00Z,PIFL,29,ambient,drought,13,84
PIFL36,0.79,2025-10-13T07:00:00Z,PIFL,36,heatwave,water,13,84
PIFL40,0.79,2025-10-13T07:00:00Z,PIFL,40,heatwave,drought,13,84
PIFL41,0.81,2025-10-13T07:00:00Z,PIFL,41,heatwave,water,13,84
PIFL43,0.77,2025-10-13T07:00:00Z,PIFL,43,heatwave,drought,13,84
PIFL46,0.81,2025-10-13T07:00:00Z,PIFL,46,heatwave,water,13,84
PIFL47,0.73,2025-10-13T07:00:00Z,PIFL,47,heatwave,drought,13,84
PIFL52,0.8,2025-10-13T07:00:00Z,PIFL,52,heatwave,water,13,84
PIFL54,0.81,2025-10-13T07:00:00Z,PIFL,54,heatwave,drought,13,84
PIFL55,0.82,2025-10-13T07:00:00Z,PIFL,55,heatwave,water,13,84
PIFL57,0.8,2025-10-13T07:00:00Z,PIFL,57,heatwave,drought,13,84
PIFL1,0.81,2025-10-20T07:00:00Z,PIFL,1,ambient,water,14,91
PIFL3,0.8,2025-10-20T07:00:00Z,PIFL,3,ambient,drought,14,91
PIFL9,0.78,2025-10-20T07:00:00Z,PIFL,9,ambient,water,14,91
PIFL10,0.77,2025-10-20T07:00:00Z,PIFL,10,ambient,drought,14,91
PIFL12,0.78,2025-10-20T07:00:00Z,PIFL,12,ambient,water,14,91
PIFL17,0.79,2025-10-20T07:00:00Z,PIFL,17,ambient,drought,14,91
PIFL21,0.79,2025-10-20T07:00:00Z,PIFL,21,ambient,water,14,91
PIFL27,0.8,2025-10-20T07:00:00Z,PIFL,27,ambient,drought,14,91
PIFL28,0.8,2025-10-20T07:00:00Z,PIFL,28,ambient,water,14,91
PIFL29,0.79,2025-10-20T07:00:00Z,PIFL,29,ambient,drought,14,91
PIFL36,0.79,2025-10-20T07:00:00Z,PIFL,36,heatwave,water,14,91
PIFL40,0.78,2025-10-20T07:00:00Z,PIFL,40,heatwave,drought,14,91
PIFL41,0.81,2025-10-20T07:00:00Z,PIFL,41,heatwave,water,14,91
PIFL43,0.77,2025-10-20T07:00:00Z,PIFL,43,heatwave,drought,14,91
PIFL46,0.8,2025-10-20T07:00:00Z,PIFL,46,heatwave,water,14,91
PIFL47,0.74,2025-10-20T07:00:00Z,PIFL,47,heatwave,drought,14,91
PIFL52,0.79,2025-10-20T07:00:00Z,PIFL,52,heatwave,water,14,91
PIFL54,0.8,2025-10-20T07:00:00Z,PIFL,54,heatwave,drought,14,91
PIFL55,0.81,2025-10-20T07:00:00Z,PIFL,55,heatwave,water,14,91
PIFL57,0.78,2025-10-20T07:00:00Z,PIFL,57,heatwave,drought,14,91
PIFL1,0.81,2025-10-27T07:00:00Z,PIFL,1,ambient,water,15,98
PIFL3,0.8,2025-10-27T07:00:00Z,PIFL,3,ambient,drought,15,98
PIFL9,0.79,2025-10-27T07:00:00Z,PIFL,9,ambient,water,15,98
PIFL10,0.75,2025-10-27T07:00:00Z,PIFL,10,ambient,drought,15,98
PIFL12,0.79,2025-10-27T07:00:00Z,PIFL,12,ambient,water,15,98
PIFL17,0.79,2025-10-27T07:00:00Z,PIFL,17,ambient,drought,15,98
PIFL21,0.75,2025-10-27T07:00:00Z,PIFL,21,ambient,water,15,98
PIFL27,0.8,2025-10-27T07:00:00Z,PIFL,27,ambient,drought,15,98
PIFL28,0.8,2025-10-27T07:00:00Z,PIFL,28,ambient,water,15,98
PIFL29,0.79,2025-10-27T07:00:00Z,PIFL,29,ambient,drought,15,98
PIFL36,0.79,2025-10-27T07:00:00Z,PIFL,36,heatwave,water,15,98
PIFL40,0.79,2025-10-27T07:00:00Z,PIFL,40,heatwave,drought,15,98
PIFL41,0.79,2025-10-27T07:00:00Z,PIFL,41,heatwave,water,15,98
PIFL43,0.74,2025-10-27T07:00:00Z,PIFL,43,heatwave,drought,15,98
PIFL46,0.8,2025-10-27T07:00:00Z,PIFL,46,heatwave,water,15,98
PIFL47,0.79,2025-10-27T07:00:00Z,PIFL,47,heatwave,drought,15,98
PIFL52,0.8,2025-10-27T07:00:00Z,PIFL,52,heatwave,water,15,98
PIFL54,0.8,2025-10-27T07:00:00Z,PIFL,54,heatwave,drought,15,98
PIFL55,0.81,2025-10-27T07:00:00Z,PIFL,55,heatwave,water,15,98
PIFL57,0.77,2025-10-27T07:00:00Z,PIFL,57,heatwave,drought,15,98
PIFL1,0.82,2025-11-03T07:00:00Z,PIFL,1,ambient,water,16,105
PIFL3,0.79,2025-11-03T07:00:00Z,PIFL,3,ambient,drought,16,105
PIFL9,0.8,2025-11-03T07:00:00Z,PIFL,9,ambient,water,16,105
PIFL10,0.72,2025-11-03T07:00:00Z,PIFL,10,ambient,drought,16,105
PIFL12,0.78,2025-11-03T07:00:00Z,PIFL,12,ambient,water,16,105
PIFL17,0.78,2025-11-03T07:00:00Z,PIFL,17,ambient,drought,16,105
PIFL21,0.78,2025-11-03T07:00:00Z,PIFL,21,ambient,water,16,105
PIFL27,0.8,2025-11-03T07:00:00Z,PIFL,27,ambient,drought,16,105
PIFL28,0.79,2025-11-03T07:00:00Z,PIFL,28,ambient,water,16,105
PIFL29,0.73,2025-11-03T07:00:00Z,PIFL,29,ambient,drought,16,105
PIFL36,0.79,2025-11-03T07:00:00Z,PIFL,36,heatwave,water,16,105
PIFL40,0.79,2025-11-03T07:00:00Z,PIFL,40,heatwave,drought,16,105
PIFL41,0.81,2025-11-03T07:00:00Z,PIFL,41,heatwave,water,16,105
PIFL43,0.68,2025-11-03T07:00:00Z,PIFL,43,heatwave,drought,16,105
PIFL46,0.79,2025-11-03T07:00:00Z,PIFL,46,heatwave,water,16,105
PIFL47,0.75,2025-11-03T07:00:00Z,PIFL,47,heatwave,drought,16,105
PIFL52,0.79,2025-11-03T07:00:00Z,PIFL,52,heatwave,water,16,105
PIFL54,0.79,2025-11-03T07:00:00Z,PIFL,54,heatwave,drought,16,105
PIFL55,0.81,2025-11-03T07:00:00Z,PIFL,55,heatwave,water,16,105
PIFL57,0.78,2025-11-03T07:00:00Z,PIFL,57,heatwave,drought,16,105
PIFL1,0.81,2025-11-10T07:00:00Z,PIFL,1,ambient,water,17,112
PIFL3,0.79,2025-11-10T07:00:00Z,PIFL,3,ambient,drought,17,112
PIFL9,0.78,2025-11-10T07:00:00Z,PIFL,9,ambient,water,17,112
PIFL10,0.54,2025-11-10T07:00:00Z,PIFL,10,ambient,drought,17,112
PIFL12,0.78,2025-11-10T07:00:00Z,PIFL,12,ambient,water,17,112
PIFL17,0.74,2025-11-10T07:00:00Z,PIFL,17,ambient,drought,17,112
PIFL21,0.79,2025-11-10T07:00:00Z,PIFL,21,ambient,water,17,112
PIFL27,0.78,2025-11-10T07:00:00Z,PIFL,27,ambient,drought,17,112
PIFL28,0.79,2025-11-10T07:00:00Z,PIFL,28,ambient,water,17,112
PIFL29,0.58,2025-11-10T07:00:00Z,PIFL,29,ambient,drought,17,112
PIFL36,0.78,2025-11-10T07:00:00Z,PIFL,36,heatwave,water,17,112
PIFL40,0.76,2025-11-10T07:00:00Z,PIFL,40,heatwave,drought,17,112
PIFL41,0.81,2025-11-10T07:00:00Z,PIFL,41,heatwave,water,17,112
PIFL43,0.5,2025-11-10T07:00:00Z,PIFL,43,heatwave,drought,17,112
PIFL46,0.8,2025-11-10T07:00:00Z,PIFL,46,heatwave,water,17,112
PIFL47,0.74,2025-11-10T07:00:00Z,PIFL,47,heatwave,drought,17,112
PIFL52,0.78,2025-11-10T07:00:00Z,PIFL,52,heatwave,water,17,112
PIFL54,0.77,2025-11-10T07:00:00Z,PIFL,54,heatwave,drought,17,112
PIFL55,0.81,2025-11-10T07:00:00Z,PIFL,55,heatwave,water,17,112
PIFL57,0.76,2025-11-10T07:00:00Z,PIFL,57,heatwave,drought,17,112
PIPO1,0.82,2025-08-04T07:00:00Z,PIPO,1,ambient,water,3,14
PIPO2,0.8,2025-08-04T07:00:00Z,PIPO,2,ambient,drought,3,14
PIPO5,0.82,2025-08-04T07:00:00Z,PIPO,5,ambient,water,3,14
PIPO10,0.81,2025-08-04T07:00:00Z,PIPO,10,ambient,drought,3,14
PIPO11,0.82,2025-08-04T07:00:00Z,PIPO,11,ambient,water,3,14
PIPO16,0.81,2025-08-04T07:00:00Z,PIPO,16,ambient,drought,3,14
PIPO18,0.83,2025-08-04T07:00:00Z,PIPO,18,ambient,water,3,14
PIPO19,0.81,2025-08-04T07:00:00Z,PIPO,19,ambient,drought,3,14
PIPO20,0.82,2025-08-04T07:00:00Z,PIPO,20,ambient,water,3,14
PIPO22,0.81,2025-08-04T07:00:00Z,PIPO,22,ambient,drought,3,14
PIPO31,0.81,2025-08-04T07:00:00Z,PIPO,31,heatwave,water,3,14
PIPO32,0.82,2025-08-04T07:00:00Z,PIPO,32,heatwave,drought,3,14
PIPO35,0.8,2025-08-04T07:00:00Z,PIPO,35,heatwave,water,3,14
PIPO48,0.81,2025-08-04T07:00:00Z,PIPO,48,heatwave,drought,3,14
PIPO51,0.82,2025-08-04T07:00:00Z,PIPO,51,heatwave,water,3,14
PIPO52,0.82,2025-08-04T07:00:00Z,PIPO,52,heatwave,drought,3,14
PIPO53,0.82,2025-08-04T07:00:00Z,PIPO,53,heatwave,water,3,14
PIPO55,0.81,2025-08-04T07:00:00Z,PIPO,55,heatwave,drought,3,14
PIPO56,0.81,2025-08-04T07:00:00Z,PIPO,56,heatwave,water,3,14
PIPO58,0.82,2025-08-04T07:00:00Z,PIPO,58,heatwave,drought,3,14
PIPO1,0.81,2025-08-11T07:00:00Z,PIPO,1,ambient,water,4,21
PIPO2,0.8,2025-08-11T07:00:00Z,PIPO,2,ambient,drought,4,21
PIPO5,0.81,2025-08-11T07:00:00Z,PIPO,5,ambient,water,4,21
PIPO10,0.8,2025-08-11T07:00:00Z,PIPO,10,ambient,drought,4,21
PIPO11,0.81,2025-08-11T07:00:00Z,PIPO,11,ambient,water,4,21
PIPO16,0.69,2025-08-11T07:00:00Z,PIPO,16,ambient,drought,4,21
PIPO18,0.81,2025-08-11T07:00:00Z,PIPO,18,ambient,water,4,21
PIPO19,0.79,2025-08-11T07:00:00Z,PIPO,19,ambient,drought,4,21
PIPO20,0.81,2025-08-11T07:00:00Z,PIPO,20,ambient,water,4,21
PIPO22,0.8,2025-08-11T07:00:00Z,PIPO,22,ambient,drought,4,21
PIPO31,0.78,2025-08-11T07:00:00Z,PIPO,31,heatwave,water,4,21
PIPO32,0.8,2025-08-11T07:00:00Z,PIPO,32,heatwave,drought,4,21
PIPO35,0.78,2025-08-11T07:00:00Z,PIPO,35,heatwave,water,4,21
PIPO48,0.79,2025-08-11T07:00:00Z,PIPO,48,heatwave,drought,4,21
PIPO51,0.79,2025-08-11T07:00:00Z,PIPO,51,heatwave,water,4,21
PIPO52,0.77,2025-08-11T07:00:00Z,PIPO,52,heatwave,drought,4,21
PIPO53,0.8,2025-08-11T07:00:00Z,PIPO,53,heatwave,water,4,21
PIPO55,0.79,2025-08-11T07:00:00Z,PIPO,55,heatwave,drought,4,21
PIPO56,0.8,2025-08-11T07:00:00Z,PIPO,56,heatwave,water,4,21
PIPO58,0.8,2025-08-11T07:00:00Z,PIPO,58,heatwave,drought,4,21
PIPO1,0.81,2025-08-18T07:00:00Z,PIPO,1,ambient,water,5,28
PIPO2,0.79,2025-08-18T07:00:00Z,PIPO,2,ambient,drought,5,28
PIPO5,0.8,2025-08-18T07:00:00Z,PIPO,5,ambient,water,5,28
PIPO10,0.81,2025-08-18T07:00:00Z,PIPO,10,ambient,drought,5,28
PIPO11,0.8,2025-08-18T07:00:00Z,PIPO,11,ambient,water,5,28
PIPO16,0.79,2025-08-18T07:00:00Z,PIPO,16,ambient,drought,5,28
PIPO18,0.82,2025-08-18T07:00:00Z,PIPO,18,ambient,water,5,28
PIPO19,0.8,2025-08-18T07:00:00Z,PIPO,19,ambient,drought,5,28
PIPO20,0.81,2025-08-18T07:00:00Z,PIPO,20,ambient,water,5,28
PIPO22,0.8,2025-08-18T07:00:00Z,PIPO,22,ambient,drought,5,28
PIPO31,0.79,2025-08-18T07:00:00Z,PIPO,31,heatwave,water,5,28
PIPO32,0.81,2025-08-18T07:00:00Z,PIPO,32,heatwave,drought,5,28
PIPO35,0.78,2025-08-18T07:00:00Z,PIPO,35,heatwave,water,5,28
PIPO48,0.79,2025-08-18T07:00:00Z,PIPO,48,heatwave,drought,5,28
PIPO51,0.79,2025-08-18T07:00:00Z,PIPO,51,heatwave,water,5,28
PIPO52,0.8,2025-08-18T07:00:00Z,PIPO,52,heatwave,drought,5,28
PIPO53,0.79,2025-08-18T07:00:00Z,PIPO,53,heatwave,water,5,28
PIPO55,0.79,2025-08-18T07:00:00Z,PIPO,55,heatwave,drought,5,28
PIPO56,0.79,2025-08-18T07:00:00Z,PIPO,56,heatwave,water,5,28
PIPO58,0.8,2025-08-18T07:00:00Z,PIPO,58,heatwave,drought,5,28
PIPO1,0.81,2025-08-25T07:00:00Z,PIPO,1,ambient,water,6,35
PIPO2,0.78,2025-08-25T07:00:00Z,PIPO,2,ambient,drought,6,35
PIPO5,0.8,2025-08-25T07:00:00Z,PIPO,5,ambient,water,6,35
PIPO10,0.79,2025-08-25T07:00:00Z,PIPO,10,ambient,drought,6,35
PIPO11,0.81,2025-08-25T07:00:00Z,PIPO,11,ambient,water,6,35
PIPO16,0.77,2025-08-25T07:00:00Z,PIPO,16,ambient,drought,6,35
PIPO18,0.81,2025-08-25T07:00:00Z,PIPO,18,ambient,water,6,35
PIPO19,0.79,2025-08-25T07:00:00Z,PIPO,19,ambient,drought,6,35
PIPO20,0.81,2025-08-25T07:00:00Z,PIPO,20,ambient,water,6,35
PIPO22,0.79,2025-08-25T07:00:00Z,PIPO,22,ambient,drought,6,35
PIPO31,0.79,2025-08-25T07:00:00Z,PIPO,31,heatwave,water,6,35
PIPO32,0.79,2025-08-25T07:00:00Z,PIPO,32,heatwave,drought,6,35
PIPO35,0.79,2025-08-25T07:00:00Z,PIPO,35,heatwave,water,6,35
PIPO48,0.79,2025-08-25T07:00:00Z,PIPO,48,heatwave,drought,6,35
PIPO51,0.79,2025-08-25T07:00:00Z,PIPO,51,heatwave,water,6,35
PIPO52,0.79,2025-08-25T07:00:00Z,PIPO,52,heatwave,drought,6,35
PIPO53,0.8,2025-08-25T07:00:00Z,PIPO,53,heatwave,water,6,35
PIPO55,0.79,2025-08-25T07:00:00Z,PIPO,55,heatwave,drought,6,35
PIPO56,0.8,2025-08-25T07:00:00Z,PIPO,56,heatwave,water,6,35
PIPO58,0.8,2025-08-25T07:00:00Z,PIPO,58,heatwave,drought,6,35
PIPO1,0.81,2025-09-01T07:00:00Z,PIPO,1,ambient,water,7,42
PIPO2,0.76,2025-09-01T07:00:00Z,PIPO,2,ambient,drought,7,42
PIPO5,0.8,2025-09-01T07:00:00Z,PIPO,5,ambient,water,7,42
PIPO10,0.78,2025-09-01T07:00:00Z,PIPO,10,ambient,drought,7,42
PIPO11,0.81,2025-09-01T07:00:00Z,PIPO,11,ambient,water,7,42
PIPO16,0.79,2025-09-01T07:00:00Z,PIPO,16,ambient,drought,7,42
PIPO18,0.81,2025-09-01T07:00:00Z,PIPO,18,ambient,water,7,42
PIPO19,0.79,2025-09-01T07:00:00Z,PIPO,19,ambient,drought,7,42
PIPO20,0.8,2025-09-01T07:00:00Z,PIPO,20,ambient,water,7,42
PIPO22,0.79,2025-09-01T07:00:00Z,PIPO,22,ambient,drought,7,42
PIPO31,0.79,2025-09-01T07:00:00Z,PIPO,31,heatwave,water,7,42
PIPO32,0.79,2025-09-01T07:00:00Z,PIPO,32,heatwave,drought,7,42
PIPO35,0.78,2025-09-01T07:00:00Z,PIPO,35,heatwave,water,7,42
PIPO48,0.78,2025-09-01T07:00:00Z,PIPO,48,heatwave,drought,7,42
PIPO51,0.78,2025-09-01T07:00:00Z,PIPO,51,heatwave,water,7,42
PIPO52,0.8,2025-09-01T07:00:00Z,PIPO,52,heatwave,drought,7,42
PIPO53,0.8,2025-09-01T07:00:00Z,PIPO,53,heatwave,water,7,42
PIPO55,0.79,2025-09-01T07:00:00Z,PIPO,55,heatwave,drought,7,42
PIPO56,0.8,2025-09-01T07:00:00Z,PIPO,56,heatwave,water,7,42
PIPO58,0.8,2025-09-01T07:00:00Z,PIPO,58,heatwave,drought,7,42
PIPO1,0.8,2025-09-15T07:00:00Z,PIPO,1,ambient,water,9,56
PIPO2,0.76,2025-09-15T07:00:00Z,PIPO,2,ambient,drought,9,56
PIPO5,0.8,2025-09-15T07:00:00Z,PIPO,5,ambient,water,9,56
PIPO10,0.79,2025-09-15T07:00:00Z,PIPO,10,ambient,drought,9,56
PIPO11,0.8,2025-09-15T07:00:00Z,PIPO,11,ambient,water,9,56
PIPO16,0.64,2025-09-15T07:00:00Z,PIPO,16,ambient,drought,9,56
PIPO18,0.8,2025-09-15T07:00:00Z,PIPO,18,ambient,water,9,56
PIPO19,0.78,2025-09-15T07:00:00Z,PIPO,19,ambient,drought,9,56
PIPO20,0.8,2025-09-15T07:00:00Z,PIPO,20,ambient,water,9,56
PIPO22,0.79,2025-09-15T07:00:00Z,PIPO,22,ambient,drought,9,56
PIPO31,0.79,2025-09-15T07:00:00Z,PIPO,31,heatwave,water,9,56
PIPO32,0.78,2025-09-15T07:00:00Z,PIPO,32,heatwave,drought,9,56
PIPO35,0.79,2025-09-15T07:00:00Z,PIPO,35,heatwave,water,9,56
PIPO48,0.79,2025-09-15T07:00:00Z,PIPO,48,heatwave,drought,9,56
PIPO51,0.78,2025-09-15T07:00:00Z,PIPO,51,heatwave,water,9,56
PIPO52,0.79,2025-09-15T07:00:00Z,PIPO,52,heatwave,drought,9,56
PIPO53,0.8,2025-09-15T07:00:00Z,PIPO,53,heatwave,water,9,56
PIPO55,0.74,2025-09-15T07:00:00Z,PIPO,55,heatwave,drought,9,56
PIPO56,0.79,2025-09-15T07:00:00Z,PIPO,56,heatwave,water,9,56
PIPO58,0.8,2025-09-15T07:00:00Z,PIPO,58,heatwave,drought,9,56
PIPO1,0.81,2025-09-22T07:00:00Z,PIPO,1,ambient,water,10,63
PIPO2,0.75,2025-09-22T07:00:00Z,PIPO,2,ambient,drought,10,63
PIPO5,0.79,2025-09-22T07:00:00Z,PIPO,5,ambient,water,10,63
PIPO10,0.76,2025-09-22T07:00:00Z,PIPO,10,ambient,drought,10,63
PIPO11,0.8,2025-09-22T07:00:00Z,PIPO,11,ambient,water,10,63
PIPO16,0.61,2025-09-22T07:00:00Z,PIPO,16,ambient,drought,10,63
PIPO18,0.81,2025-09-22T07:00:00Z,PIPO,18,ambient,water,10,63
PIPO19,0.77,2025-09-22T07:00:00Z,PIPO,19,ambient,drought,10,63
PIPO20,0.8,2025-09-22T07:00:00Z,PIPO,20,ambient,water,10,63
PIPO22,0.78,2025-09-22T07:00:00Z,PIPO,22,ambient,drought,10,63
PIPO31,0.78,2025-09-22T07:00:00Z,PIPO,31,heatwave,water,10,63
PIPO32,0.78,2025-09-22T07:00:00Z,PIPO,32,heatwave,drought,10,63
PIPO35,0.78,2025-09-22T07:00:00Z,PIPO,35,heatwave,water,10,63
PIPO48,0.78,2025-09-22T07:00:00Z,PIPO,48,heatwave,drought,10,63
PIPO51,0.78,2025-09-22T07:00:00Z,PIPO,51,heatwave,water,10,63
PIPO52,0.79,2025-09-22T07:00:00Z,PIPO,52,heatwave,drought,10,63
PIPO53,0.8,2025-09-22T07:00:00Z,PIPO,53,heatwave,water,10,63
PIPO55,0.76,2025-09-22T07:00:00Z,PIPO,55,heatwave,drought,10,63
PIPO56,0.76,2025-09-22T07:00:00Z,PIPO,56,heatwave,water,10,63
PIPO58,0.78,2025-09-22T07:00:00Z,PIPO,58,heatwave,drought,10,63
PIPO1,0.81,2025-09-29T07:00:00Z,PIPO,1,ambient,water,11,70
PIPO2,0.7,2025-09-29T07:00:00Z,PIPO,2,ambient,drought,11,70
PIPO5,0.79,2025-09-29T07:00:00Z,PIPO,5,ambient,water,11,70
PIPO10,0.75,2025-09-29T07:00:00Z,PIPO,10,ambient,drought,11,70
PIPO11,0.8,2025-09-29T07:00:00Z,PIPO,11,ambient,water,11,70
PIPO16,0.71,2025-09-29T07:00:00Z,PIPO,16,ambient,drought,11,70
PIPO18,0.8,2025-09-29T07:00:00Z,PIPO,18,ambient,water,11,70
PIPO19,0.77,2025-09-29T07:00:00Z,PIPO,19,ambient,drought,11,70
PIPO20,0.79,2025-09-29T07:00:00Z,PIPO,20,ambient,water,11,70
PIPO22,0.77,2025-09-29T07:00:00Z,PIPO,22,ambient,drought,11,70
PIPO31,0.79,2025-09-29T07:00:00Z,PIPO,31,heatwave,water,11,70
PIPO32,0.74,2025-09-29T07:00:00Z,PIPO,32,heatwave,drought,11,70
PIPO35,0.78,2025-09-29T07:00:00Z,PIPO,35,heatwave,water,11,70
PIPO48,0.77,2025-09-29T07:00:00Z,PIPO,48,heatwave,drought,11,70
PIPO51,0.77,2025-09-29T07:00:00Z,PIPO,51,heatwave,water,11,70
PIPO52,0.78,2025-09-29T07:00:00Z,PIPO,52,heatwave,drought,11,70
PIPO53,0.8,2025-09-29T07:00:00Z,PIPO,53,heatwave,water,11,70
PIPO55,0.76,2025-09-29T07:00:00Z,PIPO,55,heatwave,drought,11,70
PIPO56,0.15,2025-09-29T07:00:00Z,PIPO,56,heatwave,water,11,70
PIPO58,0.78,2025-09-29T07:00:00Z,PIPO,58,heatwave,drought,11,70
PIPO1,0.79,2025-10-06T07:00:00Z,PIPO,1,ambient,water,12,77
PIPO2,0.54,2025-10-06T07:00:00Z,PIPO,2,ambient,drought,12,77
PIPO5,0.78,2025-10-06T07:00:00Z,PIPO,5,ambient,water,12,77
PIPO10,0.72,2025-10-06T07:00:00Z,PIPO,10,ambient,drought,12,77
PIPO11,0.8,2025-10-06T07:00:00Z,PIPO,11,ambient,water,12,77
PIPO16,0.37,2025-10-06T07:00:00Z,PIPO,16,ambient,drought,12,77
PIPO18,0.81,2025-10-06T07:00:00Z,PIPO,18,ambient,water,12,77
PIPO19,0.74,2025-10-06T07:00:00Z,PIPO,19,ambient,drought,12,77
PIPO20,0.8,2025-10-06T07:00:00Z,PIPO,20,ambient,water,12,77
PIPO22,0.72,2025-10-06T07:00:00Z,PIPO,22,ambient,drought,12,77
PIPO31,0.79,2025-10-06T07:00:00Z,PIPO,31,heatwave,water,12,77
PIPO32,0.74,2025-10-06T07:00:00Z,PIPO,32,heatwave,drought,12,77
PIPO35,0.78,2025-10-06T07:00:00Z,PIPO,35,heatwave,water,12,77
PIPO48,0.76,2025-10-06T07:00:00Z,PIPO,48,heatwave,drought,12,77
PIPO51,0.77,2025-10-06T07:00:00Z,PIPO,51,heatwave,water,12,77
PIPO52,0.77,2025-10-06T07:00:00Z,PIPO,52,heatwave,drought,12,77
PIPO53,0.79,2025-10-06T07:00:00Z,PIPO,53,heatwave,water,12,77
PIPO55,0.73,2025-10-06T07:00:00Z,PIPO,55,heatwave,drought,12,77
PIPO56,0,2025-10-06T07:00:00Z,PIPO,56,heatwave,water,12,77
PIPO58,0.76,2025-10-06T07:00:00Z,PIPO,58,heatwave,drought,12,77
PIPO1,0.8,2025-10-13T07:00:00Z,PIPO,1,ambient,water,13,84
PIPO2,0.16,2025-10-13T07:00:00Z,PIPO,2,ambient,drought,13,84
PIPO5,0.79,2025-10-13T07:00:00Z,PIPO,5,ambient,water,13,84
PIPO10,0.52,2025-10-13T07:00:00Z,PIPO,10,ambient,drought,13,84
PIPO11,0.8,2025-10-13T07:00:00Z,PIPO,11,ambient,water,13,84
PIPO16,0.16,2025-10-13T07:00:00Z,PIPO,16,ambient,drought,13,84
PIPO18,0.8,2025-10-13T07:00:00Z,PIPO,18,ambient,water,13,84
PIPO19,0.7,2025-10-13T07:00:00Z,PIPO,19,ambient,drought,13,84
PIPO20,0.8,2025-10-13T07:00:00Z,PIPO,20,ambient,water,13,84
PIPO22,0.72,2025-10-13T07:00:00Z,PIPO,22,ambient,drought,13,84
PIPO31,0.8,2025-10-13T07:00:00Z,PIPO,31,heatwave,water,13,84
PIPO32,0.71,2025-10-13T07:00:00Z,PIPO,32,heatwave,drought,13,84
PIPO35,0.79,2025-10-13T07:00:00Z,PIPO,35,heatwave,water,13,84
PIPO48,0.73,2025-10-13T07:00:00Z,PIPO,48,heatwave,drought,13,84
PIPO51,0.77,2025-10-13T07:00:00Z,PIPO,51,heatwave,water,13,84
PIPO52,0.76,2025-10-13T07:00:00Z,PIPO,52,heatwave,drought,13,84
PIPO53,0.8,2025-10-13T07:00:00Z,PIPO,53,heatwave,water,13,84
PIPO55,0.66,2025-10-13T07:00:00Z,PIPO,55,heatwave,drought,13,84
PIPO56,NA,2025-10-13T07:00:00Z,PIPO,56,heatwave,water,13,84
PIPO58,0.76,2025-10-13T07:00:00Z,PIPO,58,heatwave,drought,13,84
PIPO1,0.79,2025-10-20T07:00:00Z,PIPO,1,ambient,water,14,91
PIPO2,0,2025-10-20T07:00:00Z,PIPO,2,ambient,drought,14,91
PIPO5,0.78,2025-10-20T07:00:00Z,PIPO,5,ambient,water,14,91
PIPO10,0.19,2025-10-20T07:00:00Z,PIPO,10,ambient,drought,14,91
PIPO11,0.79,2025-10-20T07:00:00Z,PIPO,11,ambient,water,14,91
PIPO16,0,2025-10-20T07:00:00Z,PIPO,16,ambient,drought,14,91
PIPO18,0.79,2025-10-20T07:00:00Z,PIPO,18,ambient,water,14,91
PIPO19,0.59,2025-10-20T07:00:00Z,PIPO,19,ambient,drought,14,91
PIPO20,0.8,2025-10-20T07:00:00Z,PIPO,20,ambient,water,14,91
PIPO22,0.68,2025-10-20T07:00:00Z,PIPO,22,ambient,drought,14,91
PIPO31,0.8,2025-10-20T07:00:00Z,PIPO,31,heatwave,water,14,91
PIPO32,0.39,2025-10-20T07:00:00Z,PIPO,32,heatwave,drought,14,91
PIPO35,0.78,2025-10-20T07:00:00Z,PIPO,35,heatwave,water,14,91
PIPO48,0.73,2025-10-20T07:00:00Z,PIPO,48,heatwave,drought,14,91
PIPO51,0.76,2025-10-20T07:00:00Z,PIPO,51,heatwave,water,14,91
PIPO52,0.74,2025-10-20T07:00:00Z,PIPO,52,heatwave,drought,14,91
PIPO53,0.78,2025-10-20T07:00:00Z,PIPO,53,heatwave,water,14,91
PIPO55,0.38,2025-10-20T07:00:00Z,PIPO,55,heatwave,drought,14,91
PIPO56,NA,2025-10-20T07:00:00Z,PIPO,56,heatwave,water,14,91
PIPO58,0.69,2025-10-20T07:00:00Z,PIPO,58,heatwave,drought,14,91
PIPO1,0.78,2025-10-27T07:00:00Z,PIPO,1,ambient,water,15,98
PIPO2,0,2025-10-27T07:00:00Z,PIPO,2,ambient,drought,15,98
PIPO5,0.78,2025-10-27T07:00:00Z,PIPO,5,ambient,water,15,98
PIPO10,0.01,2025-10-27T07:00:00Z,PIPO,10,ambient,drought,15,98
PIPO11,0.79,2025-10-27T07:00:00Z,PIPO,11,ambient,water,15,98
PIPO16,0,2025-10-27T07:00:00Z,PIPO,16,ambient,drought,15,98
PIPO18,0.8,2025-10-27T07:00:00Z,PIPO,18,ambient,water,15,98
PIPO19,0.02,2025-10-27T07:00:00Z,PIPO,19,ambient,drought,15,98
PIPO20,0.79,2025-10-27T07:00:00Z,PIPO,20,ambient,water,15,98
PIPO22,0.54,2025-10-27T07:00:00Z,PIPO,22,ambient,drought,15,98
PIPO31,0.79,2025-10-27T07:00:00Z,PIPO,31,heatwave,water,15,98
PIPO32,0.04,2025-10-27T07:00:00Z,PIPO,32,heatwave,drought,15,98
PIPO35,0.78,2025-10-27T07:00:00Z,PIPO,35,heatwave,water,15,98
PIPO48,0.63,2025-10-27T07:00:00Z,PIPO,48,heatwave,drought,15,98
PIPO51,0.76,2025-10-27T07:00:00Z,PIPO,51,heatwave,water,15,98
PIPO52,0.73,2025-10-27T07:00:00Z,PIPO,52,heatwave,drought,15,98
PIPO53,0.79,2025-10-27T07:00:00Z,PIPO,53,heatwave,water,15,98
PIPO55,0.07,2025-10-27T07:00:00Z,PIPO,55,heatwave,drought,15,98
PIPO56,NA,2025-10-27T07:00:00Z,PIPO,56,heatwave,water,15,98
PIPO58,0.45,2025-10-27T07:00:00Z,PIPO,58,heatwave,drought,15,98
PIPO1,0.79,2025-11-03T07:00:00Z,PIPO,1,ambient,water,16,105
PIPO2,0,2025-11-03T07:00:00Z,PIPO,2,ambient,drought,16,105
PIPO5,0.78,2025-11-03T07:00:00Z,PIPO,5,ambient,water,16,105
PIPO10,0,2025-11-03T07:00:00Z,PIPO,10,ambient,drought,16,105
PIPO11,0.78,2025-11-03T07:00:00Z,PIPO,11,ambient,water,16,105
PIPO16,0,2025-11-03T07:00:00Z,PIPO,16,ambient,drought,16,105
PIPO18,0.79,2025-11-03T07:00:00Z,PIPO,18,ambient,water,16,105
PIPO19,0,2025-11-03T07:00:00Z,PIPO,19,ambient,drought,16,105
PIPO20,0.78,2025-11-03T07:00:00Z,PIPO,20,ambient,water,16,105
PIPO22,0.07,2025-11-03T07:00:00Z,PIPO,22,ambient,drought,16,105
PIPO31,0.78,2025-11-03T07:00:00Z,PIPO,31,heatwave,water,16,105
PIPO32,0,2025-11-03T07:00:00Z,PIPO,32,heatwave,drought,16,105
PIPO35,0.76,2025-11-03T07:00:00Z,PIPO,35,heatwave,water,16,105
PIPO48,0.1,2025-11-03T07:00:00Z,PIPO,48,heatwave,drought,16,105
PIPO51,0.75,2025-11-03T07:00:00Z,PIPO,51,heatwave,water,16,105
PIPO52,0.57,2025-11-03T07:00:00Z,PIPO,52,heatwave,drought,16,105
PIPO53,0.79,2025-11-03T07:00:00Z,PIPO,53,heatwave,water,16,105
PIPO55,0,2025-11-03T07:00:00Z,PIPO,55,heatwave,drought,16,105
PIPO56,NA,2025-11-03T07:00:00Z,PIPO,56,heatwave,water,16,105
PIPO58,0.05,2025-11-03T07:00:00Z,PIPO,58,heatwave,drought,16,105
PIPO1,0.79,2025-11-10T07:00:00Z,PIPO,1,ambient,water,17,112
PIPO2,0,2025-11-10T07:00:00Z,PIPO,2,ambient,drought,17,112
PIPO5,0.77,2025-11-10T07:00:00Z,PIPO,5,ambient,water,17,112
PIPO10,0,2025-11-10T07:00:00Z,PIPO,10,ambient,drought,17,112
PIPO11,0.79,2025-11-10T07:00:00Z,PIPO,11,ambient,water,17,112
PIPO16,NA,2025-11-10T07:00:00Z,PIPO,16,ambient,drought,17,112
PIPO18,0.79,2025-11-10T07:00:00Z,PIPO,18,ambient,water,17,112
PIPO19,0,2025-11-10T07:00:00Z,PIPO,19,ambient,drought,17,112
PIPO20,0.78,2025-11-10T07:00:00Z,PIPO,20,ambient,water,17,112
PIPO22,0,2025-11-10T07:00:00Z,PIPO,22,ambient,drought,17,112
PIPO31,0.78,2025-11-10T07:00:00Z,PIPO,31,heatwave,water,17,112
PIPO32,0,2025-11-10T07:00:00Z,PIPO,32,heatwave,drought,17,112
PIPO35,0.78,2025-11-10T07:00:00Z,PIPO,35,heatwave,water,17,112
PIPO48,0,2025-11-10T07:00:00Z,PIPO,48,heatwave,drought,17,112
PIPO51,0.75,2025-11-10T07:00:00Z,PIPO,51,heatwave,water,17,112
PIPO52,0.44,2025-11-10T07:00:00Z,PIPO,52,heatwave,drought,17,112
PIPO53,0.78,2025-11-10T07:00:00Z,PIPO,53,heatwave,water,17,112
PIPO55,0,2025-11-10T07:00:00Z,PIPO,55,heatwave,drought,17,112
PIPO56,NA,2025-11-10T07:00:00Z,PIPO,56,heatwave,water,17,112
PIPO58,0,2025-11-10T07:00:00Z,PIPO,58,heatwave,drought,17,112
PSME3,0.77,2025-08-04T07:00:00Z,PSME,3,ambient,water,3,14
PSME6,0.78,2025-08-04T07:00:00Z,PSME,6,ambient,drought,3,14
PSME12,0.79,2025-08-04T07:00:00Z,PSME,12,ambient,water,3,14
PSME15,0.79,2025-08-04T07:00:00Z,PSME,15,ambient,drought,3,14
PSME17,0.8,2025-08-04T07:00:00Z,PSME,17,ambient,water,3,14
PSME20,0.77,2025-08-04T07:00:00Z,PSME,20,ambient,drought,3,14
PSME22,0.77,2025-08-04T07:00:00Z,PSME,22,ambient,water,3,14
PSME26,0.81,2025-08-04T07:00:00Z,PSME,26,ambient,drought,3,14
PSME27,0.77,2025-08-04T07:00:00Z,PSME,27,ambient,water,3,14
PSME30,0.81,2025-08-04T07:00:00Z,PSME,30,ambient,drought,3,14
PSME31,0.79,2025-08-04T07:00:00Z,PSME,31,heatwave,water,3,14
PSME35,0.79,2025-08-04T07:00:00Z,PSME,35,heatwave,drought,3,14
PSME37,0.81,2025-08-04T07:00:00Z,PSME,37,heatwave,water,3,14
PSME42,0.78,2025-08-04T07:00:00Z,PSME,42,heatwave,drought,3,14
PSME45,0.8,2025-08-04T07:00:00Z,PSME,45,heatwave,water,3,14
PSME46,0.78,2025-08-04T07:00:00Z,PSME,46,heatwave,drought,3,14
PSME48,0.77,2025-08-04T07:00:00Z,PSME,48,heatwave,water,3,14
PSME50,0.77,2025-08-04T07:00:00Z,PSME,50,heatwave,drought,3,14
PSME57,0.76,2025-08-04T07:00:00Z,PSME,57,heatwave,water,3,14
PSME58,0.8,2025-08-04T07:00:00Z,PSME,58,heatwave,drought,3,14
PSME3,0.77,2025-08-11T07:00:00Z,PSME,3,ambient,water,4,21
PSME6,0.71,2025-08-11T07:00:00Z,PSME,6,ambient,drought,4,21
PSME12,0.76,2025-08-11T07:00:00Z,PSME,12,ambient,water,4,21
PSME15,0.78,2025-08-11T07:00:00Z,PSME,15,ambient,drought,4,21
PSME17,0.8,2025-08-11T07:00:00Z,PSME,17,ambient,water,4,21
PSME20,0.78,2025-08-11T07:00:00Z,PSME,20,ambient,drought,4,21
PSME22,0.77,2025-08-11T07:00:00Z,PSME,22,ambient,water,4,21
PSME26,0.79,2025-08-11T07:00:00Z,PSME,26,ambient,drought,4,21
PSME27,0.76,2025-08-11T07:00:00Z,PSME,27,ambient,water,4,21
PSME30,0.81,2025-08-11T07:00:00Z,PSME,30,ambient,drought,4,21
PSME31,0.75,2025-08-11T07:00:00Z,PSME,31,heatwave,water,4,21
PSME35,0.76,2025-08-11T07:00:00Z,PSME,35,heatwave,drought,4,21
PSME37,0.75,2025-08-11T07:00:00Z,PSME,37,heatwave,water,4,21
PSME42,0.75,2025-08-11T07:00:00Z,PSME,42,heatwave,drought,4,21
PSME45,0.77,2025-08-11T07:00:00Z,PSME,45,heatwave,water,4,21
PSME46,0.77,2025-08-11T07:00:00Z,PSME,46,heatwave,drought,4,21
PSME48,0.74,2025-08-11T07:00:00Z,PSME,48,heatwave,water,4,21
PSME50,0.78,2025-08-11T07:00:00Z,PSME,50,heatwave,drought,4,21
PSME57,0.75,2025-08-11T07:00:00Z,PSME,57,heatwave,water,4,21
PSME58,0.76,2025-08-11T07:00:00Z,PSME,58,heatwave,drought,4,21
PSME3,0.77,2025-08-18T07:00:00Z,PSME,3,ambient,water,5,28
PSME6,0.75,2025-08-18T07:00:00Z,PSME,6,ambient,drought,5,28
PSME12,0.77,2025-08-18T07:00:00Z,PSME,12,ambient,water,5,28
PSME15,0.8,2025-08-18T07:00:00Z,PSME,15,ambient,drought,5,28
PSME17,0.78,2025-08-18T07:00:00Z,PSME,17,ambient,water,5,28
PSME20,0.76,2025-08-18T07:00:00Z,PSME,20,ambient,drought,5,28
PSME22,0.75,2025-08-18T07:00:00Z,PSME,22,ambient,water,5,28
PSME26,0.8,2025-08-18T07:00:00Z,PSME,26,ambient,drought,5,28
PSME27,0.79,2025-08-18T07:00:00Z,PSME,27,ambient,water,5,28
PSME30,0.79,2025-08-18T07:00:00Z,PSME,30,ambient,drought,5,28
PSME31,0.8,2025-08-18T07:00:00Z,PSME,31,heatwave,water,5,28
PSME35,0.79,2025-08-18T07:00:00Z,PSME,35,heatwave,drought,5,28
PSME37,0.79,2025-08-18T07:00:00Z,PSME,37,heatwave,water,5,28
PSME42,0.78,2025-08-18T07:00:00Z,PSME,42,heatwave,drought,5,28
PSME45,0.78,2025-08-18T07:00:00Z,PSME,45,heatwave,water,5,28
PSME46,0.77,2025-08-18T07:00:00Z,PSME,46,heatwave,drought,5,28
PSME48,0.78,2025-08-18T07:00:00Z,PSME,48,heatwave,water,5,28
PSME50,0.74,2025-08-18T07:00:00Z,PSME,50,heatwave,drought,5,28
PSME57,0.75,2025-08-18T07:00:00Z,PSME,57,heatwave,water,5,28
PSME58,0.78,2025-08-18T07:00:00Z,PSME,58,heatwave,drought,5,28
PSME3,0.78,2025-08-25T07:00:00Z,PSME,3,ambient,water,6,35
PSME6,0.74,2025-08-25T07:00:00Z,PSME,6,ambient,drought,6,35
PSME12,0.81,2025-08-25T07:00:00Z,PSME,12,ambient,water,6,35
PSME15,0.76,2025-08-25T07:00:00Z,PSME,15,ambient,drought,6,35
PSME17,0.78,2025-08-25T07:00:00Z,PSME,17,ambient,water,6,35
PSME20,0.78,2025-08-25T07:00:00Z,PSME,20,ambient,drought,6,35
PSME22,0.78,2025-08-25T07:00:00Z,PSME,22,ambient,water,6,35
PSME26,0.74,2025-08-25T07:00:00Z,PSME,26,ambient,drought,6,35
PSME27,0.77,2025-08-25T07:00:00Z,PSME,27,ambient,water,6,35
PSME30,0.8,2025-08-25T07:00:00Z,PSME,30,ambient,drought,6,35
PSME31,0.8,2025-08-25T07:00:00Z,PSME,31,heatwave,water,6,35
PSME35,0.8,2025-08-25T07:00:00Z,PSME,35,heatwave,drought,6,35
PSME37,0.8,2025-08-25T07:00:00Z,PSME,37,heatwave,water,6,35
PSME42,0.78,2025-08-25T07:00:00Z,PSME,42,heatwave,drought,6,35
PSME45,0.77,2025-08-25T07:00:00Z,PSME,45,heatwave,water,6,35
PSME46,0.77,2025-08-25T07:00:00Z,PSME,46,heatwave,drought,6,35
PSME48,0.78,2025-08-25T07:00:00Z,PSME,48,heatwave,water,6,35
PSME50,0.75,2025-08-25T07:00:00Z,PSME,50,heatwave,drought,6,35
PSME57,0.77,2025-08-25T07:00:00Z,PSME,57,heatwave,water,6,35
PSME58,0.8,2025-08-25T07:00:00Z,PSME,58,heatwave,drought,6,35
PSME3,0.78,2025-09-01T07:00:00Z,PSME,3,ambient,water,7,42
PSME6,0.8,2025-09-01T07:00:00Z,PSME,6,ambient,drought,7,42
PSME12,0.79,2025-09-01T07:00:00Z,PSME,12,ambient,water,7,42
PSME15,0.79,2025-09-01T07:00:00Z,PSME,15,ambient,drought,7,42
PSME17,0.76,2025-09-01T07:00:00Z,PSME,17,ambient,water,7,42
PSME20,0.79,2025-09-01T07:00:00Z,PSME,20,ambient,drought,7,42
PSME22,0.75,2025-09-01T07:00:00Z,PSME,22,ambient,water,7,42
PSME26,0.76,2025-09-01T07:00:00Z,PSME,26,ambient,drought,7,42
PSME27,0.8,2025-09-01T07:00:00Z,PSME,27,ambient,water,7,42
PSME30,0.8,2025-09-01T07:00:00Z,PSME,30,ambient,drought,7,42
PSME31,0.8,2025-09-01T07:00:00Z,PSME,31,heatwave,water,7,42
PSME35,0.79,2025-09-01T07:00:00Z,PSME,35,heatwave,drought,7,42
PSME37,0.73,2025-09-01T07:00:00Z,PSME,37,heatwave,water,7,42
PSME42,0.75,2025-09-01T07:00:00Z,PSME,42,heatwave,drought,7,42
PSME45,0.78,2025-09-01T07:00:00Z,PSME,45,heatwave,water,7,42
PSME46,0.76,2025-09-01T07:00:00Z,PSME,46,heatwave,drought,7,42
PSME48,0.76,2025-09-01T07:00:00Z,PSME,48,heatwave,water,7,42
PSME50,0.76,2025-09-01T07:00:00Z,PSME,50,heatwave,drought,7,42
PSME57,0.76,2025-09-01T07:00:00Z,PSME,57,heatwave,water,7,42
PSME58,0.77,2025-09-01T07:00:00Z,PSME,58,heatwave,drought,7,42
PSME3,0.79,2025-09-15T07:00:00Z,PSME,3,ambient,water,9,56
PSME6,0.77,2025-09-15T07:00:00Z,PSME,6,ambient,drought,9,56
PSME12,0.79,2025-09-15T07:00:00Z,PSME,12,ambient,water,9,56
PSME15,0.73,2025-09-15T07:00:00Z,PSME,15,ambient,drought,9,56
PSME17,0.78,2025-09-15T07:00:00Z,PSME,17,ambient,water,9,56
PSME20,0.75,2025-09-15T07:00:00Z,PSME,20,ambient,drought,9,56
PSME22,0.73,2025-09-15T07:00:00Z,PSME,22,ambient,water,9,56
PSME26,0.71,2025-09-15T07:00:00Z,PSME,26,ambient,drought,9,56
PSME27,0.79,2025-09-15T07:00:00Z,PSME,27,ambient,water,9,56
PSME30,0.76,2025-09-15T07:00:00Z,PSME,30,ambient,drought,9,56
PSME31,0.82,2025-09-15T07:00:00Z,PSME,31,heatwave,water,9,56
PSME35,0.8,2025-09-15T07:00:00Z,PSME,35,heatwave,drought,9,56
PSME37,0.79,2025-09-15T07:00:00Z,PSME,37,heatwave,water,9,56
PSME42,0.75,2025-09-15T07:00:00Z,PSME,42,heatwave,drought,9,56
PSME45,0.72,2025-09-15T07:00:00Z,PSME,45,heatwave,water,9,56
PSME46,0.76,2025-09-15T07:00:00Z,PSME,46,heatwave,drought,9,56
PSME48,0.76,2025-09-15T07:00:00Z,PSME,48,heatwave,water,9,56
PSME50,0.69,2025-09-15T07:00:00Z,PSME,50,heatwave,drought,9,56
PSME57,0.78,2025-09-15T07:00:00Z,PSME,57,heatwave,water,9,56
PSME58,0.73,2025-09-15T07:00:00Z,PSME,58,heatwave,drought,9,56
PSME3,0.8,2025-09-22T07:00:00Z,PSME,3,ambient,water,10,63
PSME6,0.78,2025-09-22T07:00:00Z,PSME,6,ambient,drought,10,63
PSME12,0.77,2025-09-22T07:00:00Z,PSME,12,ambient,water,10,63
PSME15,0.73,2025-09-22T07:00:00Z,PSME,15,ambient,drought,10,63
PSME17,0.81,2025-09-22T07:00:00Z,PSME,17,ambient,water,10,63
PSME20,0.76,2025-09-22T07:00:00Z,PSME,20,ambient,drought,10,63
PSME22,0.71,2025-09-22T07:00:00Z,PSME,22,ambient,water,10,63
PSME26,0.43,2025-09-22T07:00:00Z,PSME,26,ambient,drought,10,63
PSME27,0.77,2025-09-22T07:00:00Z,PSME,27,ambient,water,10,63
PSME30,0.75,2025-09-22T07:00:00Z,PSME,30,ambient,drought,10,63
PSME31,0.81,2025-09-22T07:00:00Z,PSME,31,heatwave,water,10,63
PSME35,0.8,2025-09-22T07:00:00Z,PSME,35,heatwave,drought,10,63
PSME37,0.79,2025-09-22T07:00:00Z,PSME,37,heatwave,water,10,63
PSME42,0.72,2025-09-22T07:00:00Z,PSME,42,heatwave,drought,10,63
PSME45,0.77,2025-09-22T07:00:00Z,PSME,45,heatwave,water,10,63
PSME46,0.74,2025-09-22T07:00:00Z,PSME,46,heatwave,drought,10,63
PSME48,0.78,2025-09-22T07:00:00Z,PSME,48,heatwave,water,10,63
PSME50,0.62,2025-09-22T07:00:00Z,PSME,50,heatwave,drought,10,63
PSME57,0.78,2025-09-22T07:00:00Z,PSME,57,heatwave,water,10,63
PSME58,0.74,2025-09-22T07:00:00Z,PSME,58,heatwave,drought,10,63
PSME3,0.79,2025-09-29T07:00:00Z,PSME,3,ambient,water,11,70
PSME6,0.78,2025-09-29T07:00:00Z,PSME,6,ambient,drought,11,70
PSME12,0.79,2025-09-29T07:00:00Z,PSME,12,ambient,water,11,70
PSME15,0.64,2025-09-29T07:00:00Z,PSME,15,ambient,drought,11,70
PSME17,0.81,2025-09-29T07:00:00Z,PSME,17,ambient,water,11,70
PSME20,0.73,2025-09-29T07:00:00Z,PSME,20,ambient,drought,11,70
PSME22,0.51,2025-09-29T07:00:00Z,PSME,22,ambient,water,11,70
PSME26,0.56,2025-09-29T07:00:00Z,PSME,26,ambient,drought,11,70
PSME27,0.8,2025-09-29T07:00:00Z,PSME,27,ambient,water,11,70
PSME30,0.71,2025-09-29T07:00:00Z,PSME,30,ambient,drought,11,70
PSME31,0.81,2025-09-29T07:00:00Z,PSME,31,heatwave,water,11,70
PSME35,0.79,2025-09-29T07:00:00Z,PSME,35,heatwave,drought,11,70
PSME37,0.8,2025-09-29T07:00:00Z,PSME,37,heatwave,water,11,70
PSME42,0.73,2025-09-29T07:00:00Z,PSME,42,heatwave,drought,11,70
PSME45,0.77,2025-09-29T07:00:00Z,PSME,45,heatwave,water,11,70
PSME46,0.75,2025-09-29T07:00:00Z,PSME,46,heatwave,drought,11,70
PSME48,0.76,2025-09-29T07:00:00Z,PSME,48,heatwave,water,11,70
PSME50,0.49,2025-09-29T07:00:00Z,PSME,50,heatwave,drought,11,70
PSME57,0.79,2025-09-29T07:00:00Z,PSME,57,heatwave,water,11,70
PSME58,0.68,2025-09-29T07:00:00Z,PSME,58,heatwave,drought,11,70
PSME3,0.8,2025-10-06T07:00:00Z,PSME,3,ambient,water,12,77
PSME6,0.76,2025-10-06T07:00:00Z,PSME,6,ambient,drought,12,77
PSME12,0.8,2025-10-06T07:00:00Z,PSME,12,ambient,water,12,77
PSME15,0.2,2025-10-06T07:00:00Z,PSME,15,ambient,drought,12,77
PSME17,0.79,2025-10-06T07:00:00Z,PSME,17,ambient,water,12,77
PSME20,0.46,2025-10-06T07:00:00Z,PSME,20,ambient,drought,12,77
PSME22,0.01,2025-10-06T07:00:00Z,PSME,22,ambient,water,12,77
PSME26,0.04,2025-10-06T07:00:00Z,PSME,26,ambient,drought,12,77
PSME27,0.82,2025-10-06T07:00:00Z,PSME,27,ambient,water,12,77
PSME30,0.32,2025-10-06T07:00:00Z,PSME,30,ambient,drought,12,77
PSME31,0.82,2025-10-06T07:00:00Z,PSME,31,heatwave,water,12,77
PSME35,0.77,2025-10-06T07:00:00Z,PSME,35,heatwave,drought,12,77
PSME37,0.77,2025-10-06T07:00:00Z,PSME,37,heatwave,water,12,77
PSME42,0.71,2025-10-06T07:00:00Z,PSME,42,heatwave,drought,12,77
PSME45,0.78,2025-10-06T07:00:00Z,PSME,45,heatwave,water,12,77
PSME46,0.75,2025-10-06T07:00:00Z,PSME,46,heatwave,drought,12,77
PSME48,0.77,2025-10-06T07:00:00Z,PSME,48,heatwave,water,12,77
PSME50,0.04,2025-10-06T07:00:00Z,PSME,50,heatwave,drought,12,77
PSME57,0.77,2025-10-06T07:00:00Z,PSME,57,heatwave,water,12,77
PSME58,0.16,2025-10-06T07:00:00Z,PSME,58,heatwave,drought,12,77
PSME3,0.79,2025-10-13T07:00:00Z,PSME,3,ambient,water,13,84
PSME6,0.78,2025-10-13T07:00:00Z,PSME,6,ambient,drought,13,84
PSME12,0.77,2025-10-13T07:00:00Z,PSME,12,ambient,water,13,84
PSME15,0,2025-10-13T07:00:00Z,PSME,15,ambient,drought,13,84
PSME17,0.8,2025-10-13T07:00:00Z,PSME,17,ambient,water,13,84
PSME20,0.05,2025-10-13T07:00:00Z,PSME,20,ambient,drought,13,84
PSME22,NA,2025-10-13T07:00:00Z,PSME,22,ambient,water,13,84
PSME26,0,2025-10-13T07:00:00Z,PSME,26,ambient,drought,13,84
PSME27,0.8,2025-10-13T07:00:00Z,PSME,27,ambient,water,13,84
PSME30,0.01,2025-10-13T07:00:00Z,PSME,30,ambient,drought,13,84
PSME31,0.79,2025-10-13T07:00:00Z,PSME,31,heatwave,water,13,84
PSME35,0.76,2025-10-13T07:00:00Z,PSME,35,heatwave,drought,13,84
PSME37,0.81,2025-10-13T07:00:00Z,PSME,37,heatwave,water,13,84
PSME42,0.68,2025-10-13T07:00:00Z,PSME,42,heatwave,drought,13,84
PSME45,0.79,2025-10-13T07:00:00Z,PSME,45,heatwave,water,13,84
PSME46,0.75,2025-10-13T07:00:00Z,PSME,46,heatwave,drought,13,84
PSME48,0.77,2025-10-13T07:00:00Z,PSME,48,heatwave,water,13,84
PSME50,0.02,2025-10-13T07:00:00Z,PSME,50,heatwave,drought,13,84
PSME57,0.79,2025-10-13T07:00:00Z,PSME,57,heatwave,water,13,84
PSME58,0.13,2025-10-13T07:00:00Z,PSME,58,heatwave,drought,13,84
PSME3,0.78,2025-10-20T07:00:00Z,PSME,3,ambient,water,14,91
PSME6,0.73,2025-10-20T07:00:00Z,PSME,6,ambient,drought,14,91
PSME12,0.8,2025-10-20T07:00:00Z,PSME,12,ambient,water,14,91
PSME15,0,2025-10-20T07:00:00Z,PSME,15,ambient,drought,14,91
PSME17,0.81,2025-10-20T07:00:00Z,PSME,17,ambient,water,14,91
PSME20,0,2025-10-20T07:00:00Z,PSME,20,ambient,drought,14,91
PSME22,NA,2025-10-20T07:00:00Z,PSME,22,ambient,water,14,91
PSME26,0,2025-10-20T07:00:00Z,PSME,26,ambient,drought,14,91
PSME27,0.79,2025-10-20T07:00:00Z,PSME,27,ambient,water,14,91
PSME30,0,2025-10-20T07:00:00Z,PSME,30,ambient,drought,14,91
PSME31,0.8,2025-10-20T07:00:00Z,PSME,31,heatwave,water,14,91
PSME35,0.71,2025-10-20T07:00:00Z,PSME,35,heatwave,drought,14,91
PSME37,0.8,2025-10-20T07:00:00Z,PSME,37,heatwave,water,14,91
PSME42,0.61,2025-10-20T07:00:00Z,PSME,42,heatwave,drought,14,91
PSME45,0.79,2025-10-20T07:00:00Z,PSME,45,heatwave,water,14,91
PSME46,0.75,2025-10-20T07:00:00Z,PSME,46,heatwave,drought,14,91
PSME48,0.79,2025-10-20T07:00:00Z,PSME,48,heatwave,water,14,91
PSME50,0,2025-10-20T07:00:00Z,PSME,50,heatwave,drought,14,91
PSME57,0.79,2025-10-20T07:00:00Z,PSME,57,heatwave,water,14,91
PSME58,0,2025-10-20T07:00:00Z,PSME,58,heatwave,drought,14,91
PSME3,0.78,2025-10-27T07:00:00Z,PSME,3,ambient,water,15,98
PSME6,0.61,2025-10-27T07:00:00Z,PSME,6,ambient,drought,15,98
PSME12,0.81,2025-10-27T07:00:00Z,PSME,12,ambient,water,15,98
PSME15,0,2025-10-27T07:00:00Z,PSME,15,ambient,drought,15,98
PSME17,0.78,2025-10-27T07:00:00Z,PSME,17,ambient,water,15,98
PSME20,0,2025-10-27T07:00:00Z,PSME,20,ambient,drought,15,98
PSME22,NA,2025-10-27T07:00:00Z,PSME,22,ambient,water,15,98
PSME26,0,2025-10-27T07:00:00Z,PSME,26,ambient,drought,15,98
PSME27,0.8,2025-10-27T07:00:00Z,PSME,27,ambient,water,15,98
PSME30,0,2025-10-27T07:00:00Z,PSME,30,ambient,drought,15,98
PSME31,0.81,2025-10-27T07:00:00Z,PSME,31,heatwave,water,15,98
PSME35,0.51,2025-10-27T07:00:00Z,PSME,35,heatwave,drought,15,98
PSME37,0.77,2025-10-27T07:00:00Z,PSME,37,heatwave,water,15,98
PSME42,0,2025-10-27T07:00:00Z,PSME,42,heatwave,drought,15,98
PSME45,0.8,2025-10-27T07:00:00Z,PSME,45,heatwave,water,15,98
PSME46,0.72,2025-10-27T07:00:00Z,PSME,46,heatwave,drought,15,98
PSME48,0.78,2025-10-27T07:00:00Z,PSME,48,heatwave,water,15,98
PSME50,0,2025-10-27T07:00:00Z,PSME,50,heatwave,drought,15,98
PSME57,0.79,2025-10-27T07:00:00Z,PSME,57,heatwave,water,15,98
PSME58,0,2025-10-27T07:00:00Z,PSME,58,heatwave,drought,15,98
PSME3,0.79,2025-11-03T07:00:00Z,PSME,3,ambient,water,16,105
PSME6,0,2025-11-03T07:00:00Z,PSME,6,ambient,drought,16,105
PSME12,0.8,2025-11-03T07:00:00Z,PSME,12,ambient,water,16,105
PSME15,0,2025-11-03T07:00:00Z,PSME,15,ambient,drought,16,105
PSME17,0.77,2025-11-03T07:00:00Z,PSME,17,ambient,water,16,105
PSME20,0,2025-11-03T07:00:00Z,PSME,20,ambient,drought,16,105
PSME22,NA,2025-11-03T07:00:00Z,PSME,22,ambient,water,16,105
PSME26,0,2025-11-03T07:00:00Z,PSME,26,ambient,drought,16,105
PSME27,0.81,2025-11-03T07:00:00Z,PSME,27,ambient,water,16,105
PSME30,0,2025-11-03T07:00:00Z,PSME,30,ambient,drought,16,105
PSME31,0.8,2025-11-03T07:00:00Z,PSME,31,heatwave,water,16,105
PSME35,0,2025-11-03T07:00:00Z,PSME,35,heatwave,drought,16,105
PSME37,0.8,2025-11-03T07:00:00Z,PSME,37,heatwave,water,16,105
PSME42,0,2025-11-03T07:00:00Z,PSME,42,heatwave,drought,16,105
PSME45,0.79,2025-11-03T07:00:00Z,PSME,45,heatwave,water,16,105
PSME46,0.65,2025-11-03T07:00:00Z,PSME,46,heatwave,drought,16,105
PSME48,0.8,2025-11-03T07:00:00Z,PSME,48,heatwave,water,16,105
PSME50,0,2025-11-03T07:00:00Z,PSME,50,heatwave,drought,16,105
PSME57,0.81,2025-11-03T07:00:00Z,PSME,57,heatwave,water,16,105
PSME58,0,2025-11-03T07:00:00Z,PSME,58,heatwave,drought,16,105
PSME3,0.8,2025-11-10T07:00:00Z,PSME,3,ambient,water,17,112
PSME6,0,2025-11-10T07:00:00Z,PSME,6,ambient,drought,17,112
PSME12,0.78,2025-11-10T07:00:00Z,PSME,12,ambient,water,17,112
PSME15,0,2025-11-10T07:00:00Z,PSME,15,ambient,drought,17,112
PSME17,0.79,2025-11-10T07:00:00Z,PSME,17,ambient,water,17,112
PSME20,0,2025-11-10T07:00:00Z,PSME,20,ambient,drought,17,112
PSME22,NA,2025-11-10T07:00:00Z,PSME,22,ambient,water,17,112
PSME26,0,2025-11-10T07:00:00Z,PSME,26,ambient,drought,17,112
PSME27,0.8,2025-11-10T07:00:00Z,PSME,27,ambient,water,17,112
PSME30,0,2025-11-10T07:00:00Z,PSME,30,ambient,drought,17,112
PSME31,0.8,2025-11-10T07:00:00Z,PSME,31,heatwave,water,17,112
PSME35,0,2025-11-10T07:00:00Z,PSME,35,heatwave,drought,17,112
PSME37,0.8,2025-11-10T07:00:00Z,PSME,37,heatwave,water,17,112
PSME42,0,2025-11-10T07:00:00Z,PSME,42,heatwave,drought,17,112
PSME45,0.8,2025-11-10T07:00:00Z,PSME,45,heatwave,water,17,112
PSME46,0.22,2025-11-10T07:00:00Z,PSME,46,heatwave,drought,17,112
PSME48,0.78,2025-11-10T07:00:00Z,PSME,48,heatwave,water,17,112
PSME50,0,2025-11-10T07:00:00Z,PSME,50,heatwave,drought,17,112
PSME57,0.8,2025-11-10T07:00:00Z,PSME,57,heatwave,water,17,112
PSME58,0,2025-11-10T07:00:00Z,PSME,58,heatwave,drought,17,112
