TreeID,VWC_perc,date,spp,id,temp,water,day
PIEN1,13.4,2025-07-24,PIEN,1,ambient,water,3
PIEN4,10.2,2025-07-24,PIEN,4,ambient,drought,3
PIEN9,12.8,2025-07-24,PIEN,9,ambient,water,3
PIEN14,11.5,2025-07-24,PIEN,14,ambient,drought,3
PIEN18,11,2025-07-24,PIEN,18,ambient,water,3
PIEN21,11.1,2025-07-24,PIEN,21,ambient,drought,3
PIEN24,11.1,2025-07-24,PIEN,24,ambient,water,3
PIEN26,9.5,2025-07-24,PIEN,26,ambient,drought,3
PIEN27,9,2025-07-24,PIEN,27,ambient,water,3
PIEN28,11.8,2025-07-24,PIEN,28,ambient,drought,3
PIEN31,10.2,2025-07-24,PIEN,31,heatwave,water,3
PIEN33,9.4,2025-07-24,PIEN,33,heatwave,drought,3
PIEN34,9.2,2025-07-24,PIEN,34,heatwave,water,3
PIEN35,10.9,2025-07-24,PIEN,35,heatwave,drought,3
PIEN38,8.7,2025-07-24,PIEN,38,heatwave,water,3
PIEN40,8.3,2025-07-24,PIEN,40,heatwave,drought,3
PIEN42,8.5,2025-07-24,PIEN,42,heatwave,water,3
PIEN45,9.6,2025-07-24,PIEN,45,heatwave,drought,3
PIEN46,10,2025-07-24,PIEN,46,heatwave,water,3
PIEN56,9.6,2025-07-24,PIEN,56,heatwave,drought,3
PIEN1,12.6,2025-07-31,PIEN,1,ambient,water,10
PIEN4,10.5,2025-07-31,PIEN,4,ambient,drought,10
PIEN9,13.2,2025-07-31,PIEN,9,ambient,water,10
PIEN14,11.8,2025-07-31,PIEN,14,ambient,drought,10
PIEN18,10.3,2025-07-31,PIEN,18,ambient,water,10
PIEN21,8.8,2025-07-31,PIEN,21,ambient,drought,10
PIEN24,10.6,2025-07-31,PIEN,24,ambient,water,10
PIEN26,8.4,2025-07-31,PIEN,26,ambient,drought,10
PIEN27,10.5,2025-07-31,PIEN,27,ambient,water,10
PIEN28,7.6,2025-07-31,PIEN,28,ambient,drought,10
PIEN31,10.4,2025-07-31,PIEN,31,heatwave,water,10
PIEN33,8,2025-07-31,PIEN,33,heatwave,drought,10
PIEN34,9.3,2025-07-31,PIEN,34,heatwave,water,10
PIEN35,8.9,2025-07-31,PIEN,35,heatwave,drought,10
PIEN38,9.2,2025-07-31,PIEN,38,heatwave,water,10
PIEN40,7.5,2025-07-31,PIEN,40,heatwave,drought,10
PIEN42,10.7,2025-07-31,PIEN,42,heatwave,water,10
PIEN45,5.8,2025-07-31,PIEN,45,heatwave,drought,10
PIEN46,10.8,2025-07-31,PIEN,46,heatwave,water,10
PIEN56,9.7,2025-07-31,PIEN,56,heatwave,drought,10
PIEN1,13.7,2025-08-07,PIEN,1,ambient,water,17
PIEN4,8.7,2025-08-07,PIEN,4,ambient,drought,17
PIEN9,14.2,2025-08-07,PIEN,9,ambient,water,17
PIEN14,10.3,2025-08-07,PIEN,14,ambient,drought,17
PIEN18,12.9,2025-08-07,PIEN,18,ambient,water,17
PIEN21,7.5,2025-08-07,PIEN,21,ambient,drought,17
PIEN24,13.9,2025-08-07,PIEN,24,ambient,water,17
PIEN26,6,2025-08-07,PIEN,26,ambient,drought,17
PIEN27,13,2025-08-07,PIEN,27,ambient,water,17
PIEN28,4.6,2025-08-07,PIEN,28,ambient,drought,17
PIEN31,13,2025-08-07,PIEN,31,heatwave,water,17
PIEN33,7.8,2025-08-07,PIEN,33,heatwave,drought,17
PIEN34,12.3,2025-08-07,PIEN,34,heatwave,water,17
PIEN35,7.7,2025-08-07,PIEN,35,heatwave,drought,17
PIEN38,11.9,2025-08-07,PIEN,38,heatwave,water,17
PIEN40,2.7,2025-08-07,PIEN,40,heatwave,drought,17
PIEN42,12.4,2025-08-07,PIEN,42,heatwave,water,17
PIEN45,2.4,2025-08-07,PIEN,45,heatwave,drought,17
PIEN46,13.6,2025-08-07,PIEN,46,heatwave,water,17
PIEN56,8.4,2025-08-07,PIEN,56,heatwave,drought,17
PIEN1,14.4,2025-08-14,PIEN,1,ambient,water,24
PIEN4,7.6,2025-08-14,PIEN,4,ambient,drought,24
PIEN9,15.7,2025-08-14,PIEN,9,ambient,water,24
PIEN14,8.7,2025-08-14,PIEN,14,ambient,drought,24
PIEN18,13,2025-08-14,PIEN,18,ambient,water,24
PIEN21,6.8,2025-08-14,PIEN,21,ambient,drought,24
PIEN24,16,2025-08-14,PIEN,24,ambient,water,24
PIEN26,2.5,2025-08-14,PIEN,26,ambient,drought,24
PIEN27,12.7,2025-08-14,PIEN,27,ambient,water,24
PIEN28,0.1,2025-08-14,PIEN,28,ambient,drought,24
PIEN31,9.2,2025-08-14,PIEN,31,heatwave,water,24
PIEN33,6.2,2025-08-14,PIEN,33,heatwave,drought,24
PIEN34,8.3,2025-08-14,PIEN,34,heatwave,water,24
PIEN35,3.2,2025-08-14,PIEN,35,heatwave,drought,24
PIEN38,7.9,2025-08-14,PIEN,38,heatwave,water,24
PIEN40,0,2025-08-14,PIEN,40,heatwave,drought,24
PIEN42,7.7,2025-08-14,PIEN,42,heatwave,water,24
PIEN45,0.3,2025-08-14,PIEN,45,heatwave,drought,24
PIEN46,11.3,2025-08-14,PIEN,46,heatwave,water,24
PIEN56,7.5,2025-08-14,PIEN,56,heatwave,drought,24
PIEN1,16,2025-08-19,PIEN,1,ambient,water,29
PIEN4,6.7,2025-08-19,PIEN,4,ambient,drought,29
PIEN9,14.2,2025-08-19,PIEN,9,ambient,water,29
PIEN14,7.7,2025-08-19,PIEN,14,ambient,drought,29
PIEN18,14.1,2025-08-19,PIEN,18,ambient,water,29
PIEN21,4.3,2025-08-19,PIEN,21,ambient,drought,29
PIEN24,16.5,2025-08-19,PIEN,24,ambient,water,29
PIEN26,2.9,2025-08-19,PIEN,26,ambient,drought,29
PIEN27,13.3,2025-08-19,PIEN,27,ambient,water,29
PIEN28,0,2025-08-19,PIEN,28,ambient,drought,29
PIEN31,11.6,2025-08-19,PIEN,31,heatwave,water,29
PIEN33,1.1,2025-08-19,PIEN,33,heatwave,drought,29
PIEN34,11.3,2025-08-19,PIEN,34,heatwave,water,29
PIEN35,0.3,2025-08-19,PIEN,35,heatwave,drought,29
PIEN38,8.4,2025-08-19,PIEN,38,heatwave,water,29
PIEN40,0,2025-08-19,PIEN,40,heatwave,drought,29
PIEN42,10.1,2025-08-19,PIEN,42,heatwave,water,29
PIEN45,0,2025-08-19,PIEN,45,heatwave,drought,29
PIEN46,15.4,2025-08-19,PIEN,46,heatwave,water,29
PIEN56,2.6,2025-08-19,PIEN,56,heatwave,drought,29
PIEN1,15,2025-09-05,PIEN,1,ambient,water,46
PIEN4,3.2,2025-09-05,PIEN,4,ambient,drought,46
PIEN9,17.3,2025-09-05,PIEN,9,ambient,water,46
PIEN14,2.4,2025-09-05,PIEN,14,ambient,drought,46
PIEN18,13.2,2025-09-05,PIEN,18,ambient,water,46
PIEN21,2,2025-09-05,PIEN,21,ambient,drought,46
PIEN24,17.9,2025-09-05,PIEN,24,ambient,water,46
PIEN26,0,2025-09-05,PIEN,26,ambient,drought,46
PIEN27,14.8,2025-09-05,PIEN,27,ambient,water,46
PIEN28,0,2025-09-05,PIEN,28,ambient,drought,46
PIEN31,14.3,2025-09-05,PIEN,31,heatwave,water,46
PIEN33,0.6,2025-09-05,PIEN,33,heatwave,drought,46
PIEN34,14.9,2025-09-05,PIEN,34,heatwave,water,46
PIEN35,0,2025-09-05,PIEN,35,heatwave,drought,46
PIEN38,14.1,2025-09-05,PIEN,38,heatwave,water,46
PIEN40,0,2025-09-05,PIEN,40,heatwave,drought,46
PIEN42,16.8,2025-09-05,PIEN,42,heatwave,water,46
PIEN45,0,2025-09-05,PIEN,45,heatwave,drought,46
PIEN46,16.5,2025-09-05,PIEN,46,heatwave,water,46
PIEN56,0.4,2025-09-05,PIEN,56,heatwave,drought,46
PIEN1,14.6,2025-09-19,PIEN,1,ambient,water,60
PIEN4,0,2025-09-19,PIEN,4,ambient,drought,60
PIEN9,15.8,2025-09-19,PIEN,9,ambient,water,60
PIEN14,4.2,2025-09-19,PIEN,14,ambient,drought,60
PIEN18,13.9,2025-09-19,PIEN,18,ambient,water,60
PIEN21,0,2025-09-19,PIEN,21,ambient,drought,60
PIEN24,18.1,2025-09-19,PIEN,24,ambient,water,60
PIEN26,0,2025-09-19,PIEN,26,ambient,drought,60
PIEN27,16.7,2025-09-19,PIEN,27,ambient,water,60
PIEN28,0,2025-09-19,PIEN,28,ambient,drought,60
PIEN31,13.9,2025-09-19,PIEN,31,heatwave,water,60
PIEN33,0,2025-09-19,PIEN,33,heatwave,drought,60
PIEN34,15.7,2025-09-19,PIEN,34,heatwave,water,60
PIEN35,0,2025-09-19,PIEN,35,heatwave,drought,60
PIEN38,14.8,2025-09-19,PIEN,38,heatwave,water,60
PIEN40,0,2025-09-19,PIEN,40,heatwave,drought,60
PIEN42,15.8,2025-09-19,PIEN,42,heatwave,water,60
PIEN45,0,2025-09-19,PIEN,45,heatwave,drought,60
PIEN46,15.7,2025-09-19,PIEN,46,heatwave,water,60
PIEN56,0,2025-09-19,PIEN,56,heatwave,drought,60
PIEN1,15,2025-09-26,PIEN,1,ambient,water,67
PIEN4,0,2025-09-26,PIEN,4,ambient,drought,67
PIEN9,16.9,2025-09-26,PIEN,9,ambient,water,67
PIEN14,0.5,2025-09-26,PIEN,14,ambient,drought,67
PIEN18,15,2025-09-26,PIEN,18,ambient,water,67
PIEN21,0,2025-09-26,PIEN,21,ambient,drought,67
PIEN24,18.7,2025-09-26,PIEN,24,ambient,water,67
PIEN26,0,2025-09-26,PIEN,26,ambient,drought,67
PIEN27,16.7,2025-09-26,PIEN,27,ambient,water,67
PIEN28,0,2025-09-26,PIEN,28,ambient,drought,67
PIEN31,14.6,2025-09-26,PIEN,31,heatwave,water,67
PIEN33,0,2025-09-26,PIEN,33,heatwave,drought,67
PIEN34,16.8,2025-09-26,PIEN,34,heatwave,water,67
PIEN35,0,2025-09-26,PIEN,35,heatwave,drought,67
PIEN38,17.4,2025-09-26,PIEN,38,heatwave,water,67
PIEN40,0,2025-09-26,PIEN,40,heatwave,drought,67
PIEN42,17.9,2025-09-26,PIEN,42,heatwave,water,67
PIEN45,0,2025-09-26,PIEN,45,heatwave,drought,67
PIEN46,18.7,2025-09-26,PIEN,46,heatwave,water,67
PIEN56,0,2025-09-26,PIEN,56,heatwave,drought,67
PIEN1,14.7,2025-10-03,PIEN,1,ambient,water,74
PIEN4,0,2025-10-03,PIEN,4,ambient,drought,74
PIEN9,16.2,2025-10-03,PIEN,9,ambient,water,74
PIEN14,0,2025-10-03,PIEN,14,ambient,drought,74
PIEN18,14.8,2025-10-03,PIEN,18,ambient,water,74
PIEN21,0,2025-10-03,PIEN,21,ambient,drought,74
PIEN24,15.9,2025-10-03,PIEN,24,ambient,water,74
PIEN26,0,2025-10-03,PIEN,26,ambient,drought,74
PIEN27,16.2,2025-10-03,PIEN,27,ambient,water,74
PIEN28,0,2025-10-03,PIEN,28,ambient,drought,74
PIEN31,15.4,2025-10-03,PIEN,31,heatwave,water,74
PIEN33,0,2025-10-03,PIEN,33,heatwave,drought,74
PIEN34,15.1,2025-10-03,PIEN,34,heatwave,water,74
PIEN35,0,2025-10-03,PIEN,35,heatwave,drought,74
PIEN38,14.9,2025-10-03,PIEN,38,heatwave,water,74
PIEN40,0,2025-10-03,PIEN,40,heatwave,drought,74
PIEN42,15.3,2025-10-03,PIEN,42,heatwave,water,74
PIEN45,0,2025-10-03,PIEN,45,heatwave,drought,74
PIEN46,16.9,2025-10-03,PIEN,46,heatwave,water,74
PIEN56,0,2025-10-03,PIEN,56,heatwave,drought,74
PIEN1,13.3,2025-10-10,PIEN,1,ambient,water,81
PIEN4,0,2025-10-10,PIEN,4,ambient,drought,81
PIEN9,16.5,2025-10-10,PIEN,9,ambient,water,81
PIEN14,0,2025-10-10,PIEN,14,ambient,drought,81
PIEN18,13.9,2025-10-10,PIEN,18,ambient,water,81
PIEN21,0,2025-10-10,PIEN,21,ambient,drought,81
PIEN24,13.9,2025-10-10,PIEN,24,ambient,water,81
PIEN26,0,2025-10-10,PIEN,26,ambient,drought,81
PIEN27,14,2025-10-10,PIEN,27,ambient,water,81
PIEN28,0,2025-10-10,PIEN,28,ambient,drought,81
PIEN31,13.1,2025-10-10,PIEN,31,heatwave,water,81
PIEN33,0,2025-10-10,PIEN,33,heatwave,drought,81
PIEN34,12.7,2025-10-10,PIEN,34,heatwave,water,81
PIEN35,0,2025-10-10,PIEN,35,heatwave,drought,81
PIEN38,10.9,2025-10-10,PIEN,38,heatwave,water,81
PIEN40,0,2025-10-10,PIEN,40,heatwave,drought,81
PIEN42,14.5,2025-10-10,PIEN,42,heatwave,water,81
PIEN45,0,2025-10-10,PIEN,45,heatwave,drought,81
PIEN46,16.8,2025-10-10,PIEN,46,heatwave,water,81
PIEN56,0,2025-10-10,PIEN,56,heatwave,drought,81
PIEN1,16.2,2025-10-17,PIEN,1,ambient,water,88
PIEN4,0,2025-10-17,PIEN,4,ambient,drought,88
PIEN9,17.2,2025-10-17,PIEN,9,ambient,water,88
PIEN14,0,2025-10-17,PIEN,14,ambient,drought,88
PIEN18,16.8,2025-10-17,PIEN,18,ambient,water,88
PIEN21,0,2025-10-17,PIEN,21,ambient,drought,88
PIEN24,18.5,2025-10-17,PIEN,24,ambient,water,88
PIEN26,0,2025-10-17,PIEN,26,ambient,drought,88
PIEN27,16.9,2025-10-17,PIEN,27,ambient,water,88
PIEN28,0,2025-10-17,PIEN,28,ambient,drought,88
PIEN31,15.9,2025-10-17,PIEN,31,heatwave,water,88
PIEN33,0,2025-10-17,PIEN,33,heatwave,drought,88
PIEN34,15.9,2025-10-17,PIEN,34,heatwave,water,88
PIEN35,0,2025-10-17,PIEN,35,heatwave,drought,88
PIEN38,14.1,2025-10-17,PIEN,38,heatwave,water,88
PIEN40,0,2025-10-17,PIEN,40,heatwave,drought,88
PIEN42,17.9,2025-10-17,PIEN,42,heatwave,water,88
PIEN45,0,2025-10-17,PIEN,45,heatwave,drought,88
PIEN46,19.7,2025-10-17,PIEN,46,heatwave,water,88
PIEN56,0,2025-10-17,PIEN,56,heatwave,drought,88
PIEN1,12,2025-10-24,PIEN,1,ambient,water,95
PIEN4,0,2025-10-24,PIEN,4,ambient,drought,95
PIEN9,16.4,2025-10-24,PIEN,9,ambient,water,95
PIEN14,0,2025-10-24,PIEN,14,ambient,drought,95
PIEN18,14.8,2025-10-24,PIEN,18,ambient,water,95
PIEN21,0,2025-10-24,PIEN,21,ambient,drought,95
PIEN24,14.1,2025-10-24,PIEN,24,ambient,water,95
PIEN26,0,2025-10-24,PIEN,26,ambient,drought,95
PIEN27,13.2,2025-10-24,PIEN,27,ambient,water,95
PIEN28,0,2025-10-24,PIEN,28,ambient,drought,95
PIEN31,13.8,2025-10-24,PIEN,31,heatwave,water,95
PIEN33,0,2025-10-24,PIEN,33,heatwave,drought,95
PIEN34,13.7,2025-10-24,PIEN,34,heatwave,water,95
PIEN35,0,2025-10-24,PIEN,35,heatwave,drought,95
PIEN38,10.2,2025-10-24,PIEN,38,heatwave,water,95
PIEN40,0,2025-10-24,PIEN,40,heatwave,drought,95
PIEN42,14.4,2025-10-24,PIEN,42,heatwave,water,95
PIEN45,0,2025-10-24,PIEN,45,heatwave,drought,95
PIEN46,15.7,2025-10-24,PIEN,46,heatwave,water,95
PIEN56,0,2025-10-24,PIEN,56,heatwave,drought,95
PIEN1,12.8,2025-10-31,PIEN,1,ambient,water,102
PIEN4,0,2025-10-31,PIEN,4,ambient,drought,102
PIEN9,16.6,2025-10-31,PIEN,9,ambient,water,102
PIEN14,0,2025-10-31,PIEN,14,ambient,drought,102
PIEN18,14,2025-10-31,PIEN,18,ambient,water,102
PIEN21,0,2025-10-31,PIEN,21,ambient,drought,102
PIEN24,14,2025-10-31,PIEN,24,ambient,water,102
PIEN26,0,2025-10-31,PIEN,26,ambient,drought,102
PIEN27,14.3,2025-10-31,PIEN,27,ambient,water,102
PIEN28,0,2025-10-31,PIEN,28,ambient,drought,102
PIEN31,13.6,2025-10-31,PIEN,31,heatwave,water,102
PIEN33,0,2025-10-31,PIEN,33,heatwave,drought,102
PIEN34,13.5,2025-10-31,PIEN,34,heatwave,water,102
PIEN35,0,2025-10-31,PIEN,35,heatwave,drought,102
PIEN38,10.7,2025-10-31,PIEN,38,heatwave,water,102
PIEN40,0,2025-10-31,PIEN,40,heatwave,drought,102
PIEN42,14.3,2025-10-31,PIEN,42,heatwave,water,102
PIEN45,0,2025-10-31,PIEN,45,heatwave,drought,102
PIEN46,17.8,2025-10-31,PIEN,46,heatwave,water,102
PIEN56,0,2025-10-31,PIEN,56,heatwave,drought,102
PIEN1,13,2025-11-07,PIEN,1,ambient,water,109
PIEN4,0,2025-11-07,PIEN,4,ambient,drought,109
PIEN9,16.3,2025-11-07,PIEN,9,ambient,water,109
PIEN14,0,2025-11-07,PIEN,14,ambient,drought,109
PIEN18,13.8,2025-11-07,PIEN,18,ambient,water,109
PIEN21,0,2025-11-07,PIEN,21,ambient,drought,109
PIEN24,13.2,2025-11-07,PIEN,24,ambient,water,109
PIEN26,0,2025-11-07,PIEN,26,ambient,drought,109
PIEN27,12.1,2025-11-07,PIEN,27,ambient,water,109
PIEN28,0,2025-11-07,PIEN,28,ambient,drought,109
PIEN31,13.2,2025-11-07,PIEN,31,heatwave,water,109
PIEN33,0,2025-11-07,PIEN,33,heatwave,drought,109
PIEN34,13.9,2025-11-07,PIEN,34,heatwave,water,109
PIEN38,11.1,2025-11-07,PIEN,38,heatwave,water,109
PIEN42,13.1,2025-11-07,PIEN,42,heatwave,water,109
PIEN46,16.2,2025-11-07,PIEN,46,heatwave,water,109
PIEN56,0,2025-11-07,PIEN,56,heatwave,drought,109
PIEN1,18.4,2025-11-17,PIEN,1,ambient,water,119
PIEN4,0,2025-11-17,PIEN,4,ambient,drought,119
PIEN9,19.6,2025-11-17,PIEN,9,ambient,water,119
PIEN14,0,2025-11-17,PIEN,14,ambient,drought,119
PIEN18,17.1,2025-11-17,PIEN,18,ambient,water,119
PIEN24,19.2,2025-11-17,PIEN,24,ambient,water,119
PIEN26,0,2025-11-17,PIEN,26,ambient,drought,119
PIEN27,17.9,2025-11-17,PIEN,27,ambient,water,119
PIEN31,19.1,2025-11-17,PIEN,31,heatwave,water,119
PIEN33,0,2025-11-17,PIEN,33,heatwave,drought,119
PIEN34,19.2,2025-11-17,PIEN,34,heatwave,water,119
PIEN38,18.9,2025-11-17,PIEN,38,heatwave,water,119
PIEN42,19.6,2025-11-17,PIEN,42,heatwave,water,119
PIEN46,21,2025-11-17,PIEN,46,heatwave,water,119
PIEN56,0,2025-11-17,PIEN,56,heatwave,drought,119
PIFL1,10.9,2025-07-24,PIFL,1,ambient,water,3
PIFL3,9.5,2025-07-24,PIFL,3,ambient,drought,3
PIFL9,8.8,2025-07-24,PIFL,9,ambient,water,3
PIFL10,8.5,2025-07-24,PIFL,10,ambient,drought,3
PIFL12,8.2,2025-07-24,PIFL,12,ambient,water,3
PIFL17,9.1,2025-07-24,PIFL,17,ambient,drought,3
PIFL21,10.6,2025-07-24,PIFL,21,ambient,water,3
PIFL27,10.5,2025-07-24,PIFL,27,ambient,drought,3
PIFL28,10.1,2025-07-24,PIFL,28,ambient,water,3
PIFL29,11.5,2025-07-24,PIFL,29,ambient,drought,3
PIFL36,10.7,2025-07-24,PIFL,36,heatwave,water,3
PIFL40,11.2,2025-07-24,PIFL,40,heatwave,drought,3
PIFL41,9.2,2025-07-24,PIFL,41,heatwave,water,3
PIFL43,9.2,2025-07-24,PIFL,43,heatwave,drought,3
PIFL46,9.9,2025-07-24,PIFL,46,heatwave,water,3
PIFL47,9.1,2025-07-24,PIFL,47,heatwave,drought,3
PIFL52,9.5,2025-07-24,PIFL,52,heatwave,water,3
PIFL54,9.9,2025-07-24,PIFL,54,heatwave,drought,3
PIFL55,9,2025-07-24,PIFL,55,heatwave,water,3
PIFL57,9.8,2025-07-24,PIFL,57,heatwave,drought,3
PIFL1,10.6,2025-07-31,PIFL,1,ambient,water,10
PIFL3,8.9,2025-07-31,PIFL,3,ambient,drought,10
PIFL9,9.2,2025-07-31,PIFL,9,ambient,water,10
PIFL10,7.2,2025-07-31,PIFL,10,ambient,drought,10
PIFL12,7.4,2025-07-31,PIFL,12,ambient,water,10
PIFL17,8.2,2025-07-31,PIFL,17,ambient,drought,10
PIFL21,11.2,2025-07-31,PIFL,21,ambient,water,10
PIFL27,9.8,2025-07-31,PIFL,27,ambient,drought,10
PIFL28,8.9,2025-07-31,PIFL,28,ambient,water,10
PIFL29,8.9,2025-07-31,PIFL,29,ambient,drought,10
PIFL36,10.3,2025-07-31,PIFL,36,heatwave,water,10
PIFL40,12.2,2025-07-31,PIFL,40,heatwave,drought,10
PIFL41,10.7,2025-07-31,PIFL,41,heatwave,water,10
PIFL43,8.8,2025-07-31,PIFL,43,heatwave,drought,10
PIFL46,9.6,2025-07-31,PIFL,46,heatwave,water,10
PIFL47,9,2025-07-31,PIFL,47,heatwave,drought,10
PIFL52,10.1,2025-07-31,PIFL,52,heatwave,water,10
PIFL54,12.2,2025-07-31,PIFL,54,heatwave,drought,10
PIFL55,8.6,2025-07-31,PIFL,55,heatwave,water,10
PIFL57,8.8,2025-07-31,PIFL,57,heatwave,drought,10
PIFL1,11.8,2025-08-07,PIFL,1,ambient,water,17
PIFL3,7.5,2025-08-07,PIFL,3,ambient,drought,17
PIFL9,11.9,2025-08-07,PIFL,9,ambient,water,17
PIFL10,5.2,2025-08-07,PIFL,10,ambient,drought,17
PIFL12,9.5,2025-08-07,PIFL,12,ambient,water,17
PIFL17,7.5,2025-08-07,PIFL,17,ambient,drought,17
PIFL21,9.4,2025-08-07,PIFL,21,ambient,water,17
PIFL27,9.8,2025-08-07,PIFL,27,ambient,drought,17
PIFL28,9.4,2025-08-07,PIFL,28,ambient,water,17
PIFL29,8.1,2025-08-07,PIFL,29,ambient,drought,17
PIFL36,13.2,2025-08-07,PIFL,36,heatwave,water,17
PIFL40,10.8,2025-08-07,PIFL,40,heatwave,drought,17
PIFL41,11.9,2025-08-07,PIFL,41,heatwave,water,17
PIFL43,8.3,2025-08-07,PIFL,43,heatwave,drought,17
PIFL46,10.9,2025-08-07,PIFL,46,heatwave,water,17
PIFL47,9,2025-08-07,PIFL,47,heatwave,drought,17
PIFL52,11.7,2025-08-07,PIFL,52,heatwave,water,17
PIFL54,9.9,2025-08-07,PIFL,54,heatwave,drought,17
PIFL55,10.4,2025-08-07,PIFL,55,heatwave,water,17
PIFL57,8.8,2025-08-07,PIFL,57,heatwave,drought,17
PIFL1,13.2,2025-08-14,PIFL,1,ambient,water,24
PIFL3,7.4,2025-08-14,PIFL,3,ambient,drought,24
PIFL9,13.1,2025-08-14,PIFL,9,ambient,water,24
PIFL10,0.7,2025-08-14,PIFL,10,ambient,drought,24
PIFL12,10.9,2025-08-14,PIFL,12,ambient,water,24
PIFL17,4.5,2025-08-14,PIFL,17,ambient,drought,24
PIFL21,10.4,2025-08-14,PIFL,21,ambient,water,24
PIFL27,8.5,2025-08-14,PIFL,27,ambient,drought,24
PIFL28,11.7,2025-08-14,PIFL,28,ambient,water,24
PIFL29,8,2025-08-14,PIFL,29,ambient,drought,24
PIFL36,11.2,2025-08-14,PIFL,36,heatwave,water,24
PIFL40,8.9,2025-08-14,PIFL,40,heatwave,drought,24
PIFL41,8.7,2025-08-14,PIFL,41,heatwave,water,24
PIFL43,3.4,2025-08-14,PIFL,43,heatwave,drought,24
PIFL46,8.1,2025-08-14,PIFL,46,heatwave,water,24
PIFL47,7.9,2025-08-14,PIFL,47,heatwave,drought,24
PIFL52,12.3,2025-08-14,PIFL,52,heatwave,water,24
PIFL54,8.1,2025-08-14,PIFL,54,heatwave,drought,24
PIFL55,5.3,2025-08-14,PIFL,55,heatwave,water,24
PIFL57,8,2025-08-14,PIFL,57,heatwave,drought,24
PIFL1,13.6,2025-08-19,PIFL,1,ambient,water,29
PIFL3,7.5,2025-08-19,PIFL,3,ambient,drought,29
PIFL9,12.7,2025-08-19,PIFL,9,ambient,water,29
PIFL10,1.4,2025-08-19,PIFL,10,ambient,drought,29
PIFL12,12.5,2025-08-19,PIFL,12,ambient,water,29
PIFL17,2,2025-08-19,PIFL,17,ambient,drought,29
PIFL21,13.4,2025-08-19,PIFL,21,ambient,water,29
PIFL27,8.7,2025-08-19,PIFL,27,ambient,drought,29
PIFL28,12.4,2025-08-19,PIFL,28,ambient,water,29
PIFL29,7.2,2025-08-19,PIFL,29,ambient,drought,29
PIFL36,14.1,2025-08-19,PIFL,36,heatwave,water,29
PIFL40,7.4,2025-08-19,PIFL,40,heatwave,drought,29
PIFL41,11.3,2025-08-19,PIFL,41,heatwave,water,29
PIFL43,0.8,2025-08-19,PIFL,43,heatwave,drought,29
PIFL46,11.2,2025-08-19,PIFL,46,heatwave,water,29
PIFL47,4.6,2025-08-19,PIFL,47,heatwave,drought,29
PIFL52,15.8,2025-08-19,PIFL,52,heatwave,water,29
PIFL54,6.6,2025-08-19,PIFL,54,heatwave,drought,29
PIFL55,8.8,2025-08-19,PIFL,55,heatwave,water,29
PIFL57,1.9,2025-08-19,PIFL,57,heatwave,drought,29
PIFL1,13.7,2025-09-05,PIFL,1,ambient,water,46
PIFL3,6.8,2025-09-05,PIFL,3,ambient,drought,46
PIFL9,15.4,2025-09-05,PIFL,9,ambient,water,46
PIFL10,0,2025-09-05,PIFL,10,ambient,drought,46
PIFL12,12.7,2025-09-05,PIFL,12,ambient,water,46
PIFL17,0,2025-09-05,PIFL,17,ambient,drought,46
PIFL21,13.1,2025-09-05,PIFL,21,ambient,water,46
PIFL27,7.7,2025-09-05,PIFL,27,ambient,drought,46
PIFL28,11.1,2025-09-05,PIFL,28,ambient,water,46
PIFL29,7.4,2025-09-05,PIFL,29,ambient,drought,46
PIFL36,16,2025-09-05,PIFL,36,heatwave,water,46
PIFL40,7.4,2025-09-05,PIFL,40,heatwave,drought,46
PIFL41,10.9,2025-09-05,PIFL,41,heatwave,water,46
PIFL43,0,2025-09-05,PIFL,43,heatwave,drought,46
PIFL46,12.4,2025-09-05,PIFL,46,heatwave,water,46
PIFL47,6.9,2025-09-05,PIFL,47,heatwave,drought,46
PIFL52,16.5,2025-09-05,PIFL,52,heatwave,water,46
PIFL54,3.1,2025-09-05,PIFL,54,heatwave,drought,46
PIFL55,9.3,2025-09-05,PIFL,55,heatwave,water,46
PIFL57,1.2,2025-09-05,PIFL,57,heatwave,drought,46
PIFL1,14.6,2025-09-19,PIFL,1,ambient,water,60
PIFL3,3.9,2025-09-19,PIFL,3,ambient,drought,60
PIFL9,16.3,2025-09-19,PIFL,9,ambient,water,60
PIFL10,0,2025-09-19,PIFL,10,ambient,drought,60
PIFL12,14.7,2025-09-19,PIFL,12,ambient,water,60
PIFL17,0,2025-09-19,PIFL,17,ambient,drought,60
PIFL21,15.7,2025-09-19,PIFL,21,ambient,water,60
PIFL27,7.7,2025-09-19,PIFL,27,ambient,drought,60
PIFL28,11.5,2025-09-19,PIFL,28,ambient,water,60
PIFL29,5.5,2025-09-19,PIFL,29,ambient,drought,60
PIFL36,14.4,2025-09-19,PIFL,36,heatwave,water,60
PIFL40,7.5,2025-09-19,PIFL,40,heatwave,drought,60
PIFL41,15.3,2025-09-19,PIFL,41,heatwave,water,60
PIFL43,0,2025-09-19,PIFL,43,heatwave,drought,60
PIFL46,13.4,2025-09-19,PIFL,46,heatwave,water,60
PIFL47,6.7,2025-09-19,PIFL,47,heatwave,drought,60
PIFL52,15.9,2025-09-19,PIFL,52,heatwave,water,60
PIFL54,3,2025-09-19,PIFL,54,heatwave,drought,60
PIFL55,12.5,2025-09-19,PIFL,55,heatwave,water,60
PIFL57,0,2025-09-19,PIFL,57,heatwave,drought,60
PIFL1,14.9,2025-09-26,PIFL,1,ambient,water,67
PIFL3,3,2025-09-26,PIFL,3,ambient,drought,67
PIFL9,15.9,2025-09-26,PIFL,9,ambient,water,67
PIFL10,0,2025-09-26,PIFL,10,ambient,drought,67
PIFL12,15.9,2025-09-26,PIFL,12,ambient,water,67
PIFL17,0,2025-09-26,PIFL,17,ambient,drought,67
PIFL21,14.5,2025-09-26,PIFL,21,ambient,water,67
PIFL27,7.6,2025-09-26,PIFL,27,ambient,drought,67
PIFL28,13.2,2025-09-26,PIFL,28,ambient,water,67
PIFL29,1.8,2025-09-26,PIFL,29,ambient,drought,67
PIFL36,14.1,2025-09-26,PIFL,36,heatwave,water,67
PIFL40,9,2025-09-26,PIFL,40,heatwave,drought,67
PIFL41,15.3,2025-09-26,PIFL,41,heatwave,water,67
PIFL43,0,2025-09-26,PIFL,43,heatwave,drought,67
PIFL46,13.6,2025-09-26,PIFL,46,heatwave,water,67
PIFL47,5.5,2025-09-26,PIFL,47,heatwave,drought,67
PIFL52,15.6,2025-09-26,PIFL,52,heatwave,water,67
PIFL54,2.5,2025-09-26,PIFL,54,heatwave,drought,67
PIFL55,14.1,2025-09-26,PIFL,55,heatwave,water,67
PIFL57,0,2025-09-26,PIFL,57,heatwave,drought,67
PIFL1,14.5,2025-10-03,PIFL,1,ambient,water,74
PIFL3,3.2,2025-10-03,PIFL,3,ambient,drought,74
PIFL9,15.6,2025-10-03,PIFL,9,ambient,water,74
PIFL10,0,2025-10-03,PIFL,10,ambient,drought,74
PIFL12,15.6,2025-10-03,PIFL,12,ambient,water,74
PIFL17,0,2025-10-03,PIFL,17,ambient,drought,74
PIFL21,14.8,2025-10-03,PIFL,21,ambient,water,74
PIFL27,6.4,2025-10-03,PIFL,27,ambient,drought,74
PIFL28,13.8,2025-10-03,PIFL,28,ambient,water,74
PIFL29,0.5,2025-10-03,PIFL,29,ambient,drought,74
PIFL36,15.6,2025-10-03,PIFL,36,heatwave,water,74
PIFL40,8.1,2025-10-03,PIFL,40,heatwave,drought,74
PIFL41,13.1,2025-10-03,PIFL,41,heatwave,water,74
PIFL43,0,2025-10-03,PIFL,43,heatwave,drought,74
PIFL46,13.2,2025-10-03,PIFL,46,heatwave,water,74
PIFL47,3,2025-10-03,PIFL,47,heatwave,drought,74
PIFL52,16.9,2025-10-03,PIFL,52,heatwave,water,74
PIFL54,0.3,2025-10-03,PIFL,54,heatwave,drought,74
PIFL55,12.7,2025-10-03,PIFL,55,heatwave,water,74
PIFL57,0,2025-10-03,PIFL,57,heatwave,drought,74
PIFL1,12.4,2025-10-10,PIFL,1,ambient,water,81
PIFL3,0.5,2025-10-10,PIFL,3,ambient,drought,81
PIFL9,14.6,2025-10-10,PIFL,9,ambient,water,81
PIFL10,0,2025-10-10,PIFL,10,ambient,drought,81
PIFL12,14.9,2025-10-10,PIFL,12,ambient,water,81
PIFL17,0,2025-10-10,PIFL,17,ambient,drought,81
PIFL21,14.2,2025-10-10,PIFL,21,ambient,water,81
PIFL27,3.9,2025-10-10,PIFL,27,ambient,drought,81
PIFL28,10.3,2025-10-10,PIFL,28,ambient,water,81
PIFL29,0.9,2025-10-10,PIFL,29,ambient,drought,81
PIFL36,15.3,2025-10-10,PIFL,36,heatwave,water,81
PIFL40,8.4,2025-10-10,PIFL,40,heatwave,drought,81
PIFL41,10.5,2025-10-10,PIFL,41,heatwave,water,81
PIFL43,0,2025-10-10,PIFL,43,heatwave,drought,81
PIFL46,13.3,2025-10-10,PIFL,46,heatwave,water,81
PIFL47,3.5,2025-10-10,PIFL,47,heatwave,drought,81
PIFL52,16.2,2025-10-10,PIFL,52,heatwave,water,81
PIFL54,0,2025-10-10,PIFL,54,heatwave,drought,81
PIFL55,10.5,2025-10-10,PIFL,55,heatwave,water,81
PIFL57,0,2025-10-10,PIFL,57,heatwave,drought,81
PIFL1,15.4,2025-10-17,PIFL,1,ambient,water,88
PIFL3,1.2,2025-10-17,PIFL,3,ambient,drought,88
PIFL9,16.9,2025-10-17,PIFL,9,ambient,water,88
PIFL10,0,2025-10-17,PIFL,10,ambient,drought,88
PIFL12,18.6,2025-10-17,PIFL,12,ambient,water,88
PIFL17,0,2025-10-17,PIFL,17,ambient,drought,88
PIFL21,16.5,2025-10-17,PIFL,21,ambient,water,88
PIFL27,2.4,2025-10-17,PIFL,27,ambient,drought,88
PIFL28,14.9,2025-10-17,PIFL,28,ambient,water,88
PIFL29,0,2025-10-17,PIFL,29,ambient,drought,88
PIFL36,17,2025-10-17,PIFL,36,heatwave,water,88
PIFL40,7.9,2025-10-17,PIFL,40,heatwave,drought,88
PIFL41,15.4,2025-10-17,PIFL,41,heatwave,water,88
PIFL43,0,2025-10-17,PIFL,43,heatwave,drought,88
PIFL46,16,2025-10-17,PIFL,46,heatwave,water,88
PIFL47,2.4,2025-10-17,PIFL,47,heatwave,drought,88
PIFL52,17.5,2025-10-17,PIFL,52,heatwave,water,88
PIFL54,0,2025-10-17,PIFL,54,heatwave,drought,88
PIFL55,12.8,2025-10-17,PIFL,55,heatwave,water,88
PIFL57,0,2025-10-17,PIFL,57,heatwave,drought,88
PIFL1,13.9,2025-10-24,PIFL,1,ambient,water,95
PIFL3,0,2025-10-24,PIFL,3,ambient,drought,95
PIFL9,16.2,2025-10-24,PIFL,9,ambient,water,95
PIFL10,0,2025-10-24,PIFL,10,ambient,drought,95
PIFL12,16,2025-10-24,PIFL,12,ambient,water,95
PIFL17,0,2025-10-24,PIFL,17,ambient,drought,95
PIFL21,15,2025-10-24,PIFL,21,ambient,water,95
PIFL27,0.5,2025-10-24,PIFL,27,ambient,drought,95
PIFL28,10.5,2025-10-24,PIFL,28,ambient,water,95
PIFL29,0,2025-10-24,PIFL,29,ambient,drought,95
PIFL36,13.4,2025-10-24,PIFL,36,heatwave,water,95
PIFL40,6.4,2025-10-24,PIFL,40,heatwave,drought,95
PIFL41,12.8,2025-10-24,PIFL,41,heatwave,water,95
PIFL43,0,2025-10-24,PIFL,43,heatwave,drought,95
PIFL46,12.4,2025-10-24,PIFL,46,heatwave,water,95
PIFL47,0.2,2025-10-24,PIFL,47,heatwave,drought,95
PIFL52,14.9,2025-10-24,PIFL,52,heatwave,water,95
PIFL54,0,2025-10-24,PIFL,54,heatwave,drought,95
PIFL55,10.4,2025-10-24,PIFL,55,heatwave,water,95
PIFL57,0,2025-10-24,PIFL,57,heatwave,drought,95
PIFL1,14,2025-10-31,PIFL,1,ambient,water,102
PIFL3,0,2025-10-31,PIFL,3,ambient,drought,102
PIFL9,15.9,2025-10-31,PIFL,9,ambient,water,102
PIFL10,0,2025-10-31,PIFL,10,ambient,drought,102
PIFL12,15.2,2025-10-31,PIFL,12,ambient,water,102
PIFL17,0,2025-10-31,PIFL,17,ambient,drought,102
PIFL21,14.1,2025-10-31,PIFL,21,ambient,water,102
PIFL27,0,2025-10-31,PIFL,27,ambient,drought,102
PIFL28,10.2,2025-10-31,PIFL,28,ambient,water,102
PIFL29,0,2025-10-31,PIFL,29,ambient,drought,102
PIFL36,15,2025-10-31,PIFL,36,heatwave,water,102
PIFL40,4.2,2025-10-31,PIFL,40,heatwave,drought,102
PIFL41,14.3,2025-10-31,PIFL,41,heatwave,water,102
PIFL43,0,2025-10-31,PIFL,43,heatwave,drought,102
PIFL46,13.2,2025-10-31,PIFL,46,heatwave,water,102
PIFL47,0.6,2025-10-31,PIFL,47,heatwave,drought,102
PIFL52,14.7,2025-10-31,PIFL,52,heatwave,water,102
PIFL54,0,2025-10-31,PIFL,54,heatwave,drought,102
PIFL55,11.5,2025-10-31,PIFL,55,heatwave,water,102
PIFL57,0,2025-10-31,PIFL,57,heatwave,drought,102
PIFL1,13,2025-11-07,PIFL,1,ambient,water,109
PIFL3,0,2025-11-07,PIFL,3,ambient,drought,109
PIFL9,14.8,2025-11-07,PIFL,9,ambient,water,109
PIFL10,0,2025-11-07,PIFL,10,ambient,drought,109
PIFL12,14.1,2025-11-07,PIFL,12,ambient,water,109
PIFL17,0,2025-11-07,PIFL,17,ambient,drought,109
PIFL21,12.9,2025-11-07,PIFL,21,ambient,water,109
PIFL27,0,2025-11-07,PIFL,27,ambient,drought,109
PIFL28,8.9,2025-11-07,PIFL,28,ambient,water,109
PIFL29,0,2025-11-07,PIFL,29,ambient,drought,109
PIFL36,14.6,2025-11-07,PIFL,36,heatwave,water,109
PIFL40,6.3,2025-11-07,PIFL,40,heatwave,drought,109
PIFL41,12.5,2025-11-07,PIFL,41,heatwave,water,109
PIFL43,0,2025-11-07,PIFL,43,heatwave,drought,109
PIFL46,11.7,2025-11-07,PIFL,46,heatwave,water,109
PIFL47,0.2,2025-11-07,PIFL,47,heatwave,drought,109
PIFL52,14.1,2025-11-07,PIFL,52,heatwave,water,109
PIFL54,0,2025-11-07,PIFL,54,heatwave,drought,109
PIFL55,11.6,2025-11-07,PIFL,55,heatwave,water,109
PIFL57,0,2025-11-07,PIFL,57,heatwave,drought,109
PIFL1,17.2,2025-11-17,PIFL,1,ambient,water,119
PIFL3,0,2025-11-17,PIFL,3,ambient,drought,119
PIFL9,17.5,2025-11-17,PIFL,9,ambient,water,119
PIFL10,0,2025-11-17,PIFL,10,ambient,drought,119
PIFL12,17.8,2025-11-17,PIFL,12,ambient,water,119
PIFL17,0,2025-11-17,PIFL,17,ambient,drought,119
PIFL21,17.1,2025-11-17,PIFL,21,ambient,water,119
PIFL27,0,2025-11-17,PIFL,27,ambient,drought,119
PIFL28,14.6,2025-11-17,PIFL,28,ambient,water,119
PIFL29,0,2025-11-17,PIFL,29,ambient,drought,119
PIFL36,19.1,2025-11-17,PIFL,36,heatwave,water,119
PIFL40,2.8,2025-11-17,PIFL,40,heatwave,drought,119
PIFL41,15.5,2025-11-17,PIFL,41,heatwave,water,119
PIFL43,0,2025-11-17,PIFL,43,heatwave,drought,119
PIFL46,16.6,2025-11-17,PIFL,46,heatwave,water,119
PIFL47,0,2025-11-17,PIFL,47,heatwave,drought,119
PIFL52,18.1,2025-11-17,PIFL,52,heatwave,water,119
PIFL54,0,2025-11-17,PIFL,54,heatwave,drought,119
PIFL55,15.1,2025-11-17,PIFL,55,heatwave,water,119
PIFL57,0,2025-11-17,PIFL,57,heatwave,drought,119
PIPO1,11.1,2025-07-23,PIPO,1,ambient,water,2
PIPO2,10.4,2025-07-23,PIPO,2,ambient,drought,2
PIPO5,11.8,2025-07-23,PIPO,5,ambient,water,2
PIPO10,13.9,2025-07-23,PIPO,10,ambient,drought,2
PIPO11,8.1,2025-07-23,PIPO,11,ambient,water,2
PIPO16,9.5,2025-07-23,PIPO,16,ambient,drought,2
PIPO18,11.4,2025-07-23,PIPO,18,ambient,water,2
PIPO19,11.1,2025-07-23,PIPO,19,ambient,drought,2
PIPO20,8.5,2025-07-23,PIPO,20,ambient,water,2
PIPO22,9.9,2025-07-23,PIPO,22,ambient,drought,2
PIPO31,11.9,2025-07-23,PIPO,31,heatwave,water,2
PIPO32,11.2,2025-07-23,PIPO,32,heatwave,drought,2
PIPO35,11.1,2025-07-23,PIPO,35,heatwave,water,2
PIPO48,13.7,2025-07-23,PIPO,48,heatwave,drought,2
PIPO51,8.7,2025-07-23,PIPO,51,heatwave,water,2
PIPO52,10.7,2025-07-23,PIPO,52,heatwave,drought,2
PIPO53,10.7,2025-07-23,PIPO,53,heatwave,water,2
PIPO55,7.1,2025-07-23,PIPO,55,heatwave,drought,2
PIPO56,11.7,2025-07-23,PIPO,56,heatwave,water,2
PIPO58,10.5,2025-07-23,PIPO,58,heatwave,drought,2
PIPO1,12.7,2025-07-30,PIPO,1,ambient,water,9
PIPO2,7.4,2025-07-30,PIPO,2,ambient,drought,9
PIPO5,10.3,2025-07-30,PIPO,5,ambient,water,9
PIPO10,7.5,2025-07-30,PIPO,10,ambient,drought,9
PIPO11,8.2,2025-07-30,PIPO,11,ambient,water,9
PIPO16,5.8,2025-07-30,PIPO,16,ambient,drought,9
PIPO18,11.8,2025-07-30,PIPO,18,ambient,water,9
PIPO19,7.6,2025-07-30,PIPO,19,ambient,drought,9
PIPO20,8.9,2025-07-30,PIPO,20,ambient,water,9
PIPO22,8.2,2025-07-30,PIPO,22,ambient,drought,9
PIPO31,11.1,2025-07-30,PIPO,31,heatwave,water,9
PIPO32,8.6,2025-07-30,PIPO,32,heatwave,drought,9
PIPO35,10.7,2025-07-30,PIPO,35,heatwave,water,9
PIPO48,11,2025-07-30,PIPO,48,heatwave,drought,9
PIPO51,10.1,2025-07-30,PIPO,51,heatwave,water,9
PIPO52,10.9,2025-07-30,PIPO,52,heatwave,drought,9
PIPO53,11.8,2025-07-30,PIPO,53,heatwave,water,9
PIPO55,1.8,2025-07-30,PIPO,55,heatwave,drought,9
PIPO56,10.9,2025-07-30,PIPO,56,heatwave,water,9
PIPO58,8.7,2025-07-30,PIPO,58,heatwave,drought,9
PIPO1,10.5,2025-08-06,PIPO,1,ambient,water,16
PIPO2,0,2025-08-06,PIPO,2,ambient,drought,16
PIPO5,10.3,2025-08-06,PIPO,5,ambient,water,16
PIPO10,1.2,2025-08-06,PIPO,10,ambient,drought,16
PIPO11,5.9,2025-08-06,PIPO,11,ambient,water,16
PIPO16,1.6,2025-08-06,PIPO,16,ambient,drought,16
PIPO18,12.5,2025-08-06,PIPO,18,ambient,water,16
PIPO19,6.8,2025-08-06,PIPO,19,ambient,drought,16
PIPO20,9.9,2025-08-06,PIPO,20,ambient,water,16
PIPO22,7.4,2025-08-06,PIPO,22,ambient,drought,16
PIPO31,11.6,2025-08-06,PIPO,31,heatwave,water,16
PIPO32,7.5,2025-08-06,PIPO,32,heatwave,drought,16
PIPO35,11.3,2025-08-06,PIPO,35,heatwave,water,16
PIPO48,10,2025-08-06,PIPO,48,heatwave,drought,16
PIPO51,10.9,2025-08-06,PIPO,51,heatwave,water,16
PIPO52,8.9,2025-08-06,PIPO,52,heatwave,drought,16
PIPO53,12.3,2025-08-06,PIPO,53,heatwave,water,16
PIPO55,0,2025-08-06,PIPO,55,heatwave,drought,16
PIPO56,13,2025-08-06,PIPO,56,heatwave,water,16
PIPO58,7.7,2025-08-06,PIPO,58,heatwave,drought,16
PIPO1,13.5,2025-08-13,PIPO,1,ambient,water,23
PIPO2,0,2025-08-13,PIPO,2,ambient,drought,23
PIPO5,12.4,2025-08-13,PIPO,5,ambient,water,23
PIPO10,0.7,2025-08-13,PIPO,10,ambient,drought,23
PIPO11,11.3,2025-08-13,PIPO,11,ambient,water,23
PIPO16,0.7,2025-08-13,PIPO,16,ambient,drought,23
PIPO18,12.7,2025-08-13,PIPO,18,ambient,water,23
PIPO19,3.1,2025-08-13,PIPO,19,ambient,drought,23
PIPO20,12.8,2025-08-13,PIPO,20,ambient,water,23
PIPO22,6.1,2025-08-13,PIPO,22,ambient,drought,23
PIPO31,10.7,2025-08-13,PIPO,31,heatwave,water,23
PIPO32,0.6,2025-08-13,PIPO,32,heatwave,drought,23
PIPO35,9.3,2025-08-13,PIPO,35,heatwave,water,23
PIPO48,8.8,2025-08-13,PIPO,48,heatwave,drought,23
PIPO51,8.2,2025-08-13,PIPO,51,heatwave,water,23
PIPO52,7.3,2025-08-13,PIPO,52,heatwave,drought,23
PIPO53,8.8,2025-08-13,PIPO,53,heatwave,water,23
PIPO55,0,2025-08-13,PIPO,55,heatwave,drought,23
PIPO56,10.9,2025-08-13,PIPO,56,heatwave,water,23
PIPO58,3.2,2025-08-13,PIPO,58,heatwave,drought,23
PIPO1,15.9,2025-08-18,PIPO,1,ambient,water,28
PIPO2,0,2025-08-18,PIPO,2,ambient,drought,28
PIPO5,14.9,2025-08-18,PIPO,5,ambient,water,28
PIPO10,0,2025-08-18,PIPO,10,ambient,drought,28
PIPO11,13.2,2025-08-18,PIPO,11,ambient,water,28
PIPO16,0,2025-08-18,PIPO,16,ambient,drought,28
PIPO18,13.4,2025-08-18,PIPO,18,ambient,water,28
PIPO19,1.7,2025-08-18,PIPO,19,ambient,drought,28
PIPO20,14.6,2025-08-18,PIPO,20,ambient,water,28
PIPO22,2.8,2025-08-18,PIPO,22,ambient,drought,28
PIPO31,15.1,2025-08-18,PIPO,31,heatwave,water,28
PIPO32,0,2025-08-18,PIPO,32,heatwave,drought,28
PIPO35,14.2,2025-08-18,PIPO,35,heatwave,water,28
PIPO48,7.6,2025-08-18,PIPO,48,heatwave,drought,28
PIPO51,13.7,2025-08-18,PIPO,51,heatwave,water,28
PIPO52,1,2025-08-18,PIPO,52,heatwave,drought,28
PIPO53,15,2025-08-18,PIPO,53,heatwave,water,28
PIPO55,0,2025-08-18,PIPO,55,heatwave,drought,28
PIPO56,14.7,2025-08-18,PIPO,56,heatwave,water,28
PIPO58,0,2025-08-18,PIPO,58,heatwave,drought,28
PIPO1,14.5,2025-08-25,PIPO,1,ambient,water,35
PIPO2,0,2025-08-25,PIPO,2,ambient,drought,35
PIPO5,14.8,2025-08-25,PIPO,5,ambient,water,35
PIPO10,0,2025-08-25,PIPO,10,ambient,drought,35
PIPO11,12.9,2025-08-25,PIPO,11,ambient,water,35
PIPO16,0,2025-08-25,PIPO,16,ambient,drought,35
PIPO18,15.1,2025-08-25,PIPO,18,ambient,water,35
PIPO19,0,2025-08-25,PIPO,19,ambient,drought,35
PIPO20,13.7,2025-08-25,PIPO,20,ambient,water,35
PIPO22,1.2,2025-08-25,PIPO,22,ambient,drought,35
PIPO31,15.8,2025-08-25,PIPO,31,heatwave,water,35
PIPO32,0,2025-08-25,PIPO,32,heatwave,drought,35
PIPO35,13.6,2025-08-25,PIPO,35,heatwave,water,35
PIPO48,6.1,2025-08-25,PIPO,48,heatwave,drought,35
PIPO51,14.5,2025-08-25,PIPO,51,heatwave,water,35
PIPO52,0.2,2025-08-25,PIPO,52,heatwave,drought,35
PIPO53,14.2,2025-08-25,PIPO,53,heatwave,water,35
PIPO55,0,2025-08-25,PIPO,55,heatwave,drought,35
PIPO56,14.7,2025-08-25,PIPO,56,heatwave,water,35
PIPO58,0,2025-08-25,PIPO,58,heatwave,drought,35
PIPO1,14.9,2025-09-01,PIPO,1,ambient,water,42
PIPO2,0,2025-09-01,PIPO,2,ambient,drought,42
PIPO5,15.7,2025-09-01,PIPO,5,ambient,water,42
PIPO10,0,2025-09-01,PIPO,10,ambient,drought,42
PIPO11,12.4,2025-09-01,PIPO,11,ambient,water,42
PIPO16,0,2025-09-01,PIPO,16,ambient,drought,42
PIPO18,13.6,2025-09-01,PIPO,18,ambient,water,42
PIPO19,0,2025-09-01,PIPO,19,ambient,drought,42
PIPO20,14.2,2025-09-01,PIPO,20,ambient,water,42
PIPO22,0.4,2025-09-01,PIPO,22,ambient,drought,42
PIPO31,15,2025-09-01,PIPO,31,heatwave,water,42
PIPO32,0,2025-09-01,PIPO,32,heatwave,drought,42
PIPO35,12.8,2025-09-01,PIPO,35,heatwave,water,42
PIPO48,5.9,2025-09-01,PIPO,48,heatwave,drought,42
PIPO51,14.8,2025-09-01,PIPO,51,heatwave,water,42
PIPO52,0,2025-09-01,PIPO,52,heatwave,drought,42
PIPO53,16,2025-09-01,PIPO,53,heatwave,water,42
PIPO55,0,2025-09-01,PIPO,55,heatwave,drought,42
PIPO56,14.6,2025-09-01,PIPO,56,heatwave,water,42
PIPO58,0,2025-09-01,PIPO,58,heatwave,drought,42
PIPO1,13.6,2025-09-15,PIPO,1,ambient,water,56
PIPO2,0,2025-09-15,PIPO,2,ambient,drought,56
PIPO5,15.6,2025-09-15,PIPO,5,ambient,water,56
PIPO10,0,2025-09-15,PIPO,10,ambient,drought,56
PIPO11,12.5,2025-09-15,PIPO,11,ambient,water,56
PIPO16,0,2025-09-15,PIPO,16,ambient,drought,56
PIPO18,14.9,2025-09-15,PIPO,18,ambient,water,56
PIPO19,0,2025-09-15,PIPO,19,ambient,drought,56
PIPO20,12.7,2025-09-15,PIPO,20,ambient,water,56
PIPO22,0,2025-09-15,PIPO,22,ambient,drought,56
PIPO31,16,2025-09-15,PIPO,31,heatwave,water,56
PIPO32,0,2025-09-15,PIPO,32,heatwave,drought,56
PIPO35,14.4,2025-09-15,PIPO,35,heatwave,water,56
PIPO48,5.2,2025-09-15,PIPO,48,heatwave,drought,56
PIPO51,15.3,2025-09-15,PIPO,51,heatwave,water,56
PIPO52,0,2025-09-15,PIPO,52,heatwave,drought,56
PIPO53,16.5,2025-09-15,PIPO,53,heatwave,water,56
PIPO55,0,2025-09-15,PIPO,55,heatwave,drought,56
PIPO56,14.3,2025-09-15,PIPO,56,heatwave,water,56
PIPO58,0,2025-09-15,PIPO,58,heatwave,drought,56
PIPO1,14.7,2025-09-22,PIPO,1,ambient,water,63
PIPO2,0,2025-09-22,PIPO,2,ambient,drought,63
PIPO5,14.4,2025-09-22,PIPO,5,ambient,water,63
PIPO10,0,2025-09-22,PIPO,10,ambient,drought,63
PIPO11,12.9,2025-09-22,PIPO,11,ambient,water,63
PIPO16,0,2025-09-22,PIPO,16,ambient,drought,63
PIPO18,15.7,2025-09-22,PIPO,18,ambient,water,63
PIPO19,0,2025-09-22,PIPO,19,ambient,drought,63
PIPO20,14.7,2025-09-22,PIPO,20,ambient,water,63
PIPO22,0,2025-09-22,PIPO,22,ambient,drought,63
PIPO31,16.1,2025-09-22,PIPO,31,heatwave,water,63
PIPO32,0,2025-09-22,PIPO,32,heatwave,drought,63
PIPO35,14.5,2025-09-22,PIPO,35,heatwave,water,63
PIPO48,3.6,2025-09-22,PIPO,48,heatwave,drought,63
PIPO51,16.6,2025-09-22,PIPO,51,heatwave,water,63
PIPO52,0,2025-09-22,PIPO,52,heatwave,drought,63
PIPO53,17.8,2025-09-22,PIPO,53,heatwave,water,63
PIPO55,0,2025-09-22,PIPO,55,heatwave,drought,63
PIPO56,16.3,2025-09-22,PIPO,56,heatwave,water,63
PIPO58,0,2025-09-22,PIPO,58,heatwave,drought,63
PIPO1,13.9,2025-09-29,PIPO,1,ambient,water,70
PIPO2,0,2025-09-29,PIPO,2,ambient,drought,70
PIPO5,15.6,2025-09-29,PIPO,5,ambient,water,70
PIPO10,0,2025-09-29,PIPO,10,ambient,drought,70
PIPO11,12.8,2025-09-29,PIPO,11,ambient,water,70
PIPO16,0,2025-09-29,PIPO,16,ambient,drought,70
PIPO18,14.8,2025-09-29,PIPO,18,ambient,water,70
PIPO19,0,2025-09-29,PIPO,19,ambient,drought,70
PIPO20,17.6,2025-09-29,PIPO,20,ambient,water,70
PIPO22,0,2025-09-29,PIPO,22,ambient,drought,70
PIPO31,17,2025-09-29,PIPO,31,heatwave,water,70
PIPO32,0,2025-09-29,PIPO,32,heatwave,drought,70
PIPO35,14.1,2025-09-29,PIPO,35,heatwave,water,70
PIPO48,7.4,2025-09-29,PIPO,48,heatwave,drought,70
PIPO51,16.5,2025-09-29,PIPO,51,heatwave,water,70
PIPO52,0,2025-09-29,PIPO,52,heatwave,drought,70
PIPO53,17.1,2025-09-29,PIPO,53,heatwave,water,70
PIPO55,0,2025-09-29,PIPO,55,heatwave,drought,70
PIPO56,15.6,2025-09-29,PIPO,56,heatwave,water,70
PIPO58,0,2025-09-29,PIPO,58,heatwave,drought,70
PIPO1,12.6,2025-10-06,PIPO,1,ambient,water,77
PIPO2,0,2025-10-06,PIPO,2,ambient,drought,77
PIPO5,12.1,2025-10-06,PIPO,5,ambient,water,77
PIPO10,0,2025-10-06,PIPO,10,ambient,drought,77
PIPO11,9.3,2025-10-06,PIPO,11,ambient,water,77
PIPO16,0,2025-10-06,PIPO,16,ambient,drought,77
PIPO18,14.4,2025-10-06,PIPO,18,ambient,water,77
PIPO19,0,2025-10-06,PIPO,19,ambient,drought,77
PIPO20,10.6,2025-10-06,PIPO,20,ambient,water,77
PIPO22,0,2025-10-06,PIPO,22,ambient,drought,77
PIPO31,14.2,2025-10-06,PIPO,31,heatwave,water,77
PIPO32,0,2025-10-06,PIPO,32,heatwave,drought,77
PIPO35,14.7,2025-10-06,PIPO,35,heatwave,water,77
PIPO48,6.9,2025-10-06,PIPO,48,heatwave,drought,77
PIPO51,15.6,2025-10-06,PIPO,51,heatwave,water,77
PIPO52,0,2025-10-06,PIPO,52,heatwave,drought,77
PIPO53,16.3,2025-10-06,PIPO,53,heatwave,water,77
PIPO55,0,2025-10-06,PIPO,55,heatwave,drought,77
PIPO56,13.3,2025-10-06,PIPO,56,heatwave,water,77
PIPO58,0,2025-10-06,PIPO,58,heatwave,drought,77
PIPO1,14.4,2025-10-13,PIPO,1,ambient,water,84
PIPO2,0,2025-10-13,PIPO,2,ambient,drought,84
PIPO5,13,2025-10-13,PIPO,5,ambient,water,84
PIPO10,0,2025-10-13,PIPO,10,ambient,drought,84
PIPO11,9.4,2025-10-13,PIPO,11,ambient,water,84
PIPO16,0,2025-10-13,PIPO,16,ambient,drought,84
PIPO18,16.3,2025-10-13,PIPO,18,ambient,water,84
PIPO19,0,2025-10-13,PIPO,19,ambient,drought,84
PIPO20,12.6,2025-10-13,PIPO,20,ambient,water,84
PIPO22,0,2025-10-13,PIPO,22,ambient,drought,84
PIPO31,17.1,2025-10-13,PIPO,31,heatwave,water,84
PIPO32,0,2025-10-13,PIPO,32,heatwave,drought,84
PIPO35,16.5,2025-10-13,PIPO,35,heatwave,water,84
PIPO48,7.4,2025-10-13,PIPO,48,heatwave,drought,84
PIPO51,18.2,2025-10-13,PIPO,51,heatwave,water,84
PIPO52,0,2025-10-13,PIPO,52,heatwave,drought,84
PIPO53,19.4,2025-10-13,PIPO,53,heatwave,water,84
PIPO55,0,2025-10-13,PIPO,55,heatwave,drought,84
PIPO56,17.2,2025-10-13,PIPO,56,heatwave,water,84
PIPO58,0,2025-10-13,PIPO,58,heatwave,drought,84
PIPO1,13.3,2025-10-20,PIPO,1,ambient,water,91
PIPO2,0,2025-10-20,PIPO,2,ambient,drought,91
PIPO5,11.7,2025-10-20,PIPO,5,ambient,water,91
PIPO10,0,2025-10-20,PIPO,10,ambient,drought,91
PIPO11,9.7,2025-10-20,PIPO,11,ambient,water,91
PIPO16,0,2025-10-20,PIPO,16,ambient,drought,91
PIPO18,14.7,2025-10-20,PIPO,18,ambient,water,91
PIPO19,0,2025-10-20,PIPO,19,ambient,drought,91
PIPO20,10.9,2025-10-20,PIPO,20,ambient,water,91
PIPO22,0,2025-10-20,PIPO,22,ambient,drought,91
PIPO31,15.5,2025-10-20,PIPO,31,heatwave,water,91
PIPO32,0,2025-10-20,PIPO,32,heatwave,drought,91
PIPO35,15.9,2025-10-20,PIPO,35,heatwave,water,91
PIPO48,7.4,2025-10-20,PIPO,48,heatwave,drought,91
PIPO51,16.3,2025-10-20,PIPO,51,heatwave,water,91
PIPO52,0,2025-10-20,PIPO,52,heatwave,drought,91
PIPO53,16.8,2025-10-20,PIPO,53,heatwave,water,91
PIPO55,0,2025-10-20,PIPO,55,heatwave,drought,91
PIPO56,NA,2025-10-20,PIPO,56,heatwave,water,91
PIPO58,0,2025-10-20,PIPO,58,heatwave,drought,91
PIPO1,13,2025-10-27,PIPO,1,ambient,water,98
PIPO2,0,2025-10-27,PIPO,2,ambient,drought,98
PIPO5,12.4,2025-10-27,PIPO,5,ambient,water,98
PIPO10,0,2025-10-27,PIPO,10,ambient,drought,98
PIPO11,10.1,2025-10-27,PIPO,11,ambient,water,98
PIPO16,0,2025-10-27,PIPO,16,ambient,drought,98
PIPO18,15,2025-10-27,PIPO,18,ambient,water,98
PIPO19,0,2025-10-27,PIPO,19,ambient,drought,98
PIPO20,11,2025-10-27,PIPO,20,ambient,water,98
PIPO22,0,2025-10-27,PIPO,22,ambient,drought,98
PIPO31,14.9,2025-10-27,PIPO,31,heatwave,water,98
PIPO32,0,2025-10-27,PIPO,32,heatwave,drought,98
PIPO35,14.7,2025-10-27,PIPO,35,heatwave,water,98
PIPO48,6.5,2025-10-27,PIPO,48,heatwave,drought,98
PIPO51,16.8,2025-10-27,PIPO,51,heatwave,water,98
PIPO52,0,2025-10-27,PIPO,52,heatwave,drought,98
PIPO53,15.5,2025-10-27,PIPO,53,heatwave,water,98
PIPO55,0,2025-10-27,PIPO,55,heatwave,drought,98
PIPO56,NA,2025-10-27,PIPO,56,heatwave,water,98
PIPO58,0,2025-10-27,PIPO,58,heatwave,drought,98
PIPO1,11.5,2025-11-03,PIPO,1,ambient,water,105
PIPO5,12.8,2025-11-03,PIPO,5,ambient,water,105
PIPO10,0,2025-11-03,PIPO,10,ambient,drought,105
PIPO11,11.3,2025-11-03,PIPO,11,ambient,water,105
PIPO18,14.6,2025-11-03,PIPO,18,ambient,water,105
PIPO19,0,2025-11-03,PIPO,19,ambient,drought,105
PIPO20,9.5,2025-11-03,PIPO,20,ambient,water,105
PIPO22,0,2025-11-03,PIPO,22,ambient,drought,105
PIPO31,14.8,2025-11-03,PIPO,31,heatwave,water,105
PIPO32,0,2025-11-03,PIPO,32,heatwave,drought,105
PIPO35,14.9,2025-11-03,PIPO,35,heatwave,water,105
PIPO48,7.1,2025-11-03,PIPO,48,heatwave,drought,105
PIPO51,15.9,2025-11-03,PIPO,51,heatwave,water,105
PIPO52,0,2025-11-03,PIPO,52,heatwave,drought,105
PIPO53,14.2,2025-11-03,PIPO,53,heatwave,water,105
PIPO55,0,2025-11-03,PIPO,55,heatwave,drought,105
PIPO58,0,2025-11-03,PIPO,58,heatwave,drought,105
PIPO1,11,2025-11-10,PIPO,1,ambient,water,112
PIPO5,11.6,2025-11-10,PIPO,5,ambient,water,112
PIPO11,10.7,2025-11-10,PIPO,11,ambient,water,112
PIPO18,14.3,2025-11-10,PIPO,18,ambient,water,112
PIPO20,7.9,2025-11-10,PIPO,20,ambient,water,112
PIPO22,0,2025-11-10,PIPO,22,ambient,drought,112
PIPO31,14.1,2025-11-10,PIPO,31,heatwave,water,112
PIPO35,15.1,2025-11-10,PIPO,35,heatwave,water,112
PIPO48,4.4,2025-11-10,PIPO,48,heatwave,drought,112
PIPO51,15,2025-11-10,PIPO,51,heatwave,water,112
PIPO52,0,2025-11-10,PIPO,52,heatwave,drought,112
PIPO53,11.5,2025-11-10,PIPO,53,heatwave,water,112
PIPO58,0,2025-11-10,PIPO,58,heatwave,drought,112
PIPO1,12.2,2025-11-21,PIPO,1,ambient,water,123
PIPO5,10.4,2025-11-21,PIPO,5,ambient,water,123
PIPO11,10.8,2025-11-21,PIPO,11,ambient,water,123
PIPO18,13.7,2025-11-21,PIPO,18,ambient,water,123
PIPO20,8.4,2025-11-21,PIPO,20,ambient,water,123
PIPO31,10.1,2025-11-21,PIPO,31,heatwave,water,123
PIPO35,14.5,2025-11-21,PIPO,35,heatwave,water,123
PIPO51,14.1,2025-11-21,PIPO,51,heatwave,water,123
PIPO52,0,2025-11-21,PIPO,52,heatwave,drought,123
PIPO53,11.7,2025-11-21,PIPO,53,heatwave,water,123
PSME3,11.5,2025-07-23,PSME,3,ambient,water,2
PSME6,11.8,2025-07-23,PSME,6,ambient,drought,2
PSME12,11.5,2025-07-23,PSME,12,ambient,water,2
PSME15,8.5,2025-07-23,PSME,15,ambient,drought,2
PSME17,10.2,2025-07-23,PSME,17,ambient,water,2
PSME20,11.2,2025-07-23,PSME,20,ambient,drought,2
PSME22,10.6,2025-07-23,PSME,22,ambient,water,2
PSME26,7.3,2025-07-23,PSME,26,ambient,drought,2
PSME27,10,2025-07-23,PSME,27,ambient,water,2
PSME30,9.2,2025-07-23,PSME,30,ambient,drought,2
PSME31,9.7,2025-07-23,PSME,31,heatwave,water,2
PSME35,9.6,2025-07-23,PSME,35,heatwave,drought,2
PSME37,9.6,2025-07-23,PSME,37,heatwave,water,2
PSME42,10.7,2025-07-23,PSME,42,heatwave,drought,2
PSME45,11.3,2025-07-23,PSME,45,heatwave,water,2
PSME46,12,2025-07-23,PSME,46,heatwave,drought,2
PSME48,9.8,2025-07-23,PSME,48,heatwave,water,2
PSME50,8,2025-07-23,PSME,50,heatwave,drought,2
PSME57,11.6,2025-07-23,PSME,57,heatwave,water,2
PSME58,9,2025-07-23,PSME,58,heatwave,drought,2
PSME3,10.1,2025-07-30,PSME,3,ambient,water,9
PSME6,9.1,2025-07-30,PSME,6,ambient,drought,9
PSME12,9.5,2025-07-30,PSME,12,ambient,water,9
PSME15,7,2025-07-30,PSME,15,ambient,drought,9
PSME17,10.2,2025-07-30,PSME,17,ambient,water,9
PSME20,8.4,2025-07-30,PSME,20,ambient,drought,9
PSME22,11.6,2025-07-30,PSME,22,ambient,water,9
PSME26,1.4,2025-07-30,PSME,26,ambient,drought,9
PSME27,9.2,2025-07-30,PSME,27,ambient,water,9
PSME30,7.4,2025-07-30,PSME,30,ambient,drought,9
PSME31,8.6,2025-07-30,PSME,31,heatwave,water,9
PSME35,9,2025-07-30,PSME,35,heatwave,drought,9
PSME37,9.7,2025-07-30,PSME,37,heatwave,water,9
PSME42,8.1,2025-07-30,PSME,42,heatwave,drought,9
PSME45,11.5,2025-07-30,PSME,45,heatwave,water,9
PSME46,10.1,2025-07-30,PSME,46,heatwave,drought,9
PSME48,11.1,2025-07-30,PSME,48,heatwave,water,9
PSME50,3.2,2025-07-30,PSME,50,heatwave,drought,9
PSME57,9.7,2025-07-30,PSME,57,heatwave,water,9
PSME58,7.8,2025-07-30,PSME,58,heatwave,drought,9
PSME3,12.4,2025-08-06,PSME,3,ambient,water,16
PSME6,9.1,2025-08-06,PSME,6,ambient,drought,16
PSME12,8.6,2025-08-06,PSME,12,ambient,water,16
PSME15,1.8,2025-08-06,PSME,15,ambient,drought,16
PSME17,9.4,2025-08-06,PSME,17,ambient,water,16
PSME20,7.4,2025-08-06,PSME,20,ambient,drought,16
PSME22,11.5,2025-08-06,PSME,22,ambient,water,16
PSME26,0,2025-08-06,PSME,26,ambient,drought,16
PSME27,9.7,2025-08-06,PSME,27,ambient,water,16
PSME30,4.3,2025-08-06,PSME,30,ambient,drought,16
PSME31,8.5,2025-08-06,PSME,31,heatwave,water,16
PSME35,6.9,2025-08-06,PSME,35,heatwave,drought,16
PSME37,9.6,2025-08-06,PSME,37,heatwave,water,16
PSME42,7.9,2025-08-06,PSME,42,heatwave,drought,16
PSME45,13.5,2025-08-06,PSME,45,heatwave,water,16
PSME46,8.5,2025-08-06,PSME,46,heatwave,drought,16
PSME48,12.4,2025-08-06,PSME,48,heatwave,water,16
PSME50,0.7,2025-08-06,PSME,50,heatwave,drought,16
PSME57,11.1,2025-08-06,PSME,57,heatwave,water,16
PSME58,4.9,2025-08-06,PSME,58,heatwave,drought,16
PSME3,11.1,2025-08-13,PSME,3,ambient,water,23
PSME6,8.4,2025-08-13,PSME,6,ambient,drought,23
PSME12,10.8,2025-08-13,PSME,12,ambient,water,23
PSME15,0,2025-08-13,PSME,15,ambient,drought,23
PSME17,9.4,2025-08-13,PSME,17,ambient,water,23
PSME20,2.1,2025-08-13,PSME,20,ambient,drought,23
PSME22,13.3,2025-08-13,PSME,22,ambient,water,23
PSME26,0,2025-08-13,PSME,26,ambient,drought,23
PSME27,13,2025-08-13,PSME,27,ambient,water,23
PSME30,1.6,2025-08-13,PSME,30,ambient,drought,23
PSME31,6.6,2025-08-13,PSME,31,heatwave,water,23
PSME35,5.2,2025-08-13,PSME,35,heatwave,drought,23
PSME37,8.7,2025-08-13,PSME,37,heatwave,water,23
PSME42,4.7,2025-08-13,PSME,42,heatwave,drought,23
PSME45,12.1,2025-08-13,PSME,45,heatwave,water,23
PSME46,8,2025-08-13,PSME,46,heatwave,drought,23
PSME48,9.2,2025-08-13,PSME,48,heatwave,water,23
PSME50,0,2025-08-13,PSME,50,heatwave,drought,23
PSME57,7.7,2025-08-13,PSME,57,heatwave,water,23
PSME58,2.7,2025-08-13,PSME,58,heatwave,drought,23
PSME3,13.2,2025-08-18,PSME,3,ambient,water,28
PSME6,7.5,2025-08-18,PSME,6,ambient,drought,28
PSME12,13.4,2025-08-18,PSME,12,ambient,water,28
PSME15,0,2025-08-18,PSME,15,ambient,drought,28
PSME17,10.3,2025-08-18,PSME,17,ambient,water,28
PSME20,2.6,2025-08-18,PSME,20,ambient,drought,28
PSME22,16.2,2025-08-18,PSME,22,ambient,water,28
PSME26,0,2025-08-18,PSME,26,ambient,drought,28
PSME27,14.1,2025-08-18,PSME,27,ambient,water,28
PSME30,0,2025-08-18,PSME,30,ambient,drought,28
PSME31,9.2,2025-08-18,PSME,31,heatwave,water,28
PSME35,4.6,2025-08-18,PSME,35,heatwave,drought,28
PSME37,12.3,2025-08-18,PSME,37,heatwave,water,28
PSME42,0.7,2025-08-18,PSME,42,heatwave,drought,28
PSME45,8.3,2025-08-18,PSME,45,heatwave,water,28
PSME46,6.5,2025-08-18,PSME,46,heatwave,drought,28
PSME48,10,2025-08-18,PSME,48,heatwave,water,28
PSME50,0,2025-08-18,PSME,50,heatwave,drought,28
PSME57,14.6,2025-08-18,PSME,57,heatwave,water,28
PSME58,0.1,2025-08-18,PSME,58,heatwave,drought,28
PSME3,14.2,2025-08-25,PSME,3,ambient,water,35
PSME6,7.5,2025-08-25,PSME,6,ambient,drought,35
PSME12,13.4,2025-08-25,PSME,12,ambient,water,35
PSME15,0,2025-08-25,PSME,15,ambient,drought,35
PSME17,11.9,2025-08-25,PSME,17,ambient,water,35
PSME20,0.1,2025-08-25,PSME,20,ambient,drought,35
PSME22,15.5,2025-08-25,PSME,22,ambient,water,35
PSME26,0,2025-08-25,PSME,26,ambient,drought,35
PSME27,13.7,2025-08-25,PSME,27,ambient,water,35
PSME30,0,2025-08-25,PSME,30,ambient,drought,35
PSME31,9.6,2025-08-25,PSME,31,heatwave,water,35
PSME35,1.7,2025-08-25,PSME,35,heatwave,drought,35
PSME37,13.1,2025-08-25,PSME,37,heatwave,water,35
PSME42,0.1,2025-08-25,PSME,42,heatwave,drought,35
PSME45,11,2025-08-25,PSME,45,heatwave,water,35
PSME46,5.3,2025-08-25,PSME,46,heatwave,drought,35
PSME48,13.2,2025-08-25,PSME,48,heatwave,water,35
PSME50,0,2025-08-25,PSME,50,heatwave,drought,35
PSME57,14,2025-08-25,PSME,57,heatwave,water,35
PSME58,0,2025-08-25,PSME,58,heatwave,drought,35
PSME3,13.7,2025-09-01,PSME,3,ambient,water,42
PSME6,4.7,2025-09-01,PSME,6,ambient,drought,42
PSME12,11.9,2025-09-01,PSME,12,ambient,water,42
PSME15,0,2025-09-01,PSME,15,ambient,drought,42
PSME17,11.7,2025-09-01,PSME,17,ambient,water,42
PSME20,0,2025-09-01,PSME,20,ambient,drought,42
PSME22,15.9,2025-09-01,PSME,22,ambient,water,42
PSME26,0,2025-09-01,PSME,26,ambient,drought,42
PSME27,13.2,2025-09-01,PSME,27,ambient,water,42
PSME30,0,2025-09-01,PSME,30,ambient,drought,42
PSME31,9.3,2025-09-01,PSME,31,heatwave,water,42
PSME35,1.2,2025-09-01,PSME,35,heatwave,drought,42
PSME37,13,2025-09-01,PSME,37,heatwave,water,42
PSME42,0,2025-09-01,PSME,42,heatwave,drought,42
PSME45,13.2,2025-09-01,PSME,45,heatwave,water,42
PSME46,3.9,2025-09-01,PSME,46,heatwave,drought,42
PSME48,14.7,2025-09-01,PSME,48,heatwave,water,42
PSME50,0,2025-09-01,PSME,50,heatwave,drought,42
PSME57,14,2025-09-01,PSME,57,heatwave,water,42
PSME58,0,2025-09-01,PSME,58,heatwave,drought,42
PSME3,14.7,2025-09-15,PSME,3,ambient,water,56
PSME6,1.7,2025-09-15,PSME,6,ambient,drought,56
PSME12,13.6,2025-09-15,PSME,12,ambient,water,56
PSME15,0,2025-09-15,PSME,15,ambient,drought,56
PSME17,13.2,2025-09-15,PSME,17,ambient,water,56
PSME20,0,2025-09-15,PSME,20,ambient,drought,56
PSME22,16.3,2025-09-15,PSME,22,ambient,water,56
PSME26,0,2025-09-15,PSME,26,ambient,drought,56
PSME27,12.3,2025-09-15,PSME,27,ambient,water,56
PSME30,0,2025-09-15,PSME,30,ambient,drought,56
PSME31,12,2025-09-15,PSME,31,heatwave,water,56
PSME35,0.4,2025-09-15,PSME,35,heatwave,drought,56
PSME37,14.4,2025-09-15,PSME,37,heatwave,water,56
PSME42,0,2025-09-15,PSME,42,heatwave,drought,56
PSME45,15.5,2025-09-15,PSME,45,heatwave,water,56
PSME46,1.2,2025-09-15,PSME,46,heatwave,drought,56
PSME48,15.8,2025-09-15,PSME,48,heatwave,water,56
PSME50,0,2025-09-15,PSME,50,heatwave,drought,56
PSME57,16.2,2025-09-15,PSME,57,heatwave,water,56
PSME58,0,2025-09-15,PSME,58,heatwave,drought,56
PSME3,15.2,2025-09-22,PSME,3,ambient,water,63
PSME6,1.7,2025-09-22,PSME,6,ambient,drought,63
PSME12,15.6,2025-09-22,PSME,12,ambient,water,63
PSME15,0,2025-09-22,PSME,15,ambient,drought,63
PSME17,15,2025-09-22,PSME,17,ambient,water,63
PSME20,0,2025-09-22,PSME,20,ambient,drought,63
PSME22,17.2,2025-09-22,PSME,22,ambient,water,63
PSME26,0,2025-09-22,PSME,26,ambient,drought,63
PSME27,13.6,2025-09-22,PSME,27,ambient,water,63
PSME30,0,2025-09-22,PSME,30,ambient,drought,63
PSME31,9.6,2025-09-22,PSME,31,heatwave,water,63
PSME35,0,2025-09-22,PSME,35,heatwave,drought,63
PSME37,14.2,2025-09-22,PSME,37,heatwave,water,63
PSME42,0,2025-09-22,PSME,42,heatwave,drought,63
PSME45,18,2025-09-22,PSME,45,heatwave,water,63
PSME46,0,2025-09-22,PSME,46,heatwave,drought,63
PSME48,15.2,2025-09-22,PSME,48,heatwave,water,63
PSME50,0,2025-09-22,PSME,50,heatwave,drought,63
PSME57,16.3,2025-09-22,PSME,57,heatwave,water,63
PSME58,0,2025-09-22,PSME,58,heatwave,drought,63
PSME3,16.9,2025-09-29,PSME,3,ambient,water,70
PSME6,0.4,2025-09-29,PSME,6,ambient,drought,70
PSME12,15,2025-09-29,PSME,12,ambient,water,70
PSME15,0,2025-09-29,PSME,15,ambient,drought,70
PSME17,14.2,2025-09-29,PSME,17,ambient,water,70
PSME20,0,2025-09-29,PSME,20,ambient,drought,70
PSME22,17,2025-09-29,PSME,22,ambient,water,70
PSME26,0,2025-09-29,PSME,26,ambient,drought,70
PSME27,14.2,2025-09-29,PSME,27,ambient,water,70
PSME30,0,2025-09-29,PSME,30,ambient,drought,70
PSME31,10.1,2025-09-29,PSME,31,heatwave,water,70
PSME35,0,2025-09-29,PSME,35,heatwave,drought,70
PSME37,13.4,2025-09-29,PSME,37,heatwave,water,70
PSME42,0,2025-09-29,PSME,42,heatwave,drought,70
PSME45,16.9,2025-09-29,PSME,45,heatwave,water,70
PSME46,0.1,2025-09-29,PSME,46,heatwave,drought,70
PSME48,16,2025-09-29,PSME,48,heatwave,water,70
PSME50,0,2025-09-29,PSME,50,heatwave,drought,70
PSME57,15.3,2025-09-29,PSME,57,heatwave,water,70
PSME58,0,2025-09-29,PSME,58,heatwave,drought,70
PSME3,14,2025-10-06,PSME,3,ambient,water,77
PSME6,0,2025-10-06,PSME,6,ambient,drought,77
PSME12,11.4,2025-10-06,PSME,12,ambient,water,77
PSME15,0,2025-10-06,PSME,15,ambient,drought,77
PSME17,10.3,2025-10-06,PSME,17,ambient,water,77
PSME20,0,2025-10-06,PSME,20,ambient,drought,77
PSME22,16.4,2025-10-06,PSME,22,ambient,water,77
PSME26,0,2025-10-06,PSME,26,ambient,drought,77
PSME27,12.3,2025-10-06,PSME,27,ambient,water,77
PSME30,0,2025-10-06,PSME,30,ambient,drought,77
PSME31,9.7,2025-10-06,PSME,31,heatwave,water,77
PSME35,0,2025-10-06,PSME,35,heatwave,drought,77
PSME37,12.1,2025-10-06,PSME,37,heatwave,water,77
PSME42,0,2025-10-06,PSME,42,heatwave,drought,77
PSME45,16,2025-10-06,PSME,45,heatwave,water,77
PSME46,0,2025-10-06,PSME,46,heatwave,drought,77
PSME48,14.7,2025-10-06,PSME,48,heatwave,water,77
PSME50,0,2025-10-06,PSME,50,heatwave,drought,77
PSME57,14.5,2025-10-06,PSME,57,heatwave,water,77
PSME58,0,2025-10-06,PSME,58,heatwave,drought,77
PSME3,16.6,2025-10-13,PSME,3,ambient,water,84
PSME6,0,2025-10-13,PSME,6,ambient,drought,84
PSME12,13.4,2025-10-13,PSME,12,ambient,water,84
PSME15,0,2025-10-13,PSME,15,ambient,drought,84
PSME17,15.7,2025-10-13,PSME,17,ambient,water,84
PSME20,0,2025-10-13,PSME,20,ambient,drought,84
PSME22,NA,2025-10-13,PSME,22,ambient,water,84
PSME26,0,2025-10-13,PSME,26,ambient,drought,84
PSME27,12,2025-10-13,PSME,27,ambient,water,84
PSME30,0,2025-10-13,PSME,30,ambient,drought,84
PSME31,9.9,2025-10-13,PSME,31,heatwave,water,84
PSME35,0,2025-10-13,PSME,35,heatwave,drought,84
PSME37,11.7,2025-10-13,PSME,37,heatwave,water,84
PSME42,0,2025-10-13,PSME,42,heatwave,drought,84
PSME45,17.6,2025-10-13,PSME,45,heatwave,water,84
PSME46,0,2025-10-13,PSME,46,heatwave,drought,84
PSME48,17,2025-10-13,PSME,48,heatwave,water,84
PSME50,0,2025-10-13,PSME,50,heatwave,drought,84
PSME57,13.9,2025-10-13,PSME,57,heatwave,water,84
PSME58,0,2025-10-13,PSME,58,heatwave,drought,84
PSME3,15.5,2025-10-20,PSME,3,ambient,water,91
PSME6,0,2025-10-20,PSME,6,ambient,drought,91
PSME12,12.7,2025-10-20,PSME,12,ambient,water,91
PSME15,0,2025-10-20,PSME,15,ambient,drought,91
PSME17,14.2,2025-10-20,PSME,17,ambient,water,91
PSME20,0,2025-10-20,PSME,20,ambient,drought,91
PSME22,NA,2025-10-20,PSME,22,ambient,water,91
PSME26,0,2025-10-20,PSME,26,ambient,drought,91
PSME27,11.5,2025-10-20,PSME,27,ambient,water,91
PSME30,0,2025-10-20,PSME,30,ambient,drought,91
PSME31,10,2025-10-20,PSME,31,heatwave,water,91
PSME35,0,2025-10-20,PSME,35,heatwave,drought,91
PSME37,11.1,2025-10-20,PSME,37,heatwave,water,91
PSME42,0,2025-10-20,PSME,42,heatwave,drought,91
PSME45,14.8,2025-10-20,PSME,45,heatwave,water,91
PSME46,0,2025-10-20,PSME,46,heatwave,drought,91
PSME48,16,2025-10-20,PSME,48,heatwave,water,91
PSME50,0,2025-10-20,PSME,50,heatwave,drought,91
PSME57,14,2025-10-20,PSME,57,heatwave,water,91
PSME58,0,2025-10-20,PSME,58,heatwave,drought,91
PSME3,12.9,2025-10-27,PSME,3,ambient,water,98
PSME6,0,2025-10-27,PSME,6,ambient,drought,98
PSME12,12.8,2025-10-27,PSME,12,ambient,water,98
PSME15,NA,2025-10-27,PSME,15,ambient,drought,98
PSME17,14.4,2025-10-27,PSME,17,ambient,water,98
PSME20,NA,2025-10-27,PSME,20,ambient,drought,98
PSME22,NA,2025-10-27,PSME,22,ambient,water,98
PSME26,NA,2025-10-27,PSME,26,ambient,drought,98
PSME27,11.4,2025-10-27,PSME,27,ambient,water,98
PSME30,NA,2025-10-27,PSME,30,ambient,drought,98
PSME31,13.8,2025-10-27,PSME,31,heatwave,water,98
PSME35,0,2025-10-27,PSME,35,heatwave,drought,98
PSME37,14,2025-10-27,PSME,37,heatwave,water,98
PSME42,0,2025-10-27,PSME,42,heatwave,drought,98
PSME45,15.5,2025-10-27,PSME,45,heatwave,water,98
PSME46,0,2025-10-27,PSME,46,heatwave,drought,98
PSME48,16.5,2025-10-27,PSME,48,heatwave,water,98
PSME50,NA,2025-10-27,PSME,50,heatwave,drought,98
PSME57,12.9,2025-10-27,PSME,57,heatwave,water,98
PSME58,0,2025-10-27,PSME,58,heatwave,drought,98
PSME3,14.4,2025-11-03,PSME,3,ambient,water,105
PSME6,0,2025-11-03,PSME,6,ambient,drought,105
PSME12,12.4,2025-11-03,PSME,12,ambient,water,105
PSME17,13.8,2025-11-03,PSME,17,ambient,water,105
PSME27,13.1,2025-11-03,PSME,27,ambient,water,105
PSME31,10.9,2025-11-03,PSME,31,heatwave,water,105
PSME35,0,2025-11-03,PSME,35,heatwave,drought,105
PSME37,13.2,2025-11-03,PSME,37,heatwave,water,105
PSME42,0,2025-11-03,PSME,42,heatwave,drought,105
PSME45,14.7,2025-11-03,PSME,45,heatwave,water,105
PSME46,0,2025-11-03,PSME,46,heatwave,drought,105
PSME48,15.8,2025-11-03,PSME,48,heatwave,water,105
PSME57,16.9,2025-11-03,PSME,57,heatwave,water,105
PSME3,13,2025-11-10,PSME,3,ambient,water,112
PSME6,0,2025-11-10,PSME,6,ambient,drought,112
PSME12,10.5,2025-11-10,PSME,12,ambient,water,112
PSME17,11.7,2025-11-10,PSME,17,ambient,water,112
PSME27,14,2025-11-10,PSME,27,ambient,water,112
PSME31,9.6,2025-11-10,PSME,31,heatwave,water,112
PSME35,0,2025-11-10,PSME,35,heatwave,drought,112
PSME37,11.1,2025-11-10,PSME,37,heatwave,water,112
PSME45,14.7,2025-11-10,PSME,45,heatwave,water,112
PSME46,0,2025-11-10,PSME,46,heatwave,drought,112
PSME48,15.2,2025-11-10,PSME,48,heatwave,water,112
PSME57,16.6,2025-11-10,PSME,57,heatwave,water,112
PSME3,14.1,2025-11-21,PSME,3,ambient,water,123
PSME12,9.4,2025-11-21,PSME,12,ambient,water,123
PSME17,9.3,2025-11-21,PSME,17,ambient,water,123
PSME27,13.3,2025-11-21,PSME,27,ambient,water,123
PSME31,8.7,2025-11-21,PSME,31,heatwave,water,123
PSME37,10.4,2025-11-21,PSME,37,heatwave,water,123
PSME45,13.7,2025-11-21,PSME,45,heatwave,water,123
PSME46,0,2025-11-21,PSME,46,heatwave,drought,123
PSME48,14.6,2025-11-21,PSME,48,heatwave,water,123
PSME57,15,2025-11-21,PSME,57,heatwave,water,123
PIPO1,14.3,2025-07-18,PIPO,1,ambient,water,-3
PIPO2,13.1,2025-07-18,PIPO,2,ambient,drought,-3
PIPO3,13,2025-07-18,PIPO,3,ambient,drought,-3
PIPO4,12.4,2025-07-18,PIPO,4,ambient,drought,-3
PIPO5,14.3,2025-07-18,PIPO,5,ambient,water,-3
PIPO6,12.9,2025-07-18,PIPO,6,ambient,drought,-3
PIPO7,11.6,2025-07-18,PIPO,7,ambient,drought,-3
PIPO8,11.7,2025-07-18,PIPO,8,ambient,drought,-3
PIPO9,12.8,2025-07-18,PIPO,9,ambient,drought,-3
PIPO10,10.9,2025-07-18,PIPO,10,ambient,drought,-3
PIPO11,10.2,2025-07-18,PIPO,11,ambient,water,-3
PIPO12,13,2025-07-18,PIPO,12,ambient,drought,-3
PIPO13,13,2025-07-18,PIPO,13,ambient,drought,-3
PIPO14,13.1,2025-07-18,PIPO,14,ambient,drought,-3
PIPO15,13.2,2025-07-18,PIPO,15,ambient,drought,-3
PIPO16,12.2,2025-07-18,PIPO,16,ambient,drought,-3
PIPO17,13.2,2025-07-18,PIPO,17,ambient,drought,-3
PIPO18,12.7,2025-07-18,PIPO,18,ambient,water,-3
PIPO19,12.5,2025-07-18,PIPO,19,ambient,drought,-3
PIPO20,11.7,2025-07-18,PIPO,20,ambient,water,-3
PIPO21,13.1,2025-07-18,PIPO,21,ambient,drought,-3
PIPO22,12.6,2025-07-18,PIPO,22,ambient,drought,-3
PIPO23,12.1,2025-07-18,PIPO,23,ambient,drought,-3
PIPO24,13.2,2025-07-18,PIPO,24,ambient,drought,-3
PIPO25,12.7,2025-07-18,PIPO,25,ambient,drought,-3
PIPO26,13.9,2025-07-18,PIPO,26,ambient,drought,-3
PIPO27,12.2,2025-07-18,PIPO,27,ambient,drought,-3
PIPO28,11.1,2025-07-18,PIPO,28,ambient,drought,-3
PIPO29,11.4,2025-07-18,PIPO,29,ambient,drought,-3
PIPO30,11.8,2025-07-18,PIPO,30,ambient,drought,-3
PIPO31,10.7,2025-07-18,PIPO,31,heatwave,water,-3
PIPO32,11.7,2025-07-18,PIPO,32,heatwave,drought,-3
PIPO33,11.3,2025-07-18,PIPO,33,heatwave,drought,-3
PIPO34,11.3,2025-07-18,PIPO,34,heatwave,drought,-3
PIPO35,11.4,2025-07-18,PIPO,35,heatwave,water,-3
PIPO36,12.1,2025-07-18,PIPO,36,heatwave,drought,-3
PIPO37,12.5,2025-07-18,PIPO,37,heatwave,drought,-3
PIPO38,13,2025-07-18,PIPO,38,heatwave,drought,-3
PIPO39,13.3,2025-07-18,PIPO,39,heatwave,drought,-3
PIPO40,12.1,2025-07-18,PIPO,40,heatwave,drought,-3
PIPO41,12.2,2025-07-18,PIPO,41,heatwave,drought,-3
PIPO42,12.8,2025-07-18,PIPO,42,heatwave,drought,-3
PIPO43,12.1,2025-07-18,PIPO,43,heatwave,drought,-3
PIPO44,12.1,2025-07-18,PIPO,44,heatwave,drought,-3
PIPO45,12.7,2025-07-18,PIPO,45,heatwave,drought,-3
PIPO46,12.7,2025-07-18,PIPO,46,heatwave,drought,-3
PIPO47,13.1,2025-07-18,PIPO,47,heatwave,drought,-3
PIPO48,14.4,2025-07-18,PIPO,48,heatwave,drought,-3
PIPO49,12.8,2025-07-18,PIPO,49,heatwave,drought,-3
PIPO50,9.1,2025-07-18,PIPO,50,heatwave,drought,-3
PIPO51,12.1,2025-07-18,PIPO,51,heatwave,water,-3
PIPO52,13.8,2025-07-18,PIPO,52,heatwave,drought,-3
PIPO53,12.1,2025-07-18,PIPO,53,heatwave,water,-3
PIPO54,13.4,2025-07-18,PIPO,54,heatwave,drought,-3
PIPO55,9.4,2025-07-18,PIPO,55,heatwave,drought,-3
PIPO56,13.3,2025-07-18,PIPO,56,heatwave,water,-3
PIPO57,13.7,2025-07-18,PIPO,57,heatwave,drought,-3
PIPO58,12.5,2025-07-18,PIPO,58,heatwave,drought,-3
PIPO59,13.7,2025-07-18,PIPO,59,heatwave,drought,-3
PIPO60,12.1,2025-07-18,PIPO,60,heatwave,drought,-3
PSME1,13.6,2025-07-18,PSME,1,ambient,drought,-3
PSME2,13.7,2025-07-18,PSME,2,ambient,drought,-3
PSME3,13.3,2025-07-18,PSME,3,ambient,water,-3
PSME4,13.8,2025-07-18,PSME,4,ambient,drought,-3
PSME5,13.6,2025-07-18,PSME,5,ambient,drought,-3
PSME6,12.7,2025-07-18,PSME,6,ambient,drought,-3
PSME7,13.6,2025-07-18,PSME,7,ambient,drought,-3
PSME8,12.5,2025-07-18,PSME,8,ambient,drought,-3
PSME9,15.4,2025-07-18,PSME,9,ambient,drought,-3
PSME10,12.4,2025-07-18,PSME,10,ambient,drought,-3
PSME11,13,2025-07-18,PSME,11,ambient,drought,-3
PSME12,12.8,2025-07-18,PSME,12,ambient,water,-3
PSME13,12.9,2025-07-18,PSME,13,ambient,drought,-3
PSME14,12.8,2025-07-18,PSME,14,ambient,drought,-3
PSME15,11.1,2025-07-18,PSME,15,ambient,drought,-3
PSME16,13.9,2025-07-18,PSME,16,ambient,drought,-3
PSME17,13.4,2025-07-18,PSME,17,ambient,water,-3
PSME18,14.3,2025-07-18,PSME,18,ambient,drought,-3
PSME19,13.9,2025-07-18,PSME,19,ambient,drought,-3
PSME20,12.8,2025-07-18,PSME,20,ambient,drought,-3
PSME21,13,2025-07-18,PSME,21,ambient,drought,-3
PSME22,13.5,2025-07-18,PSME,22,ambient,water,-3
PSME23,10.7,2025-07-18,PSME,23,ambient,drought,-3
PSME24,13.2,2025-07-18,PSME,24,ambient,drought,-3
PSME25,12,2025-07-18,PSME,25,ambient,drought,-3
PSME26,9.4,2025-07-18,PSME,26,ambient,drought,-3
PSME27,11,2025-07-18,PSME,27,ambient,water,-3
PSME28,11.3,2025-07-18,PSME,28,ambient,drought,-3
PSME29,12,2025-07-18,PSME,29,ambient,drought,-3
PSME30,11.5,2025-07-18,PSME,30,ambient,drought,-3
PSME31,11.1,2025-07-18,PSME,31,heatwave,water,-3
PSME32,12.4,2025-07-18,PSME,32,heatwave,drought,-3
PSME33,13.6,2025-07-18,PSME,33,heatwave,drought,-3
PSME34,13.6,2025-07-18,PSME,34,heatwave,drought,-3
PSME35,12.5,2025-07-18,PSME,35,heatwave,drought,-3
PSME36,12.5,2025-07-18,PSME,36,heatwave,drought,-3
PSME37,11,2025-07-18,PSME,37,heatwave,water,-3
PSME38,12.3,2025-07-18,PSME,38,heatwave,drought,-3
PSME39,12.2,2025-07-18,PSME,39,heatwave,drought,-3
PSME40,11,2025-07-18,PSME,40,heatwave,drought,-3
PSME41,12.5,2025-07-18,PSME,41,heatwave,drought,-3
PSME42,13.5,2025-07-18,PSME,42,heatwave,drought,-3
PSME43,11.7,2025-07-18,PSME,43,heatwave,drought,-3
PSME44,9.5,2025-07-18,PSME,44,heatwave,drought,-3
PSME45,14.9,2025-07-18,PSME,45,heatwave,water,-3
PSME46,13.8,2025-07-18,PSME,46,heatwave,drought,-3
PSME47,9.1,2025-07-18,PSME,47,heatwave,drought,-3
PSME48,12,2025-07-18,PSME,48,heatwave,water,-3
PSME49,11,2025-07-18,PSME,49,heatwave,drought,-3
PSME50,13.1,2025-07-18,PSME,50,heatwave,drought,-3
PSME51,11.6,2025-07-18,PSME,51,heatwave,drought,-3
PSME52,11.5,2025-07-18,PSME,52,heatwave,drought,-3
PSME53,13.2,2025-07-18,PSME,53,heatwave,drought,-3
PSME54,12.2,2025-07-18,PSME,54,heatwave,drought,-3
PSME55,11.7,2025-07-18,PSME,55,heatwave,drought,-3
PSME56,11.4,2025-07-18,PSME,56,heatwave,drought,-3
PSME57,13.6,2025-07-18,PSME,57,heatwave,water,-3
PSME58,12.8,2025-07-18,PSME,58,heatwave,drought,-3
PSME59,12.9,2025-07-18,PSME,59,heatwave,drought,-3
PSME60,12.3,2025-07-18,PSME,60,heatwave,drought,-3
PIFL1,12.1,2025-07-18,PIFL,1,ambient,water,-3
PIFL2,11.7,2025-07-18,PIFL,2,ambient,drought,-3
PIFL3,11.9,2025-07-18,PIFL,3,ambient,drought,-3
PIFL4,11.9,2025-07-18,PIFL,4,ambient,drought,-3
PIFL5,10.4,2025-07-18,PIFL,5,ambient,drought,-3
PIFL6,11.5,2025-07-18,PIFL,6,ambient,drought,-3
PIFL7,11.2,2025-07-18,PIFL,7,ambient,drought,-3
PIFL8,11.4,2025-07-18,PIFL,8,ambient,drought,-3
PIFL9,12.9,2025-07-18,PIFL,9,ambient,water,-3
PIFL10,10.5,2025-07-18,PIFL,10,ambient,drought,-3
PIFL11,10.9,2025-07-18,PIFL,11,ambient,drought,-3
PIFL12,11,2025-07-18,PIFL,12,ambient,water,-3
PIFL13,11.1,2025-07-18,PIFL,13,ambient,drought,-3
PIFL14,11.4,2025-07-18,PIFL,14,ambient,drought,-3
PIFL15,9.4,2025-07-18,PIFL,15,ambient,drought,-3
PIFL16,10,2025-07-18,PIFL,16,ambient,drought,-3
PIFL17,12,2025-07-18,PIFL,17,ambient,drought,-3
PIFL18,10.4,2025-07-18,PIFL,18,ambient,drought,-3
PIFL19,10.4,2025-07-18,PIFL,19,ambient,drought,-3
PIFL20,10.3,2025-07-18,PIFL,20,ambient,drought,-3
PIFL21,11.8,2025-07-18,PIFL,21,ambient,water,-3
PIFL22,11.7,2025-07-18,PIFL,22,ambient,drought,-3
PIFL23,10.7,2025-07-18,PIFL,23,ambient,drought,-3
PIFL24,14.4,2025-07-18,PIFL,24,ambient,drought,-3
PIFL25,12.1,2025-07-18,PIFL,25,ambient,drought,-3
PIFL26,11.7,2025-07-18,PIFL,26,ambient,drought,-3
PIFL27,10.9,2025-07-18,PIFL,27,ambient,drought,-3
PIFL28,11.6,2025-07-18,PIFL,28,ambient,water,-3
PIFL29,11.5,2025-07-18,PIFL,29,ambient,drought,-3
PIFL30,12.3,2025-07-18,PIFL,30,ambient,drought,-3
PIFL31,12,2025-07-18,PIFL,31,heatwave,drought,-3
PIFL32,12.5,2025-07-18,PIFL,32,heatwave,drought,-3
PIFL33,12.9,2025-07-18,PIFL,33,heatwave,drought,-3
PIFL34,12.7,2025-07-18,PIFL,34,heatwave,drought,-3
PIFL35,11,2025-07-18,PIFL,35,heatwave,drought,-3
PIFL36,12.7,2025-07-18,PIFL,36,heatwave,water,-3
PIFL37,12.9,2025-07-18,PIFL,37,heatwave,drought,-3
PIFL38,9.9,2025-07-18,PIFL,38,heatwave,drought,-3
PIFL39,12.5,2025-07-18,PIFL,39,heatwave,drought,-3
PIFL40,13.2,2025-07-18,PIFL,40,heatwave,drought,-3
PIFL41,10.9,2025-07-18,PIFL,41,heatwave,water,-3
PIFL42,11.5,2025-07-18,PIFL,42,heatwave,drought,-3
PIFL43,12.1,2025-07-18,PIFL,43,heatwave,drought,-3
PIFL44,11.5,2025-07-18,PIFL,44,heatwave,drought,-3
PIFL45,12.4,2025-07-18,PIFL,45,heatwave,drought,-3
PIFL46,10.9,2025-07-18,PIFL,46,heatwave,water,-3
PIFL47,11.3,2025-07-18,PIFL,47,heatwave,drought,-3
PIFL48,13.4,2025-07-18,PIFL,48,heatwave,drought,-3
PIFL49,12.7,2025-07-18,PIFL,49,heatwave,drought,-3
PIFL50,10.8,2025-07-18,PIFL,50,heatwave,drought,-3
PIFL51,12.5,2025-07-18,PIFL,51,heatwave,drought,-3
PIFL52,13,2025-07-18,PIFL,52,heatwave,water,-3
PIFL53,12.7,2025-07-18,PIFL,53,heatwave,drought,-3
PIFL54,12.6,2025-07-18,PIFL,54,heatwave,drought,-3
PIFL55,11.9,2025-07-18,PIFL,55,heatwave,water,-3
PIFL56,13,2025-07-18,PIFL,56,heatwave,drought,-3
PIFL57,12.7,2025-07-18,PIFL,57,heatwave,drought,-3
PIFL58,11.2,2025-07-18,PIFL,58,heatwave,drought,-3
PIFL59,11.4,2025-07-18,PIFL,59,heatwave,drought,-3
PIFL60,10.9,2025-07-18,PIFL,60,heatwave,drought,-3
PIEN1,13.1,2025-07-18,PIEN,1,ambient,water,-3
PIEN2,13.6,2025-07-18,PIEN,2,ambient,drought,-3
PIEN3,12.9,2025-07-18,PIEN,3,ambient,drought,-3
PIEN4,13.4,2025-07-18,PIEN,4,ambient,drought,-3
PIEN5,14.9,2025-07-18,PIEN,5,ambient,drought,-3
PIEN6,12.3,2025-07-18,PIEN,6,ambient,drought,-3
PIEN7,12.6,2025-07-18,PIEN,7,ambient,drought,-3
PIEN8,13.8,2025-07-18,PIEN,8,ambient,drought,-3
PIEN9,12.4,2025-07-18,PIEN,9,ambient,water,-3
PIEN10,12.1,2025-07-18,PIEN,10,ambient,drought,-3
PIEN11,13,2025-07-18,PIEN,11,ambient,drought,-3
PIEN12,13.3,2025-07-18,PIEN,12,ambient,drought,-3
PIEN13,14.7,2025-07-18,PIEN,13,ambient,drought,-3
PIEN14,13.5,2025-07-18,PIEN,14,ambient,drought,-3
PIEN15,13.4,2025-07-18,PIEN,15,ambient,drought,-3
PIEN16,13.7,2025-07-18,PIEN,16,ambient,drought,-3
PIEN17,18.5,2025-07-18,PIEN,17,ambient,drought,-3
PIEN18,12.8,2025-07-18,PIEN,18,ambient,water,-3
PIEN19,12.6,2025-07-18,PIEN,19,ambient,drought,-3
PIEN20,13.4,2025-07-18,PIEN,20,ambient,drought,-3
PIEN21,11.4,2025-07-18,PIEN,21,ambient,drought,-3
PIEN22,13.8,2025-07-18,PIEN,22,ambient,drought,-3
PIEN23,11.6,2025-07-18,PIEN,23,ambient,drought,-3
PIEN24,12.8,2025-07-18,PIEN,24,ambient,water,-3
PIEN25,12.8,2025-07-18,PIEN,25,ambient,drought,-3
PIEN26,11.2,2025-07-18,PIEN,26,ambient,drought,-3
PIEN27,10.6,2025-07-18,PIEN,27,ambient,water,-3
PIEN28,12.1,2025-07-18,PIEN,28,ambient,drought,-3
PIEN29,10.5,2025-07-18,PIEN,29,ambient,drought,-3
PIEN30,11.4,2025-07-18,PIEN,30,ambient,drought,-3
PIEN31,13.1,2025-07-18,PIEN,31,heatwave,water,-3
PIEN32,10.6,2025-07-18,PIEN,32,heatwave,drought,-3
PIEN33,11.2,2025-07-18,PIEN,33,heatwave,drought,-3
PIEN34,13.2,2025-07-18,PIEN,34,heatwave,water,-3
PIEN35,12.9,2025-07-18,PIEN,35,heatwave,drought,-3
PIEN36,11.4,2025-07-18,PIEN,36,heatwave,drought,-3
PIEN37,11.8,2025-07-18,PIEN,37,heatwave,drought,-3
PIEN38,10.8,2025-07-18,PIEN,38,heatwave,water,-3
PIEN39,11.4,2025-07-18,PIEN,39,heatwave,drought,-3
PIEN40,10.7,2025-07-18,PIEN,40,heatwave,drought,-3
PIEN41,11.5,2025-07-18,PIEN,41,heatwave,drought,-3
PIEN42,11.5,2025-07-18,PIEN,42,heatwave,water,-3
PIEN43,11,2025-07-18,PIEN,43,heatwave,drought,-3
PIEN44,9.8,2025-07-18,PIEN,44,heatwave,drought,-3
PIEN45,13.7,2025-07-18,PIEN,45,heatwave,drought,-3
PIEN46,12.7,2025-07-18,PIEN,46,heatwave,water,-3
PIEN47,11,2025-07-18,PIEN,47,heatwave,drought,-3
PIEN48,11.8,2025-07-18,PIEN,48,heatwave,drought,-3
PIEN49,10.6,2025-07-18,PIEN,49,heatwave,drought,-3
PIEN50,12.9,2025-07-18,PIEN,50,heatwave,drought,-3
PIEN51,13.2,2025-07-18,PIEN,51,heatwave,drought,-3
PIEN52,13.1,2025-07-18,PIEN,52,heatwave,drought,-3
PIEN53,10.8,2025-07-18,PIEN,53,heatwave,drought,-3
PIEN54,12.7,2025-07-18,PIEN,54,heatwave,drought,-3
PIEN55,10.3,2025-07-18,PIEN,55,heatwave,drought,-3
PIEN56,11.3,2025-07-18,PIEN,56,heatwave,drought,-3
PIEN57,10.8,2025-07-18,PIEN,57,heatwave,drought,-3
PIEN58,11.1,2025-07-18,PIEN,58,heatwave,drought,-3
PIEN59,12.9,2025-07-18,PIEN,59,heatwave,drought,-3
PIEN60,12.1,2025-07-18,PIEN,60,heatwave,drought,-3
