Device Name,3L
Device Model,Kestrel DROP 2
Serial Number,3076418
FORMATTED DATE_TIME,Temperature,Relative Humidity,Heat Index,Dew Point,Data Type,Record name,Start time,Duration (H:M:S),Location description,Location address,Location coordinates,Notes
yyyy-MM-dd hh:mm:ss a,°C,%,°C,°C
2000-01-01 12:10:00 AM,23.8,31.8,22.2,6.0,point
2000-01-01 12:20:00 AM,23.2,33.9,21.7,6.4,point
2025-07-01 03:30:00 PM,18.6,64.0,17.7,11.7,point
2025-07-01 04:00:00 PM,20.5,67.3,20.4,14.3,point
2025-07-01 04:30:00 PM,20.2,64.8,19.9,13.4,point
2025-07-01 05:00:00 PM,20.2,64.8,19.7,13.3,point
2025-07-01 05:30:00 PM,20.1,63.7,19.5,13.0,point
2025-07-01 06:00:00 PM,19.8,62.1,19.1,12.3,point
2025-07-01 06:30:00 PM,19.1,61.8,18.2,11.6,point
2025-07-01 07:00:00 PM,18.6,62.3,17.4,11.2,point
2025-07-01 07:30:00 PM,17.9,63.5,16.7,10.8,point
2025-07-01 08:00:00 PM,16.3,68.2,15.4,10.4,point
2025-07-01 08:30:00 PM,15.6,70.5,14.9,10.2,point
2025-07-01 09:00:00 PM,15.1,71.5,14.5,10.0,point
2025-07-01 09:30:00 PM,14.7,73.3,14.2,10.0,point
2025-07-01 10:00:00 PM,14.5,74.7,14.0,10.0,point
2025-07-01 10:30:00 PM,14.5,75.3,14.0,10.2,point
2025-07-01 11:00:00 PM,14.4,75.1,13.9,10.1,point
2025-07-01 11:30:00 PM,14.4,75.4,13.9,10.1,point
2025-07-02 12:00:00 AM,14.4,75.8,13.9,10.2,point
2025-07-02 12:30:00 AM,14.4,77.0,14.0,10.4,point
2025-07-02 01:00:00 AM,16.8,74.3,16.3,12.2,point
2025-07-02 01:30:00 AM,17.1,70.9,16.4,11.8,point
2025-07-02 02:00:00 AM,17.3,71.5,16.6,12.1,point
2025-07-02 02:30:00 AM,17.3,71.4,16.7,12.1,point
2025-07-02 03:00:00 AM,17.4,71.5,16.7,12.2,point
2025-07-02 03:30:00 AM,17.2,70.9,16.5,11.9,point
2025-07-02 04:00:00 AM,17.3,71.1,16.6,12.0,point
2025-07-02 04:30:00 AM,17.4,70.9,16.6,12.0,point
2025-07-02 05:00:00 AM,17.3,71.7,16.7,12.2,point
2025-07-02 05:30:00 AM,17.3,71.7,16.7,12.2,point
2025-07-02 06:00:00 AM,17.4,71.8,16.8,12.3,point
2025-07-02 06:30:00 AM,17.4,72.3,16.7,12.3,point
2025-07-02 07:00:00 AM,17.4,72.1,16.7,12.3,point
2025-07-02 07:30:00 AM,17.4,72.9,16.8,12.5,point
2025-07-02 08:00:00 AM,17.6,72.6,16.9,12.6,point
2025-07-02 08:30:00 AM,18.0,72.7,17.4,13.0,point
2025-07-02 09:00:00 AM,18.4,72.8,17.7,13.4,point
2025-07-02 09:30:00 AM,18.9,72.8,18.3,13.9,point
2025-07-02 10:00:00 AM,19.1,71.3,18.7,13.8,point
2025-07-02 10:30:00 AM,19.5,70.3,19.2,14.0,point
2025-07-02 11:00:00 AM,19.9,69.3,19.5,14.1,point
2025-07-02 11:30:00 AM,20.2,68.2,19.9,14.1,point
2025-07-02 12:00:00 PM,20.4,67.4,20.1,14.1,point
2025-07-02 12:30:00 PM,20.8,67.2,20.8,14.5,point
2025-07-02 01:00:00 PM,21.1,66.5,21.2,14.7,point
2025-07-02 01:30:00 PM,21.4,66.1,21.6,14.9,point
2025-07-02 02:00:00 PM,21.5,65.3,21.7,14.8,point
2025-07-02 02:30:00 PM,21.4,66.8,21.5,14.9,point
2025-07-02 03:00:00 PM,21.2,68.5,21.2,15.1,point
2025-07-02 03:30:00 PM,20.9,70.0,20.9,15.2,point
2025-07-02 04:00:00 PM,20.6,70.5,20.6,15.1,point
2025-07-02 04:30:00 PM,20.3,72.0,20.3,15.1,point
2025-07-02 05:00:00 PM,20.2,73.6,20.1,15.3,point
2025-07-02 05:30:00 PM,20.3,74.1,20.2,15.5,point
2025-07-02 06:00:00 PM,20.0,73.5,19.9,15.1,point
2025-07-02 06:30:00 PM,19.4,73.7,19.2,14.6,point
2025-07-02 07:00:00 PM,18.7,73.6,18.3,13.9,point
2025-07-02 07:30:00 PM,18.1,73.7,17.6,13.4,point
2025-07-02 08:00:00 PM,16.4,77.0,16.1,12.4,point
2025-07-02 08:30:00 PM,15.7,78.7,15.4,12.0,point
2025-07-02 09:00:00 PM,15.3,79.0,15.1,11.7,point
2025-07-02 09:30:00 PM,14.8,79.7,14.6,11.3,point
2025-07-02 10:00:00 PM,14.6,80.4,14.4,11.3,point
2025-07-02 10:30:00 PM,14.5,80.0,14.2,11.1,point
2025-07-02 11:00:00 PM,14.5,80.1,14.2,11.1,point
2025-07-02 11:30:00 PM,14.5,81.1,14.3,11.2,point
2025-07-03 12:00:00 AM,14.4,79.8,14.2,11.0,point
2025-07-03 12:30:00 AM,14.4,81.6,14.3,11.3,point
2025-07-03 01:00:00 AM,17.0,80.8,16.9,13.7,point
2025-07-03 01:30:00 AM,17.4,78.2,17.1,13.6,point
2025-07-03 02:00:00 AM,17.5,77.1,17.2,13.4,point
2025-07-03 02:30:00 AM,17.8,76.9,17.3,13.7,point
2025-07-03 03:00:00 AM,17.9,76.1,17.5,13.6,point
2025-07-03 03:30:00 AM,17.9,76.9,17.5,13.8,point
2025-07-03 04:00:00 AM,18.0,75.9,17.6,13.7,point
2025-07-03 04:30:00 AM,18.1,76.5,17.6,13.9,point
2025-07-03 05:00:00 AM,18.1,75.2,17.7,13.6,point
2025-07-03 05:30:00 AM,18.1,76.3,17.7,13.9,point
2025-07-03 06:00:00 AM,18.3,76.4,17.8,14.1,point
2025-07-03 06:30:00 AM,18.4,76.3,17.9,14.1,point
2025-07-03 07:00:00 AM,18.4,77.0,18.0,14.2,point
2025-07-03 07:30:00 AM,18.4,76.5,17.9,14.2,point
2025-07-03 08:00:00 AM,18.6,77.6,18.2,14.6,point
2025-07-03 08:30:00 AM,19.0,78.5,18.7,15.1,point
2025-07-03 09:00:00 AM,19.2,77.5,19.1,15.2,point
2025-07-03 09:30:00 AM,19.7,79.1,19.7,15.9,point
2025-07-03 10:00:00 AM,20.0,79.6,20.2,16.4,point
2025-07-03 10:30:00 AM,20.3,79.6,20.6,16.7,point
2025-07-03 11:00:00 AM,20.6,79.0,20.9,16.8,point
2025-07-03 11:30:00 AM,20.8,79.1,21.1,17.0,point
2025-07-03 12:00:00 PM,21.2,79.5,21.6,17.5,point
2025-07-03 12:30:00 PM,21.6,80.0,22.2,18.0,point
2025-07-03 01:00:00 PM,21.9,80.8,22.5,18.4,point
2025-07-03 01:30:00 PM,22.1,80.6,22.9,18.6,point
2025-07-03 02:00:00 PM,22.3,79.5,23.1,18.6,point
2025-07-03 02:30:00 PM,22.0,78.5,22.6,18.1,point
2025-07-03 03:00:00 PM,21.8,77.1,22.3,17.6,point
2025-07-03 03:30:00 PM,21.5,77.3,22.1,17.4,point
2025-07-03 04:00:00 PM,21.2,76.4,21.7,16.9,point
2025-07-03 04:30:00 PM,21.0,76.0,21.3,16.6,point
2025-07-03 05:00:00 PM,20.8,76.8,21.1,16.6,point
2025-07-03 05:30:00 PM,20.8,76.5,21.0,16.5,point
2025-07-03 06:00:00 PM,20.5,75.5,20.7,16.0,point
2025-07-03 06:30:00 PM,19.9,74.7,19.9,15.3,point
2025-07-03 07:00:00 PM,19.4,74.5,19.2,14.8,point
2025-07-03 07:30:00 PM,18.7,73.0,18.2,13.8,point
2025-07-03 08:00:00 PM,17.0,78.6,16.7,13.3,point
2025-07-03 08:30:00 PM,16.3,80.5,16.1,13.0,point
2025-07-03 09:00:00 PM,15.8,80.6,15.6,12.5,point
2025-07-03 09:30:00 PM,15.4,80.8,15.2,12.1,point
2025-07-03 10:00:00 PM,15.2,82.5,15.1,12.2,point
2025-07-03 10:30:00 PM,15.1,81.8,15.0,12.1,point
2025-07-03 11:00:00 PM,15.1,81.9,14.9,12.0,point
2025-07-03 11:30:00 PM,15.0,81.7,14.9,11.9,point
2025-07-04 12:00:00 AM,15.0,81.9,14.9,12.0,point
2025-07-04 12:30:00 AM,15.0,82.5,14.9,12.0,point
2025-07-04 01:00:00 AM,17.6,81.5,17.5,14.4,point
2025-07-04 01:30:00 AM,18.0,78.2,17.7,14.2,point
2025-07-04 02:00:00 AM,18.1,77.3,17.8,14.1,point
2025-07-04 02:30:00 AM,18.2,78.0,17.9,14.3,point
2025-07-04 03:00:00 AM,18.2,77.0,17.9,14.1,point
2025-07-04 03:30:00 AM,18.3,76.9,17.9,14.1,point
2025-07-04 04:00:00 AM,18.3,76.9,17.9,14.2,point
2025-07-04 04:30:00 AM,18.2,77.5,17.9,14.2,point
2025-07-04 05:00:00 AM,18.1,77.6,17.7,14.1,point
2025-07-04 05:30:00 AM,18.2,77.2,17.9,14.2,point
2025-07-04 06:00:00 AM,18.3,77.3,17.9,14.2,point
2025-07-04 06:30:00 AM,18.3,77.4,17.9,14.3,point
2025-07-04 07:00:00 AM,18.2,77.0,17.8,14.1,point
2025-07-04 07:30:00 AM,18.0,77.5,17.6,14.0,point
2025-07-04 08:00:00 AM,18.0,78.5,17.7,14.2,point
2025-07-04 08:30:00 AM,18.7,79.1,18.6,15.0,point
2025-07-04 09:00:00 AM,19.2,78.9,19.2,15.5,point
2025-07-04 09:30:00 AM,19.6,79.0,19.7,15.9,point
2025-07-04 10:00:00 AM,19.8,80.0,20.0,16.3,point
2025-07-04 10:30:00 AM,20.3,79.7,20.5,16.6,point
2025-07-04 11:00:00 AM,20.6,80.8,21.0,17.2,point
2025-07-04 11:30:00 AM,20.9,80.5,21.4,17.4,point
2025-07-04 12:00:00 PM,21.2,80.0,21.6,17.6,point
2025-07-04 12:30:00 PM,21.4,80.1,22.0,17.9,point
2025-07-04 01:00:00 PM,21.6,81.0,22.3,18.2,point
2025-07-04 01:30:00 PM,22.0,82.5,22.9,18.9,point
2025-07-04 02:00:00 PM,22.0,80.1,22.6,18.4,point
2025-07-04 02:30:00 PM,21.8,79.8,22.5,18.2,point
2025-07-04 03:00:00 PM,21.6,79.0,22.2,17.8,point
2025-07-04 03:30:00 PM,21.3,78.6,21.8,17.5,point
2025-07-04 04:00:00 PM,21.0,76.7,21.4,16.8,point
2025-07-04 04:30:00 PM,20.9,78.0,21.2,16.9,point
2025-07-04 05:00:00 PM,20.8,77.5,21.0,16.7,point
2025-07-04 05:30:00 PM,20.8,78.7,21.0,16.9,point
2025-07-04 06:00:00 PM,20.4,77.3,20.5,16.3,point
2025-07-04 06:30:00 PM,19.9,76.0,19.8,15.5,point
2025-07-04 07:00:00 PM,19.3,76.9,19.1,15.1,point
2025-07-04 07:30:00 PM,18.6,75.7,18.2,14.2,point
2025-07-04 08:00:00 PM,16.9,78.6,16.6,13.2,point
2025-07-04 08:30:00 PM,16.2,77.9,15.9,12.4,point
2025-07-04 09:00:00 PM,15.8,80.0,15.6,12.4,point
2025-07-04 09:30:00 PM,15.3,80.0,15.1,11.9,point
2025-07-04 10:00:00 PM,15.1,81.7,15.0,12.0,point
2025-07-04 10:30:00 PM,15.1,82.5,15.1,12.2,point
2025-07-04 11:00:00 PM,15.1,81.8,14.9,12.0,point
2025-07-04 11:30:00 PM,15.1,82.8,15.1,12.2,point
2025-07-05 12:00:00 AM,15.1,82.7,15.0,12.2,point
2025-07-05 12:30:00 AM,15.0,82.7,15.0,12.1,point
2025-07-05 01:00:00 AM,17.6,83.7,17.5,14.8,point
2025-07-05 01:30:00 AM,18.0,79.0,17.8,14.3,point
2025-07-05 02:00:00 AM,18.0,78.0,17.7,14.1,point
2025-07-05 02:30:00 AM,18.0,78.3,17.7,14.2,point
2025-07-05 03:00:00 AM,18.1,78.0,17.7,14.2,point
2025-07-05 03:30:00 AM,18.0,77.3,17.6,13.9,point
2025-07-05 04:00:00 AM,18.1,78.5,17.7,14.3,point
2025-07-05 04:30:00 AM,18.0,77.4,17.7,14.0,point
2025-07-05 05:00:00 AM,17.9,78.1,17.6,14.1,point
2025-07-05 05:30:00 AM,18.0,78.7,17.7,14.3,point
2025-07-05 06:00:00 AM,18.0,79.0,17.8,14.3,point
2025-07-05 06:30:00 AM,17.9,74.9,17.3,13.3,point
2025-07-05 07:00:00 AM,17.8,78.3,17.5,14.0,point
2025-07-05 07:30:00 AM,17.7,78.0,17.4,13.8,point
2025-07-05 08:00:00 AM,18.2,79.2,18.0,14.5,point
2025-07-05 08:30:00 AM,18.4,78.4,18.0,14.6,point
2025-07-05 09:00:00 AM,18.8,80.9,18.8,15.5,point
2025-07-05 09:30:00 AM,19.1,79.8,19.1,15.5,point
2025-07-05 10:00:00 AM,19.5,81.0,19.7,16.2,point
2025-07-05 10:30:00 AM,19.7,81.5,19.8,16.4,point
2025-07-05 11:00:00 AM,20.1,81.2,20.4,16.8,point
2025-07-05 11:30:00 AM,20.5,81.1,20.8,17.1,point
2025-07-05 12:00:00 PM,20.5,78.5,20.8,16.6,point
2025-07-05 12:30:00 PM,21.0,81.4,21.5,17.7,point
2025-07-05 01:00:00 PM,21.4,82.2,22.0,18.2,point
2025-07-05 01:30:00 PM,21.8,81.9,22.5,18.6,point
2025-07-05 02:00:00 PM,22.1,80.7,22.9,18.6,point
2025-07-05 02:30:00 PM,21.9,80.3,22.5,18.3,point
2025-07-05 03:00:00 PM,21.6,79.4,22.2,17.9,point
2025-07-05 03:30:00 PM,21.4,78.1,21.9,17.4,point
2025-07-05 04:00:00 PM,21.1,77.7,21.5,17.1,point
2025-07-05 04:30:00 PM,21.0,77.6,21.3,16.9,point
2025-07-05 05:00:00 PM,20.8,76.8,21.1,16.6,point
2025-07-05 05:30:00 PM,20.9,77.0,21.2,16.7,point
2025-07-05 06:00:00 PM,20.6,76.5,20.7,16.3,point
2025-07-05 06:30:00 PM,20.0,75.2,20.0,15.5,point
2025-07-05 07:00:00 PM,19.2,74.2,18.9,14.6,point
2025-07-05 07:30:00 PM,18.8,75.2,18.5,14.3,point
2025-07-05 08:00:00 PM,17.0,78.8,16.8,13.3,point
2025-07-05 08:30:00 PM,16.3,80.8,16.2,13.0,point
2025-07-05 09:00:00 PM,15.8,81.5,15.7,12.7,point
2025-07-05 09:30:00 PM,15.4,81.1,15.3,12.2,point
2025-07-05 10:00:00 PM,15.1,81.2,15.0,11.9,point
2025-07-05 10:30:00 PM,15.1,83.0,15.1,12.2,point
2025-07-05 11:00:00 PM,15.1,82.1,15.0,12.1,point
2025-07-05 11:30:00 PM,15.1,82.7,15.1,12.2,point
2025-07-06 12:00:00 AM,15.1,82.5,15.0,12.1,point
2025-07-06 12:30:00 AM,15.0,82.0,14.9,12.0,point
2025-07-06 01:00:00 AM,17.6,82.5,17.5,14.6,point
2025-07-06 01:30:00 AM,18.1,78.4,17.8,14.3,point
2025-07-06 02:00:00 AM,18.2,78.1,17.9,14.3,point
2025-07-06 02:30:00 AM,18.2,77.7,17.9,14.2,point
2025-07-06 03:00:00 AM,18.2,76.7,17.8,14.1,point
2025-07-06 03:30:00 AM,18.3,77.8,18.0,14.4,point
2025-07-06 04:00:00 AM,18.4,77.7,18.0,14.4,point
2025-07-06 04:30:00 AM,18.3,77.4,18.0,14.3,point
2025-07-06 05:00:00 AM,18.3,77.7,17.9,14.3,point
2025-07-06 05:30:00 AM,18.1,77.1,17.8,14.1,point
2025-07-06 06:00:00 AM,18.1,78.3,17.8,14.3,point
2025-07-06 06:30:00 AM,18.1,77.9,17.8,14.2,point
2025-07-06 07:00:00 AM,18.2,76.5,17.7,14.0,point
2025-07-06 07:30:00 AM,18.1,77.6,17.8,14.1,point
2025-07-06 08:00:00 AM,18.4,79.4,18.1,14.7,point
2025-07-06 08:30:00 AM,18.6,79.4,18.4,15.0,point
2025-07-06 09:00:00 AM,19.2,79.1,19.1,15.4,point
2025-07-06 09:30:00 AM,19.6,80.0,19.6,16.0,point
2025-07-06 10:00:00 AM,19.9,80.8,20.2,16.5,point
2025-07-06 10:30:00 AM,20.1,80.0,20.4,16.6,point
2025-07-06 11:00:00 AM,20.5,79.6,20.9,16.9,point
2025-07-06 11:30:00 AM,20.9,79.1,21.3,17.1,point
2025-07-06 12:00:00 PM,21.1,79.8,21.6,17.5,point
2025-07-06 12:30:00 PM,21.4,79.5,21.9,17.7,point
2025-07-06 01:00:00 PM,21.7,79.0,22.4,17.9,point
2025-07-06 01:30:00 PM,22.1,78.7,22.8,18.2,point
2025-07-06 02:00:00 PM,22.1,76.7,22.7,17.9,point
2025-07-06 02:30:00 PM,21.9,75.1,22.4,17.3,point
2025-07-06 03:00:00 PM,21.6,74.1,22.1,16.8,point
2025-07-06 03:30:00 PM,21.4,73.2,21.7,16.4,point
2025-07-06 04:00:00 PM,21.0,72.5,21.1,15.9,point
2025-07-06 04:30:00 PM,20.4,71.1,20.2,15.0,point
2025-07-06 05:00:00 PM,20.6,72.9,20.6,15.5,point
2025-07-06 05:30:00 PM,20.4,72.2,20.5,15.2,point
2025-07-06 06:00:00 PM,20.0,71.4,19.8,14.6,point
2025-07-06 06:30:00 PM,19.4,71.5,19.1,14.1,point
2025-07-06 07:00:00 PM,18.7,71.4,18.0,13.4,point
2025-07-06 07:30:00 PM,18.1,72.2,17.5,13.0,point
2025-07-06 08:00:00 PM,16.4,75.3,16.0,12.1,point
2025-07-06 08:30:00 PM,15.8,77.8,15.4,11.9,point
2025-07-06 09:00:00 PM,15.3,78.0,14.9,11.4,point
2025-07-06 09:30:00 PM,14.9,79.0,14.6,11.3,point
2025-07-06 10:00:00 PM,14.6,80.1,14.3,11.2,point
2025-07-06 10:30:00 PM,14.6,80.5,14.3,11.3,point
2025-07-06 11:00:00 PM,14.6,80.9,14.4,11.4,point
2025-07-06 11:30:00 PM,14.6,81.0,14.4,11.4,point
2025-07-07 12:00:00 AM,14.6,81.6,14.4,11.4,point
2025-07-07 12:30:00 AM,14.5,81.5,14.3,11.3,point
2025-07-07 01:00:00 AM,17.0,80.0,16.7,13.5,point
2025-07-07 01:30:00 AM,17.5,78.5,17.2,13.7,point
2025-07-07 02:00:00 AM,17.5,77.2,17.2,13.5,point
2025-07-07 02:30:00 AM,17.5,76.7,17.1,13.4,point
2025-07-07 03:00:00 AM,17.6,76.9,17.1,13.5,point
2025-07-07 03:30:00 AM,17.6,76.9,17.2,13.5,point
2025-07-07 04:00:00 AM,17.7,77.1,17.3,13.6,point
2025-07-07 04:30:00 AM,17.6,76.0,17.1,13.3,point
2025-07-07 05:00:00 AM,17.7,76.8,17.3,13.6,point
2025-07-07 05:30:00 AM,17.6,76.9,17.3,13.5,point
2025-07-07 06:00:00 AM,17.7,77.8,17.3,13.8,point
2025-07-07 06:30:00 AM,17.7,78.5,17.4,13.9,point
2025-07-07 07:00:00 AM,17.6,77.0,17.2,13.5,point
2025-07-07 07:30:00 AM,17.6,77.3,17.2,13.6,point
2025-07-07 08:00:00 AM,17.8,78.1,17.5,14.0,point
2025-07-07 08:30:00 AM,18.2,79.1,17.9,14.5,point
2025-07-07 09:00:00 AM,18.6,77.0,18.3,14.5,point
2025-07-07 09:30:00 AM,19.0,78.6,18.7,15.2,point
2025-07-07 10:00:00 AM,19.5,78.7,19.4,15.7,point
2025-07-07 10:30:00 AM,19.7,77.3,19.7,15.6,point
2025-07-07 11:00:00 AM,20.0,75.9,20.1,15.6,point
2025-07-07 11:30:00 AM,20.3,75.7,20.5,15.9,point
2025-07-07 12:00:00 PM,20.6,74.3,20.8,15.9,point
2025-07-07 12:30:00 PM,20.8,73.6,20.9,15.9,point
2025-07-07 01:00:00 PM,21.2,72.9,21.5,16.2,point
2025-07-07 01:30:00 PM,21.4,71.4,21.6,16.0,point
2025-07-07 02:00:00 PM,21.6,73.2,22.0,16.6,point
2025-07-07 02:30:00 PM,21.2,71.8,21.5,15.9,point
2025-07-07 03:00:00 PM,21.0,61.5,20.7,13.3,point
2025-07-07 03:30:00 PM,20.2,77.9,20.3,16.2,point
2025-07-07 04:00:00 PM,19.5,83.9,19.8,16.7,point
2025-07-07 04:30:00 PM,19.2,83.8,19.4,16.4,point
2025-07-07 05:00:00 PM,19.0,85.0,19.2,16.4,point
2025-07-07 05:30:00 PM,19.0,85.0,19.1,16.4,point
2025-07-07 06:00:00 PM,18.8,84.3,18.8,16.0,point
2025-07-07 06:30:00 PM,18.1,84.6,18.1,15.5,point
2025-07-07 07:00:00 PM,17.3,83.6,17.3,14.5,point
2025-07-07 07:30:00 PM,16.7,83.8,16.6,13.9,point
2025-07-07 08:00:00 PM,15.5,85.1,15.5,13.0,point
2025-07-07 08:30:00 PM,15.0,85.7,15.0,12.6,point
2025-07-07 09:00:00 PM,14.6,86.1,14.5,12.2,point
2025-07-07 09:30:00 PM,14.1,86.2,14.0,11.8,point
2025-07-07 10:00:00 PM,13.8,87.0,13.8,11.6,point
2025-07-07 10:30:00 PM,13.7,86.6,13.8,11.5,point
2025-07-07 11:00:00 PM,13.7,86.5,13.7,11.5,point
2025-07-07 11:30:00 PM,13.7,87.0,13.7,11.6,point
2025-07-08 12:00:00 AM,13.7,86.7,13.8,11.6,point
2025-07-08 12:30:00 AM,13.9,87.7,14.0,11.9,point
2025-07-08 01:00:00 AM,16.1,88.6,16.3,14.3,point
2025-07-08 01:30:00 AM,16.5,87.1,16.5,14.3,point
2025-07-08 02:00:00 AM,16.6,86.2,16.5,14.2,point
2025-07-08 02:30:00 AM,16.6,86.1,16.6,14.3,point
2025-07-08 03:00:00 AM,16.7,86.3,16.7,14.4,point
2025-07-08 03:30:00 AM,16.7,86.3,16.7,14.4,point
2025-07-08 04:00:00 AM,16.8,86.8,16.8,14.6,point
2025-07-08 04:30:00 AM,16.7,86.0,16.7,14.4,point
2025-07-08 05:00:00 AM,16.7,86.5,16.8,14.4,point
2025-07-08 05:30:00 AM,16.7,85.8,16.7,14.3,point
2025-07-08 06:00:00 AM,16.9,87.1,16.9,14.7,point
2025-07-08 06:30:00 AM,16.8,85.8,16.8,14.4,point
2025-07-08 07:00:00 AM,16.8,86.4,16.8,14.5,point
2025-07-08 07:30:00 AM,16.8,86.6,16.8,14.5,point
2025-07-08 08:00:00 AM,17.0,87.1,17.0,14.8,point
2025-07-08 08:30:00 AM,17.4,86.3,17.4,15.1,point
2025-07-08 09:00:00 AM,17.9,87.7,17.9,15.8,point
2025-07-08 09:30:00 AM,18.2,87.8,18.3,16.2,point
2025-07-08 10:00:00 AM,18.7,87.9,18.9,16.6,point
2025-07-08 10:30:00 AM,19.0,88.0,19.3,17.0,point
2025-07-08 11:00:00 AM,19.3,87.9,19.5,17.2,point
2025-07-08 11:30:00 AM,19.6,87.4,19.9,17.4,point
2025-07-08 12:00:00 PM,19.9,88.2,20.4,17.9,point
2025-07-08 12:30:00 PM,20.2,87.7,20.8,18.1,point
2025-07-08 01:00:00 PM,20.5,87.2,21.1,18.3,point
2025-07-08 01:30:00 PM,21.0,86.9,21.6,18.7,point
2025-07-08 02:00:00 PM,21.2,87.2,22.0,19.0,point
2025-07-08 02:30:00 PM,21.0,86.1,21.6,18.6,point
2025-07-08 03:00:00 PM,20.8,86.1,21.3,18.3,point
2025-07-08 03:30:00 PM,20.5,86.3,21.0,18.1,point
2025-07-08 04:00:00 PM,20.2,86.0,20.5,17.8,point
2025-07-08 04:30:00 PM,19.9,85.6,20.2,17.4,point
2025-07-08 05:00:00 PM,19.1,87.6,19.4,17.0,point
2025-07-08 05:30:00 PM,19.0,85.8,19.2,16.6,point
2025-07-08 06:00:00 PM,18.5,85.3,18.6,16.0,point
2025-07-08 06:30:00 PM,18.1,84.8,18.1,15.5,point
2025-07-08 07:00:00 PM,17.7,84.8,17.7,15.1,point
2025-07-08 07:30:00 PM,17.2,85.1,17.2,14.7,point
2025-07-08 08:00:00 PM,16.3,85.9,16.2,13.9,point
2025-07-08 08:30:00 PM,15.7,86.2,15.6,13.4,point
2025-07-08 09:00:00 PM,15.2,86.8,15.3,13.1,point
2025-07-08 09:30:00 PM,14.8,85.6,14.7,12.4,point
2025-07-08 10:00:00 PM,14.5,86.8,14.6,12.4,point
2025-07-08 10:30:00 PM,14.5,86.7,14.5,12.3,point
2025-07-08 11:00:00 PM,14.5,87.0,14.5,12.3,point
2025-07-08 11:30:00 PM,14.5,88.0,14.5,12.5,point
2025-07-09 12:00:00 AM,14.4,88.0,14.4,12.4,point
2025-07-09 12:30:00 AM,14.4,87.7,14.4,12.4,point
2025-07-09 01:00:00 AM,16.4,89.9,16.6,14.8,point
2025-07-09 01:30:00 AM,16.8,87.8,16.8,14.7,point
2025-07-09 02:00:00 AM,16.8,87.3,16.8,14.7,point
2025-07-09 02:30:00 AM,16.8,87.7,16.9,14.8,point
2025-07-09 03:00:00 AM,16.8,87.2,16.8,14.6,point
2025-07-09 03:30:00 AM,16.7,87.3,16.8,14.6,point
2025-07-09 04:00:00 AM,16.6,87.1,16.7,14.5,point
2025-07-09 04:30:00 AM,16.6,86.6,16.7,14.3,point
2025-07-09 05:00:00 AM,16.5,86.7,16.5,14.3,point
2025-07-09 05:30:00 AM,16.5,87.1,16.5,14.3,point
2025-07-09 06:00:00 AM,16.6,87.6,16.6,14.5,point
2025-07-09 06:30:00 AM,16.7,86.9,16.7,14.5,point
2025-07-09 07:00:00 AM,16.5,86.2,16.4,14.2,point
2025-07-09 07:30:00 AM,16.4,86.4,16.5,14.1,point
2025-07-09 08:00:00 AM,16.6,88.2,16.7,14.6,point
2025-07-09 08:30:00 AM,17.1,88.8,17.2,15.2,point
2025-07-09 09:00:00 AM,17.6,87.5,17.7,15.5,point
2025-07-09 09:30:00 AM,18.0,87.3,18.0,15.8,point
2025-07-09 10:00:00 AM,18.4,88.1,18.6,16.4,point
2025-07-09 10:30:00 AM,18.7,88.3,19.0,16.7,point
2025-07-09 11:00:00 AM,18.9,88.0,19.1,16.8,point
2025-07-09 11:30:00 AM,19.3,88.3,19.6,17.3,point
2025-07-09 12:00:00 PM,19.7,88.4,20.1,17.7,point
2025-07-09 12:30:00 PM,20.0,88.0,20.4,17.9,point
2025-07-09 01:00:00 PM,20.3,87.6,20.9,18.2,point
2025-07-09 01:30:00 PM,20.9,87.5,21.6,18.8,point
2025-07-09 02:00:00 PM,24.3,50.8,23.6,13.4,point
2025-07-09 02:30:00 PM,22.0,76.2,22.6,17.6,point
2025-07-09 03:00:00 PM,19.9,79.4,20.0,16.2,point
2025-07-09 03:30:00 PM,20.0,81.4,20.2,16.7,point
2025-07-09 04:00:00 PM,20.9,72.1,21.0,15.6,point
2025-07-09 04:30:00 PM,20.3,74.3,20.2,15.6,point
2025-07-09 05:00:00 PM,19.1,83.4,19.3,16.2,point
2025-07-09 05:30:00 PM,18.7,83.8,18.8,15.9,point
2025-07-09 06:00:00 PM,17.8,81.6,17.6,14.6,point
2025-07-09 06:30:00 PM,17.2,83.3,17.1,14.3,point
2025-07-09 07:00:00 PM,16.8,83.6,16.7,14.0,point
2025-07-09 07:30:00 PM,16.2,83.6,16.2,13.4,point
2025-07-09 08:00:00 PM,15.0,86.7,15.1,12.8,point
2025-07-09 08:30:00 PM,14.7,88.0,14.7,12.7,point
2025-07-09 09:00:00 PM,14.0,87.0,14.0,11.8,point
2025-07-09 09:30:00 PM,13.7,88.2,13.7,11.8,point
2025-07-09 10:00:00 PM,13.5,88.2,13.6,11.6,point
2025-07-09 10:30:00 PM,13.4,88.8,13.5,11.6,point
2025-07-09 11:00:00 PM,13.4,88.8,13.6,11.6,point
2025-07-09 11:30:00 PM,13.3,89.0,13.5,11.6,point
2025-07-10 12:00:00 AM,13.3,88.8,13.5,11.6,point
2025-07-10 12:30:00 AM,13.3,88.3,13.5,11.4,point
2025-07-10 01:00:00 AM,15.6,87.7,15.7,13.6,point
2025-07-10 01:30:00 AM,15.8,85.9,15.8,13.5,point
2025-07-10 02:00:00 AM,15.7,85.7,15.6,13.3,point
2025-07-10 02:30:00 AM,15.7,85.9,15.6,13.3,point
2025-07-10 03:00:00 AM,15.8,85.4,15.7,13.3,point
2025-07-10 03:30:00 AM,16.0,84.4,15.9,13.4,point
2025-07-10 04:00:00 AM,15.9,84.9,15.9,13.4,point
2025-07-10 04:30:00 AM,16.2,85.6,16.2,13.8,point
2025-07-10 05:00:00 AM,16.1,85.4,16.1,13.7,point
2025-07-10 05:30:00 AM,16.2,84.0,16.1,13.5,point
2025-07-10 06:00:00 AM,16.0,84.2,16.0,13.4,point
2025-07-10 06:30:00 AM,16.0,84.5,16.0,13.4,point
2025-07-10 07:00:00 AM,16.0,83.2,16.0,13.2,point
2025-07-10 07:30:00 AM,16.3,84.4,16.2,13.7,point
2025-07-10 08:00:00 AM,16.3,85.5,16.2,13.8,point
2025-07-10 08:30:00 AM,17.0,85.2,16.9,14.4,point
2025-07-10 09:00:00 AM,17.4,85.2,17.3,14.9,point
2025-07-10 09:30:00 AM,17.7,86.6,17.8,15.4,point
2025-07-10 10:00:00 AM,17.9,84.7,17.8,15.2,point
2025-07-10 10:30:00 AM,18.6,87.7,18.8,16.5,point
2025-07-10 11:00:00 AM,18.7,86.0,18.8,16.3,point
2025-07-10 11:30:00 AM,19.2,86.2,19.3,16.8,point
2025-07-10 12:00:00 PM,19.5,86.7,19.9,17.2,point
2025-07-10 12:30:00 PM,20.0,86.8,20.5,17.8,point
2025-07-10 01:00:00 PM,20.3,86.0,20.7,17.9,point
2025-07-10 01:30:00 PM,20.5,86.2,21.0,18.1,point
2025-07-10 02:00:00 PM,20.7,85.4,21.3,18.2,point
2025-07-10 02:30:00 PM,20.4,84.7,20.8,17.7,point
2025-07-10 03:00:00 PM,23.1,81.0,24.1,19.7,point
2025-07-10 03:30:00 PM,22.8,80.9,23.6,19.3,point
2025-07-10 04:00:00 PM,22.6,79.6,23.3,18.9,point
2025-07-10 04:30:00 PM,22.4,79.8,23.2,18.8,point
2025-07-10 05:00:00 PM,21.5,78.4,22.1,17.6,point
2025-07-10 05:30:00 PM,21.1,79.0,21.5,17.3,point
2025-07-10 06:00:00 PM,21.0,78.7,21.3,17.1,point
2025-07-10 06:30:00 PM,19.8,77.6,19.7,15.8,point
2025-07-10 07:00:00 PM,19.6,78.5,19.5,15.7,point
2025-07-10 07:30:00 PM,19.3,76.1,19.2,15.0,point
2025-07-10 08:00:00 PM,15.9,82.2,15.7,12.8,point
2025-07-10 08:30:00 PM,15.3,83.8,15.2,12.6,point
2025-07-10 09:00:00 PM,14.9,84.5,14.8,12.3,point
2025-07-10 09:30:00 PM,14.8,84.8,14.8,12.3,point
2025-07-10 10:00:00 PM,14.2,85.3,14.2,11.8,point
2025-07-10 10:30:00 PM,14.2,85.7,14.2,11.8,point
2025-07-10 11:00:00 PM,14.2,86.6,14.2,12.0,point
2025-07-10 11:30:00 PM,14.1,85.4,14.0,11.7,point
2025-07-11 12:00:00 AM,14.2,86.6,14.2,12.0,point
2025-07-11 12:30:00 AM,14.2,87.5,14.3,12.2,point
2025-07-11 01:00:00 AM,18.9,83.7,19.0,16.1,point
2025-07-11 01:30:00 AM,19.4,80.6,19.5,16.0,point
2025-07-11 02:00:00 AM,19.5,80.6,19.6,16.1,point
2025-07-11 02:30:00 AM,18.9,80.3,18.8,15.5,point
2025-07-11 03:00:00 AM,19.7,79.8,19.7,16.1,point
2025-07-11 03:30:00 AM,19.3,80.2,19.3,15.8,point
2025-07-11 04:00:00 AM,19.4,79.2,19.3,15.7,point
2025-07-11 04:30:00 AM,19.4,79.9,19.5,15.9,point
2025-07-11 05:00:00 AM,19.3,79.7,19.3,15.8,point
2025-07-11 05:30:00 AM,19.3,79.9,19.3,15.8,point
2025-07-11 06:00:00 AM,19.7,79.2,19.7,16.0,point
2025-07-11 06:30:00 AM,19.2,80.2,19.2,15.7,point
2025-07-11 07:00:00 AM,19.6,79.4,19.6,15.9,point
2025-07-11 07:30:00 AM,19.1,78.5,19.0,15.3,point
2025-07-11 08:00:00 AM,19.4,80.0,19.5,15.9,point
2025-07-11 08:30:00 AM,20.3,80.7,20.5,16.9,point
2025-07-11 09:00:00 AM,20.2,81.7,20.4,17.0,point
2025-07-11 09:30:00 AM,21.0,81.6,21.5,17.8,point
2025-07-11 10:00:00 AM,21.2,81.8,21.8,18.0,point
2025-07-11 10:30:00 AM,21.8,81.4,22.5,18.5,point
2025-07-11 11:00:00 AM,22.0,81.8,22.8,18.8,point
2025-07-11 11:30:00 AM,22.2,82.6,23.1,19.1,point
2025-07-11 12:00:00 PM,22.4,82.1,23.3,19.2,point
2025-07-11 12:30:00 PM,20.0,80.3,20.1,16.5,point
2025-07-11 01:00:00 PM,20.0,87.1,20.4,17.8,point
2025-07-11 01:30:00 PM,20.7,89.2,21.4,18.9,point
2025-07-11 02:00:00 PM,20.6,87.1,21.1,18.3,point
2025-07-11 02:30:00 PM,20.4,86.5,20.9,18.0,point
2025-07-11 03:00:00 PM,19.9,86.0,20.2,17.5,point
2025-07-11 03:30:00 PM,19.6,85.9,19.9,17.2,point
2025-07-11 04:00:00 PM,19.1,86.8,19.4,16.9,point
2025-07-11 04:30:00 PM,19.0,85.9,19.2,16.6,point
2025-07-11 05:00:00 PM,18.9,84.3,18.9,16.1,point
2025-07-11 05:30:00 PM,18.4,84.8,18.5,15.8,point
2025-07-11 06:00:00 PM,18.0,84.8,17.9,15.4,point
2025-07-11 06:30:00 PM,17.5,84.4,17.5,14.8,point
2025-07-11 07:00:00 PM,16.9,82.6,16.8,13.9,point
2025-07-11 07:30:00 PM,16.4,82.9,16.3,13.4,point
2025-07-11 08:00:00 PM,15.0,88.9,15.1,13.2,point
2025-07-11 08:30:00 PM,14.7,90.4,15.0,13.1,point
2025-07-11 09:00:00 PM,14.0,89.4,14.2,12.3,point
2025-07-11 09:30:00 PM,13.6,89.5,13.8,11.9,point
2025-07-11 10:00:00 PM,13.4,89.6,13.5,11.7,point
2025-07-11 10:30:00 PM,13.4,89.8,13.6,11.8,point
2025-07-11 11:00:00 PM,13.3,89.7,13.5,11.7,point
2025-07-11 11:30:00 PM,13.6,90.6,13.7,12.1,point
2025-07-12 12:00:00 AM,13.3,90.3,13.5,11.7,point
2025-07-12 12:30:00 AM,13.5,90.3,13.7,12.0,point
2025-07-12 01:00:00 AM,16.3,87.0,16.3,14.1,point
2025-07-12 01:30:00 AM,16.9,84.3,16.8,14.2,point
2025-07-12 02:00:00 AM,16.9,83.3,16.8,14.0,point
2025-07-12 02:30:00 AM,16.7,83.4,16.6,13.9,point
2025-07-12 03:00:00 AM,16.8,83.8,16.8,14.1,point
2025-07-12 03:30:00 AM,16.7,83.6,16.6,13.9,point
2025-07-12 04:00:00 AM,16.8,83.1,16.7,13.9,point
2025-07-12 04:30:00 AM,16.6,82.8,16.5,13.6,point
2025-07-12 05:00:00 AM,16.6,83.6,16.6,13.8,point
2025-07-12 05:30:00 AM,17.1,83.8,17.0,14.3,point
2025-07-12 06:00:00 AM,16.4,82.8,16.3,13.4,point
2025-07-12 06:30:00 AM,17.0,83.1,16.9,14.1,point
2025-07-12 07:00:00 AM,16.5,83.5,16.4,13.7,point
2025-07-12 07:30:00 AM,17.0,83.2,17.0,14.1,point
2025-07-12 08:00:00 AM,17.0,83.2,16.9,14.1,point
2025-07-12 08:30:00 AM,17.2,84.7,17.1,14.6,point
2025-07-12 09:00:00 AM,17.5,84.7,17.5,14.9,point
2025-07-12 09:30:00 AM,18.2,83.9,18.2,15.5,point
2025-07-12 10:00:00 AM,18.7,85.8,18.7,16.2,point
2025-07-12 10:30:00 AM,19.1,85.3,19.3,16.6,point
2025-07-12 11:00:00 AM,19.3,86.1,19.4,16.9,point
2025-07-12 11:30:00 AM,19.9,86.2,20.2,17.5,point
2025-07-12 12:00:00 PM,20.0,86.0,20.3,17.6,point
2025-07-12 12:30:00 PM,20.4,85.8,20.9,18.0,point
2025-07-12 01:00:00 PM,20.7,85.3,21.2,18.1,point
2025-07-12 01:30:00 PM,21.3,86.9,22.1,19.0,point
2025-07-12 02:00:00 PM,21.2,85.5,21.8,18.6,point
2025-07-12 02:30:00 PM,21.1,82.9,21.8,18.1,point
2025-07-12 03:00:00 PM,20.9,84.0,21.5,18.1,point
2025-07-12 03:30:00 PM,20.5,84.3,20.9,17.8,point
2025-07-12 04:00:00 PM,20.2,83.3,20.5,17.2,point
2025-07-12 04:30:00 PM,20.0,83.0,20.4,17.0,point
2025-07-12 05:00:00 PM,19.7,82.5,20.0,16.7,point
2025-07-12 05:30:00 PM,19.1,82.1,19.2,16.0,point
2025-07-12 06:00:00 PM,19.3,80.9,19.4,16.0,point
2025-07-12 06:30:00 PM,18.6,82.3,18.5,15.6,point
2025-07-12 07:00:00 PM,18.4,80.5,18.1,14.9,point
2025-07-12 07:30:00 PM,17.9,78.9,17.6,14.2,point
2025-07-12 08:00:00 PM,15.2,86.4,15.3,13.0,point
2025-07-12 08:30:00 PM,14.6,86.9,14.7,12.5,point
2025-07-12 09:00:00 PM,14.2,87.0,14.2,12.1,point
2025-07-12 09:30:00 PM,13.6,87.3,13.7,11.6,point
2025-07-12 10:00:00 PM,13.4,88.3,13.6,11.5,point
2025-07-12 10:30:00 PM,13.4,88.4,13.6,11.6,point
2025-07-12 11:00:00 PM,13.2,88.3,13.3,11.3,point
2025-07-12 11:30:00 PM,13.1,88.3,13.3,11.2,point
2025-07-13 12:00:00 AM,13.4,89.4,13.5,11.7,point
2025-07-13 12:30:00 AM,13.2,88.9,13.3,11.4,point
2025-07-13 01:00:00 AM,16.8,85.8,16.7,14.4,point
2025-07-13 01:30:00 AM,16.9,83.4,16.9,14.1,point
2025-07-13 02:00:00 AM,16.9,83.1,16.8,14.0,point
2025-07-13 02:30:00 AM,16.7,82.3,16.5,13.7,point
2025-07-13 03:00:00 AM,17.0,83.0,17.0,14.1,point
2025-07-13 03:30:00 AM,16.8,83.2,16.7,13.9,point
2025-07-13 04:00:00 AM,17.0,82.5,16.9,14.0,point
2025-07-13 04:30:00 AM,16.8,82.6,16.7,13.8,point
2025-07-13 05:00:00 AM,17.0,82.3,16.8,13.9,point
2025-07-13 05:30:00 AM,16.9,82.3,16.7,13.8,point
2025-07-13 06:00:00 AM,16.7,82.2,16.6,13.6,point
2025-07-13 06:30:00 AM,16.8,82.4,16.7,13.8,point
2025-07-13 07:00:00 AM,16.8,83.0,16.8,13.9,point
2025-07-13 07:30:00 AM,17.2,82.5,17.1,14.2,point
2025-07-13 08:00:00 AM,17.1,83.9,17.0,14.3,point
2025-07-13 08:30:00 AM,17.3,83.8,17.3,14.6,point
2025-07-13 09:00:00 AM,17.8,84.2,17.7,15.1,point
2025-07-13 09:30:00 AM,18.2,84.6,18.2,15.6,point
2025-07-13 10:00:00 AM,18.5,84.2,18.5,15.8,point
2025-07-13 10:30:00 AM,18.6,85.4,18.7,16.1,point
2025-07-13 11:00:00 AM,19.4,84.5,19.6,16.7,point
2025-07-13 11:30:00 AM,19.6,85.5,19.9,17.1,point
2025-07-13 12:00:00 PM,19.7,84.9,19.9,17.1,point
2025-07-13 12:30:00 PM,20.1,86.2,20.4,17.7,point
2025-07-13 01:00:00 PM,20.2,85.3,20.7,17.7,point
2025-07-13 01:30:00 PM,20.9,86.7,21.5,18.6,point
2025-07-13 02:00:00 PM,21.0,85.0,21.5,18.4,point
2025-07-13 02:30:00 PM,20.5,84.3,21.0,17.8,point
2025-07-13 03:00:00 PM,20.5,83.8,21.0,17.7,point
2025-07-13 03:30:00 PM,20.0,82.7,20.4,17.0,point
2025-07-13 04:00:00 PM,19.7,82.6,20.0,16.7,point
2025-07-13 04:30:00 PM,19.6,81.8,19.8,16.4,point
2025-07-13 05:00:00 PM,19.5,81.8,19.5,16.3,point
2025-07-13 05:30:00 PM,19.2,81.1,19.2,15.8,point
2025-07-13 06:00:00 PM,18.6,81.1,18.5,15.3,point
2025-07-13 06:30:00 PM,18.4,80.4,18.1,14.9,point
2025-07-13 07:00:00 PM,17.8,79.0,17.6,14.1,point
2025-07-13 07:30:00 PM,17.4,79.1,17.2,13.8,point
2025-07-13 08:00:00 PM,14.9,85.3,14.8,12.4,point
2025-07-13 08:30:00 PM,14.5,86.6,14.5,12.3,point
2025-07-13 09:00:00 PM,14.2,86.8,14.2,12.0,point
2025-07-13 09:30:00 PM,13.5,85.9,13.5,11.2,point
2025-07-13 10:00:00 PM,13.5,87.7,13.6,11.5,point
2025-07-13 10:30:00 PM,13.6,88.4,13.7,11.7,point
2025-07-13 11:00:00 PM,13.4,88.4,13.5,11.5,point
2025-07-13 11:30:00 PM,13.4,87.9,13.5,11.5,point
2025-07-14 12:00:00 AM,13.5,89.1,13.6,11.7,point
2025-07-14 12:30:00 AM,13.3,88.0,13.4,11.4,point
2025-07-14 01:00:00 AM,16.4,86.4,16.5,14.1,point
2025-07-14 01:30:00 AM,17.0,82.6,17.0,14.0,point
2025-07-14 02:00:00 AM,16.7,82.4,16.6,13.7,point
2025-07-14 02:30:00 AM,17.2,82.3,17.0,14.1,point
2025-07-14 03:00:00 AM,16.8,82.1,16.7,13.8,point
2025-07-14 03:30:00 AM,16.9,82.8,16.8,13.9,point
2025-07-14 04:00:00 AM,17.2,81.8,17.0,14.0,point
2025-07-14 04:30:00 AM,16.9,81.9,16.8,13.8,point
2025-07-14 05:00:00 AM,16.9,81.8,16.8,13.8,point
2025-07-14 05:30:00 AM,16.6,82.2,16.5,13.6,point
2025-07-14 06:00:00 AM,16.8,82.0,16.6,13.7,point
2025-07-14 06:30:00 AM,17.1,81.8,16.9,14.0,point
2025-07-14 07:00:00 AM,17.1,81.5,16.9,13.9,point
2025-07-14 07:30:00 AM,17.2,82.0,17.1,14.1,point
2025-07-14 08:00:00 AM,17.0,82.9,16.9,14.1,point
2025-07-14 08:30:00 AM,17.4,82.8,17.3,14.4,point
2025-07-14 09:00:00 AM,18.0,84.0,18.0,15.2,point
2025-07-14 09:30:00 AM,18.2,84.5,18.2,15.6,point
2025-07-14 10:00:00 AM,18.3,84.2,18.2,15.6,point
2025-07-14 10:30:00 AM,18.7,83.0,18.8,15.8,point
2025-07-14 11:00:00 AM,19.2,84.4,19.4,16.6,point
2025-07-14 11:30:00 AM,19.3,84.6,19.6,16.7,point
2025-07-14 12:00:00 PM,19.8,83.6,20.1,17.0,point
2025-07-14 12:30:00 PM,20.1,85.1,20.5,17.5,point
2025-07-14 01:00:00 PM,20.4,83.6,20.8,17.5,point
2025-07-14 01:30:00 PM,20.8,84.3,21.3,18.0,point
2025-07-14 02:00:00 PM,20.8,84.0,21.3,18.0,point
2025-07-14 02:30:00 PM,20.8,83.1,21.4,17.9,point
2025-07-14 03:00:00 PM,20.8,82.1,21.2,17.6,point
2025-07-14 03:30:00 PM,20.7,80.8,21.0,17.3,point
2025-07-14 04:00:00 PM,20.2,81.4,20.5,16.9,point
2025-07-14 04:30:00 PM,20.0,81.4,20.2,16.7,point
2025-07-14 05:00:00 PM,19.9,80.2,20.1,16.4,point
2025-07-14 05:30:00 PM,19.4,79.3,19.5,15.7,point
2025-07-14 06:00:00 PM,19.2,79.7,19.1,15.6,point
2025-07-14 06:30:00 PM,18.6,80.0,18.4,15.1,point
2025-07-14 07:00:00 PM,18.6,79.4,18.4,15.0,point
2025-07-14 07:30:00 PM,17.9,77.8,17.5,13.9,point
2025-07-14 08:00:00 PM,14.9,85.8,14.8,12.5,point
2025-07-14 08:30:00 PM,14.2,85.7,14.2,11.9,point
2025-07-14 09:00:00 PM,13.8,86.6,13.9,11.6,point
2025-07-14 09:30:00 PM,13.6,87.2,13.6,11.5,point
2025-07-14 10:00:00 PM,13.3,87.8,13.4,11.3,point
2025-07-14 10:30:00 PM,13.3,87.7,13.3,11.2,point
2025-07-14 11:00:00 PM,13.2,88.2,13.2,11.3,point
2025-07-14 11:30:00 PM,13.3,88.0,13.3,11.3,point
2025-07-15 12:00:00 AM,13.3,89.3,13.4,11.5,point
2025-07-15 12:30:00 AM,13.2,88.7,13.4,11.4,point
2025-07-15 01:00:00 AM,16.4,85.7,16.4,14.1,point
2025-07-15 01:30:00 AM,17.0,82.8,16.9,14.1,point
2025-07-15 02:00:00 AM,17.1,82.2,16.9,14.0,point
2025-07-15 02:30:00 AM,17.1,82.6,17.0,14.1,point
2025-07-15 03:00:00 AM,17.0,82.9,16.9,14.0,point
2025-07-15 03:30:00 AM,17.1,82.3,17.0,14.1,point
2025-07-15 04:00:00 AM,17.0,79.8,16.8,13.5,point
2025-07-15 04:30:00 AM,17.0,81.2,16.9,13.8,point
2025-07-15 05:00:00 AM,17.2,82.1,17.0,14.1,point
2025-07-15 05:30:00 AM,17.4,81.6,17.3,14.2,point
2025-07-15 06:00:00 AM,17.3,81.3,17.1,14.0,point
2025-07-15 06:30:00 AM,17.2,82.1,17.0,14.1,point
2025-07-15 07:00:00 AM,17.5,81.1,17.4,14.2,point
2025-07-15 07:30:00 AM,17.2,81.1,17.1,14.0,point
2025-07-15 08:00:00 AM,17.1,82.4,17.0,14.1,point
2025-07-15 08:30:00 AM,17.5,83.8,17.5,14.8,point
2025-07-15 09:00:00 AM,17.7,84.3,17.7,15.0,point
2025-07-15 09:30:00 AM,18.5,83.5,18.5,15.7,point
2025-07-15 10:00:00 AM,18.7,83.5,18.6,15.8,point
2025-07-15 10:30:00 AM,18.8,84.7,18.8,16.1,point
2025-07-15 11:00:00 AM,19.3,84.8,19.4,16.7,point
2025-07-15 11:30:00 AM,19.5,84.3,19.8,16.8,point
2025-07-15 12:00:00 PM,19.8,85.3,20.2,17.3,point
2025-07-15 12:30:00 PM,20.1,83.9,20.5,17.3,point
2025-07-15 01:00:00 PM,20.6,86.1,21.2,18.2,point
2025-07-15 01:30:00 PM,20.9,85.0,21.4,18.2,point
2025-07-15 02:00:00 PM,20.9,84.5,21.5,18.2,point
2025-07-15 02:30:00 PM,20.0,84.9,20.4,17.4,point
2025-07-15 03:00:00 PM,19.8,83.1,20.0,16.8,point
2025-07-15 03:30:00 PM,20.4,82.2,20.7,17.2,point
2025-07-15 04:00:00 PM,20.2,82.3,20.5,17.1,point
2025-07-15 04:30:00 PM,19.8,82.3,20.0,16.7,point
2025-07-15 05:00:00 PM,19.6,82.5,19.9,16.5,point
2025-07-15 05:30:00 PM,19.2,76.5,19.0,15.0,point
2025-07-15 06:00:00 PM,18.4,81.5,18.3,15.2,point
2025-07-15 06:30:00 PM,18.0,82.5,17.9,15.0,point
2025-07-15 07:00:00 PM,17.4,81.8,17.3,14.3,point
2025-07-15 07:30:00 PM,17.3,83.2,17.3,14.4,point
2025-07-15 08:00:00 PM,15.6,84.6,15.5,13.0,point
2025-07-15 08:30:00 PM,15.0,86.5,15.1,12.8,point
2025-07-15 09:00:00 PM,14.7,86.8,14.7,12.5,point
2025-07-15 09:30:00 PM,14.2,85.9,14.1,11.8,point
2025-07-15 10:00:00 PM,14.0,86.8,14.0,11.8,point
2025-07-15 10:30:00 PM,13.9,87.5,13.9,11.8,point
2025-07-15 11:00:00 PM,13.7,86.5,13.8,11.5,point
2025-07-15 11:30:00 PM,13.9,87.9,14.0,12.0,point
2025-07-16 12:00:00 AM,13.9,87.6,13.9,11.8,point
2025-07-16 12:30:00 AM,13.9,88.5,14.1,12.0,point
2025-07-16 01:00:00 AM,16.4,87.3,16.5,14.3,point
2025-07-16 01:30:00 AM,16.9,85.0,16.8,14.3,point
2025-07-16 02:00:00 AM,17.1,85.0,17.0,14.6,point
2025-07-16 02:30:00 AM,17.0,84.5,16.9,14.3,point
2025-07-16 03:00:00 AM,17.2,83.9,17.1,14.4,point
2025-07-16 03:30:00 AM,17.2,84.6,17.2,14.6,point
2025-07-16 04:00:00 AM,17.3,83.4,17.2,14.4,point
2025-07-16 04:30:00 AM,17.0,83.8,17.0,14.2,point
2025-07-16 05:00:00 AM,17.2,83.7,17.1,14.4,point
2025-07-16 05:30:00 AM,17.1,84.1,17.1,14.4,point
2025-07-16 06:00:00 AM,17.2,83.5,17.1,14.3,point
2025-07-16 06:30:00 AM,17.3,84.1,17.3,14.6,point
2025-07-16 07:00:00 AM,17.3,84.6,17.3,14.7,point
2025-07-16 07:30:00 AM,17.0,84.2,17.0,14.3,point
2025-07-16 08:00:00 AM,17.4,84.6,17.4,14.8,point
2025-07-16 08:30:00 AM,18.6,84.9,18.6,16.0,point
2025-07-16 09:00:00 AM,18.3,84.5,18.2,15.6,point
2025-07-16 09:30:00 AM,19.0,85.0,19.1,16.4,point
2025-07-16 10:00:00 AM,19.6,85.8,19.8,17.1,point
2025-07-16 10:30:00 AM,19.6,85.9,19.9,17.2,point
2025-07-16 11:00:00 AM,20.0,85.2,20.4,17.5,point
2025-07-16 11:30:00 AM,20.6,85.2,21.0,18.0,point
2025-07-16 12:00:00 PM,21.3,86.3,22.0,18.9,point
2025-07-16 12:30:00 PM,21.1,85.5,21.6,18.5,point
2025-07-16 01:00:00 PM,21.2,86.5,22.0,18.9,point
2025-07-16 01:30:00 PM,21.9,86.3,22.7,19.5,point
2025-07-16 02:00:00 PM,21.9,85.5,22.6,19.3,point
2025-07-16 02:30:00 PM,21.2,83.3,21.9,18.2,point
2025-07-16 03:00:00 PM,21.2,84.6,21.9,18.5,point
2025-07-16 03:30:00 PM,21.4,85.2,22.1,18.8,point
2025-07-16 04:00:00 PM,20.6,84.8,21.2,18.0,point
2025-07-16 04:30:00 PM,20.6,84.5,21.2,17.9,point
2025-07-16 05:00:00 PM,20.3,84.2,20.8,17.6,point
2025-07-16 05:30:00 PM,19.4,83.3,19.6,16.5,point
2025-07-16 06:00:00 PM,18.9,83.8,18.9,16.1,point
2025-07-16 06:30:00 PM,18.2,82.9,18.2,15.3,point
2025-07-16 07:00:00 PM,18.2,82.7,18.2,15.2,point
2025-07-16 07:30:00 PM,17.3,82.4,17.2,14.3,point
2025-07-16 08:00:00 PM,15.9,85.5,15.8,13.5,point
2025-07-16 08:30:00 PM,15.3,87.1,15.3,13.1,point
2025-07-16 09:00:00 PM,14.9,86.7,14.9,12.7,point
2025-07-16 09:30:00 PM,14.3,86.3,14.3,12.1,point
2025-07-16 10:00:00 PM,14.2,87.4,14.2,12.1,point
2025-07-16 10:30:00 PM,14.1,87.6,14.2,12.1,point
2025-07-16 11:00:00 PM,14.0,88.0,14.1,12.1,point
2025-07-16 11:30:00 PM,13.9,88.4,14.1,12.0,point
2025-07-17 12:00:00 AM,14.0,88.3,14.2,12.1,point
2025-07-17 12:30:00 AM,13.7,86.3,13.6,11.4,point
2025-07-17 01:00:00 AM,16.9,87.0,16.9,14.7,point
2025-07-17 01:30:00 AM,17.2,85.3,17.2,14.7,point
2025-07-17 02:00:00 AM,17.1,85.4,17.1,14.6,point
2025-07-17 02:30:00 AM,17.0,84.5,16.9,14.3,point
2025-07-17 03:00:00 AM,17.2,84.8,17.1,14.6,point
2025-07-17 03:30:00 AM,17.3,84.1,17.3,14.6,point
2025-07-17 04:00:00 AM,17.1,84.0,17.1,14.4,point
2025-07-17 04:30:00 AM,17.2,84.4,17.1,14.5,point
2025-07-17 05:00:00 AM,17.0,84.6,16.9,14.3,point
2025-07-17 05:30:00 AM,17.1,84.2,17.1,14.4,point
2025-07-17 06:00:00 AM,17.4,84.9,17.4,14.9,point
2025-07-17 06:30:00 AM,17.2,84.6,17.2,14.6,point
2025-07-17 07:00:00 AM,17.2,83.7,17.2,14.4,point
2025-07-17 07:30:00 AM,17.8,84.2,17.7,15.1,point
2025-07-17 08:00:00 AM,17.7,83.8,17.7,15.0,point
2025-07-17 08:30:00 AM,18.4,85.3,18.4,15.9,point
2025-07-17 09:00:00 AM,18.7,85.7,18.8,16.3,point
2025-07-17 09:30:00 AM,19.1,85.7,19.3,16.7,point
2025-07-17 10:00:00 AM,19.7,87.0,20.2,17.5,point
2025-07-17 10:30:00 AM,19.7,86.3,19.9,17.3,point
2025-07-17 11:00:00 AM,20.0,86.5,20.5,17.7,point
2025-07-17 11:30:00 AM,20.3,86.3,20.8,17.9,point
2025-07-17 12:00:00 PM,20.7,86.2,21.3,18.3,point
2025-07-17 12:30:00 PM,21.3,84.6,22.0,18.6,point
2025-07-17 01:00:00 PM,21.5,85.6,22.3,19.0,point
2025-07-17 01:30:00 PM,20.6,87.8,21.1,18.5,point
2025-07-17 02:00:00 PM,20.3,88.8,20.9,18.4,point
2025-07-17 02:30:00 PM,19.9,88.0,20.3,17.8,point
2025-07-17 03:00:00 PM,19.6,89.5,20.0,17.8,point
2025-07-17 03:30:00 PM,19.4,90.5,20.0,17.9,point
2025-07-17 04:00:00 PM,18.9,89.6,19.3,17.2,point
2025-07-17 04:30:00 PM,18.5,89.5,18.8,16.8,point
2025-07-17 05:00:00 PM,18.3,89.0,18.6,16.5,point
2025-07-17 05:30:00 PM,17.6,88.4,17.7,15.7,point
2025-07-17 06:00:00 PM,17.2,88.2,17.2,15.2,point
2025-07-17 06:30:00 PM,16.4,88.0,16.5,14.5,point
2025-07-17 07:00:00 PM,16.4,88.0,16.4,14.4,point
2025-07-17 07:30:00 PM,15.8,87.4,15.8,13.7,point
2025-07-17 08:00:00 PM,15.0,90.2,15.2,13.4,point
2025-07-17 08:30:00 PM,14.6,91.5,14.8,13.2,point
2025-07-17 09:00:00 PM,13.9,90.4,14.1,12.3,point
2025-07-17 09:30:00 PM,13.4,89.6,13.5,11.7,point
2025-07-17 10:00:00 PM,13.3,91.2,13.4,11.9,point
2025-07-17 10:30:00 PM,13.1,91.4,13.3,11.8,point
2025-07-17 11:00:00 PM,13.2,91.3,13.4,11.8,point
2025-07-17 11:30:00 PM,13.2,91.8,13.4,11.9,point
2025-07-18 12:00:00 AM,13.2,91.8,13.4,11.9,point
2025-07-18 12:30:00 AM,13.1,91.4,13.3,11.8,point
2025-07-18 01:00:00 AM,15.8,89.5,15.9,14.1,point
2025-07-18 01:30:00 AM,15.8,86.5,15.9,13.6,point
2025-07-18 02:00:00 AM,16.0,86.7,16.1,13.8,point
2025-07-18 02:30:00 AM,15.8,87.1,15.8,13.6,point
2025-07-18 03:00:00 AM,16.0,87.1,16.0,13.8,point
2025-07-18 03:30:00 AM,16.1,87.5,16.2,14.1,point
2025-07-18 04:00:00 AM,16.1,87.8,16.1,14.1,point
2025-07-18 04:30:00 AM,15.7,86.7,15.8,13.5,point
2025-07-18 05:00:00 AM,16.4,87.8,16.4,14.3,point
2025-07-18 05:30:00 AM,16.2,86.7,16.3,14.0,point
2025-07-18 06:00:00 AM,16.0,87.2,16.1,13.9,point
2025-07-18 06:30:00 AM,16.3,86.6,16.3,14.0,point
2025-07-18 07:00:00 AM,16.0,86.0,15.9,13.6,point
2025-07-18 07:30:00 AM,15.8,86.5,15.9,13.6,point
2025-07-18 08:00:00 AM,16.3,87.7,16.4,14.3,point
2025-07-18 08:30:00 AM,16.5,87.4,16.6,14.4,point
2025-07-18 09:00:00 AM,17.4,87.8,17.5,15.4,point
2025-07-18 09:30:00 AM,17.8,87.3,17.9,15.7,point
2025-07-18 10:00:00 AM,18.2,87.7,18.3,16.1,point
2025-07-18 10:30:00 AM,18.7,87.6,18.9,16.6,point
2025-07-18 11:00:00 AM,19.1,88.5,19.5,17.2,point
2025-07-18 11:30:00 AM,19.2,87.8,19.4,17.1,point
2025-07-18 12:00:00 PM,19.1,87.5,19.4,17.0,point
2025-07-18 12:30:00 PM,20.0,88.8,20.6,18.1,point
2025-07-18 01:00:00 PM,20.3,88.7,20.8,18.3,point
2025-07-18 01:30:00 PM,20.7,88.9,21.4,18.8,point
2025-07-18 02:00:00 PM,20.6,87.5,21.3,18.5,point
2025-07-18 02:30:00 PM,20.5,88.3,21.0,18.5,point
2025-07-18 03:00:00 PM,20.3,88.7,20.8,18.4,point
2025-07-18 03:30:00 PM,19.9,87.2,20.3,17.7,point
2025-07-18 04:00:00 PM,22.0,86.3,22.9,19.6,point
2025-07-18 04:30:00 PM,20.7,79.2,21.0,16.9,point
2025-07-18 05:00:00 PM,22.4,75.4,23.0,17.8,point
2025-07-18 05:30:00 PM,19.6,81.8,19.7,16.4,point
2025-07-18 06:00:00 PM,19.0,81.8,19.0,15.8,point
2025-07-18 06:30:00 PM,18.9,80.5,18.8,15.5,point
2025-07-18 07:00:00 PM,18.4,83.1,18.3,15.4,point
2025-07-18 07:30:00 PM,18.0,80.8,17.8,14.6,point
2025-07-18 08:00:00 PM,15.8,86.5,15.9,13.6,point
2025-07-18 08:30:00 PM,15.2,87.5,15.2,13.1,point
2025-07-18 09:00:00 PM,14.8,87.7,14.8,12.7,point
2025-07-18 09:30:00 PM,14.4,87.7,14.5,12.4,point
2025-07-18 10:00:00 PM,14.1,88.4,14.3,12.2,point
2025-07-18 10:30:00 PM,14.1,88.8,14.2,12.2,point
2025-07-18 11:00:00 PM,14.0,89.2,14.1,12.2,point
2025-07-18 11:30:00 PM,13.8,89.3,14.0,12.1,point
2025-07-19 12:00:00 AM,14.0,89.5,14.1,12.3,point
2025-07-19 12:30:00 AM,13.8,89.3,14.0,12.1,point
2025-07-19 01:00:00 AM,17.2,86.8,17.3,15.0,point
2025-07-19 01:30:00 AM,17.2,83.0,17.2,14.3,point
2025-07-19 02:00:00 AM,17.3,82.3,17.1,14.2,point
2025-07-19 02:30:00 AM,17.7,83.8,17.6,14.9,point
2025-07-19 03:00:00 AM,18.0,82.8,18.0,15.1,point
2025-07-19 03:30:00 AM,17.9,82.9,17.8,14.9,point
2025-07-19 04:00:00 AM,17.7,82.5,17.6,14.7,point
2025-07-19 04:30:00 AM,17.6,82.9,17.5,14.6,point
2025-07-19 05:00:00 AM,17.6,82.9,17.5,14.7,point
2025-07-19 05:30:00 AM,17.5,82.8,17.5,14.5,point
2025-07-19 06:00:00 AM,17.5,81.4,17.4,14.3,point
2025-07-19 06:30:00 AM,17.6,82.7,17.6,14.7,point
2025-07-19 07:00:00 AM,17.8,82.6,17.7,14.8,point
2025-07-19 07:30:00 AM,17.9,82.5,17.8,14.8,point
2025-07-19 08:00:00 AM,18.1,83.1,18.0,15.1,point
2025-07-19 08:30:00 AM,18.4,84.6,18.4,15.7,point
2025-07-19 09:00:00 AM,18.5,84.8,18.6,15.9,point
2025-07-19 09:30:00 AM,18.9,85.5,19.0,16.4,point
2025-07-19 10:00:00 AM,19.3,85.0,19.6,16.8,point
2025-07-19 10:30:00 AM,19.8,85.2,20.1,17.2,point
2025-07-19 11:00:00 AM,20.0,85.0,20.3,17.4,point
2025-07-19 11:30:00 AM,20.3,85.1,20.8,17.8,point
2025-07-19 12:00:00 PM,20.4,84.0,20.8,17.6,point
2025-07-19 12:30:00 PM,20.8,85.1,21.3,18.2,point
2025-07-19 01:00:00 PM,21.3,85.7,21.9,18.8,point
2025-07-19 01:30:00 PM,21.5,85.4,22.3,19.0,point
2025-07-19 02:00:00 PM,21.6,85.1,22.3,18.9,point
2025-07-19 02:30:00 PM,21.2,84.3,21.9,18.5,point
2025-07-19 03:00:00 PM,21.0,83.4,21.6,18.1,point
2025-07-19 03:30:00 PM,20.9,83.6,21.5,18.0,point
2025-07-19 04:00:00 PM,20.5,82.9,21.0,17.5,point
2025-07-19 04:30:00 PM,20.1,81.8,20.3,16.9,point
2025-07-19 05:00:00 PM,19.7,81.8,19.8,16.5,point
2025-07-19 05:30:00 PM,19.5,81.8,19.5,16.3,point
2025-07-19 06:00:00 PM,19.1,81.6,19.2,15.9,point
2025-07-19 06:30:00 PM,18.7,81.5,18.7,15.5,point
2025-07-19 07:00:00 PM,18.1,80.7,17.9,14.7,point
2025-07-19 07:30:00 PM,17.5,81.4,17.3,14.3,point
2025-07-19 08:00:00 PM,15.6,84.8,15.5,13.0,point
2025-07-19 08:30:00 PM,15.0,87.8,15.0,12.9,point
2025-07-19 09:00:00 PM,14.6,87.2,14.6,12.4,point
2025-07-19 09:30:00 PM,14.1,87.5,14.1,12.0,point
2025-07-19 10:00:00 PM,13.9,88.4,14.0,12.0,point
2025-07-19 10:30:00 PM,13.7,88.1,13.8,11.8,point
2025-07-19 11:00:00 PM,13.7,88.5,13.8,11.8,point
2025-07-19 11:30:00 PM,13.7,89.2,13.9,12.0,point
2025-07-20 12:00:00 AM,13.7,88.9,13.8,11.9,point
2025-07-20 12:30:00 AM,13.5,87.8,13.6,11.5,point
2025-07-20 01:00:00 AM,16.5,85.8,16.5,14.2,point
2025-07-20 01:30:00 AM,16.9,84.0,16.8,14.2,point
2025-07-20 02:00:00 AM,16.9,83.6,16.9,14.1,point
2025-07-20 02:30:00 AM,16.9,83.3,16.8,14.0,point
2025-07-20 03:00:00 AM,16.9,83.6,16.8,14.1,point
2025-07-20 03:30:00 AM,17.0,82.7,17.0,14.0,point
2025-07-20 04:00:00 AM,16.8,82.4,16.7,13.8,point
2025-07-20 04:30:00 AM,16.9,82.7,16.8,13.9,point
2025-07-20 05:00:00 AM,16.9,82.7,16.9,14.0,point
2025-07-20 05:30:00 AM,16.8,82.7,16.7,13.8,point
2025-07-20 06:00:00 AM,17.0,83.9,17.0,14.3,point
2025-07-20 06:30:00 AM,16.9,82.6,16.8,13.9,point
2025-07-20 07:00:00 AM,17.0,83.2,17.0,14.2,point
2025-07-20 07:30:00 AM,17.0,82.6,16.9,14.0,point
2025-07-20 08:00:00 AM,17.3,84.0,17.3,14.6,point
2025-07-20 08:30:00 AM,17.6,83.8,17.5,14.8,point
2025-07-20 09:00:00 AM,17.8,84.6,17.7,15.2,point
2025-07-20 09:30:00 AM,18.3,84.6,18.4,15.7,point
2025-07-20 10:00:00 AM,18.6,85.0,18.7,16.1,point
2025-07-20 10:30:00 AM,19.1,85.3,19.2,16.5,point
2025-07-20 11:00:00 AM,19.4,85.5,19.7,16.9,point
2025-07-20 11:30:00 AM,19.6,86.0,19.8,17.2,point
2025-07-20 12:00:00 PM,19.8,85.7,20.2,17.4,point
2025-07-20 12:30:00 PM,20.2,85.0,20.5,17.6,point
2025-07-20 01:00:00 PM,20.6,85.3,21.0,18.0,point
2025-07-20 01:30:00 PM,20.9,85.0,21.5,18.3,point
2025-07-20 02:00:00 PM,21.1,84.4,21.8,18.4,point
2025-07-20 02:30:00 PM,21.1,83.8,21.6,18.2,point
2025-07-20 03:00:00 PM,20.8,83.5,21.3,17.9,point
2025-07-20 03:30:00 PM,20.6,83.2,21.0,17.6,point
2025-07-20 04:00:00 PM,20.2,82.0,20.5,17.1,point
2025-07-20 04:30:00 PM,19.9,82.1,20.2,16.8,point
2025-07-20 05:00:00 PM,19.6,81.4,19.8,16.4,point
2025-07-20 05:30:00 PM,19.1,81.5,19.2,15.9,point
2025-07-20 06:00:00 PM,18.8,81.4,18.8,15.6,point
2025-07-20 06:30:00 PM,18.4,81.5,18.2,15.2,point
2025-07-20 07:00:00 PM,18.0,81.3,17.8,14.7,point
2025-07-20 07:30:00 PM,17.4,81.5,17.3,14.2,point
2025-07-20 08:00:00 PM,15.5,85.8,15.5,13.2,point
2025-07-20 08:30:00 PM,14.9,87.0,14.9,12.7,point
2025-07-20 09:00:00 PM,14.4,87.3,14.4,12.3,point
2025-07-20 09:30:00 PM,14.0,87.5,14.1,12.0,point
2025-07-20 10:00:00 PM,13.9,88.5,14.0,12.0,point
2025-07-20 10:30:00 PM,13.7,88.6,13.8,11.8,point
2025-07-20 11:00:00 PM,13.7,88.6,13.8,11.8,point
2025-07-20 11:30:00 PM,13.5,88.1,13.6,11.6,point
2025-07-21 12:00:00 AM,13.6,89.3,13.7,11.8,point
2025-07-21 12:30:00 AM,13.6,88.6,13.7,11.7,point
2025-07-21 01:00:00 AM,16.4,86.3,16.4,14.1,point
2025-07-21 01:30:00 AM,16.7,84.0,16.6,14.0,point
2025-07-21 02:00:00 AM,16.6,83.5,16.6,13.8,point
2025-07-21 02:30:00 AM,16.6,83.5,16.6,13.8,point
2025-07-21 03:00:00 AM,16.7,83.5,16.7,13.9,point
2025-07-21 03:30:00 AM,16.8,83.5,16.8,14.0,point
2025-07-21 04:00:00 AM,16.8,83.7,16.7,14.0,point
2025-07-21 04:30:00 AM,16.8,82.8,16.7,13.8,point
2025-07-21 05:00:00 AM,16.8,83.3,16.8,14.0,point
2025-07-21 05:30:00 AM,16.9,82.9,16.8,14.0,point
2025-07-21 06:00:00 AM,16.7,83.4,16.6,13.8,point
2025-07-21 06:30:00 AM,16.8,84.2,16.7,14.1,point
2025-07-21 07:00:00 AM,16.7,82.3,16.5,13.7,point
2025-07-21 07:30:00 AM,16.9,83.5,16.8,14.1,point
2025-07-21 08:00:00 AM,17.0,84.1,17.0,14.3,point
2025-07-21 08:30:00 AM,17.6,85.4,17.5,15.1,point
2025-07-21 09:00:00 AM,17.9,85.3,17.9,15.4,point
2025-07-21 09:30:00 AM,18.3,84.0,18.2,15.5,point
2025-07-21 10:00:00 AM,19.8,86.9,20.3,17.6,point
2025-07-21 10:30:00 AM,20.1,86.1,20.4,17.6,point
2025-07-21 11:00:00 AM,20.1,85.2,20.5,17.5,point
2025-07-21 11:30:00 AM,20.3,85.7,20.8,17.8,point
2025-07-21 12:00:00 PM,20.3,85.1,20.8,17.8,point
2025-07-21 12:30:00 PM,20.2,85.0,20.7,17.6,point
2025-07-21 01:00:00 PM,20.3,84.5,20.8,17.6,point
2025-07-21 01:30:00 PM,20.3,85.1,20.7,17.7,point
2025-07-21 02:00:00 PM,20.2,84.0,20.5,17.4,point
2025-07-21 02:30:00 PM,20.3,84.8,20.7,17.7,point
2025-07-21 03:00:00 PM,20.2,84.0,20.6,17.4,point
2025-07-21 03:30:00 PM,20.4,84.5,20.8,17.7,point
2025-07-21 04:00:00 PM,20.9,84.0,21.5,18.1,point
2025-07-21 04:30:00 PM,20.4,82.6,20.9,17.4,point
2025-07-21 05:00:00 PM,20.3,82.3,20.7,17.2,point
2025-07-21 05:30:00 PM,20.4,82.6,20.8,17.3,point
2025-07-21 06:00:00 PM,20.6,83.9,21.0,17.8,point
2025-07-21 06:30:00 PM,20.5,83.3,21.0,17.6,point
2025-07-21 07:00:00 PM,20.4,83.7,20.9,17.6,point
2025-07-21 07:30:00 PM,20.3,83.5,20.8,17.4,point
2025-07-21 08:00:00 PM,20.4,83.7,20.8,17.5,point
2025-07-21 08:30:00 PM,20.4,83.3,20.8,17.4,point
2025-07-21 09:00:00 PM,18.6,70.4,18.0,13.1,point
2025-07-21 09:30:00 PM,10.5,64.0,9.9,4.0,point
2025-07-21 10:00:00 PM,6.6,75.5,6.4,2.6,point
2025-07-21 10:30:00 PM,6.0,79.7,5.8,2.7,point
2025-07-21 11:00:00 PM,5.6,82.0,5.4,2.7,point
2025-07-21 11:30:00 PM,5.4,82.8,5.4,2.7,point
2025-07-22 12:00:00 AM,5.3,83.7,5.2,2.8,point
2025-07-22 12:30:00 AM,5.1,84.5,5.1,2.7,point
2025-07-22 01:00:00 AM,5.1,85.3,5.1,2.9,point
2025-07-22 01:30:00 AM,5.2,85.5,5.1,2.9,point
2025-07-22 02:00:00 AM,5.0,85.4,4.9,2.8,point
2025-07-22 02:30:00 AM,5.0,85.8,5.0,2.8,point
2025-07-22 03:00:00 AM,5.0,86.2,4.9,2.9,point
2025-07-22 03:30:00 AM,4.9,86.2,4.9,2.8,point
2025-07-22 04:00:00 AM,5.0,86.2,4.9,2.9,point
2025-07-22 04:30:00 AM,4.9,86.3,4.9,2.8,point
2025-07-22 05:00:00 AM,5.0,86.8,5.0,3.0,point
2025-07-22 05:30:00 AM,4.9,86.4,4.8,2.8,point
2025-07-22 06:00:00 AM,4.9,86.7,4.9,2.9,point
2025-07-22 06:30:00 AM,4.9,86.6,4.8,2.8,point
2025-07-22 07:00:00 AM,4.7,86.2,4.6,2.6,point
2025-07-22 07:30:00 AM,4.8,86.8,4.7,2.8,point
2025-07-22 08:00:00 AM,8.7,96.6,8.9,8.2,point
2025-07-22 08:30:00 AM,16.2,100.0,16.8,16.2,point
2025-07-22 09:00:00 AM,19.2,99.8,20.1,19.2,point
2025-07-22 09:30:00 AM,19.7,88.4,20.2,17.8,point
2025-07-22 10:00:00 AM,19.9,87.0,20.4,17.7,point
2025-07-22 10:30:00 AM,20.2,87.2,20.8,18.0,point
2025-07-22 11:00:00 AM,20.3,85.7,20.8,17.9,point
2025-07-22 11:30:00 AM,20.6,85.1,21.2,18.0,point
2025-07-22 12:00:00 PM,20.8,85.7,21.3,18.3,point
2025-07-22 12:30:00 PM,21.9,83.8,22.6,19.0,point
2025-07-22 01:00:00 PM,19.7,85.5,19.9,17.2,point
2025-07-22 01:30:00 PM,21.4,83.3,22.0,18.4,point
2025-07-22 02:00:00 PM,21.4,82.7,22.1,18.3,point
2025-07-22 02:30:00 PM,21.2,83.8,21.9,18.4,point
2025-07-22 03:00:00 PM,20.9,83.9,21.5,18.1,point
2025-07-22 03:30:00 PM,20.8,83.6,21.3,17.9,point
2025-07-22 04:00:00 PM,20.9,84.2,21.4,18.1,point
2025-07-22 04:30:00 PM,21.9,83.7,22.8,19.1,point
2025-07-22 05:00:00 PM,22.6,80.0,23.3,18.9,point
2025-07-22 05:30:00 PM,22.2,80.9,23.0,18.8,point
2025-07-22 06:00:00 PM,22.4,80.8,23.2,19.0,point
2025-07-22 06:30:00 PM,22.7,81.2,23.6,19.3,point
2025-07-22 07:00:00 PM,22.5,81.2,23.4,19.1,point
2025-07-22 07:30:00 PM,22.2,80.6,23.0,18.7,point
2025-07-22 08:00:00 PM,22.5,81.0,23.4,19.1,point
2025-07-22 08:30:00 PM,22.2,80.7,23.0,18.7,point
2025-07-22 09:00:00 PM,16.0,71.6,15.3,10.8,point
2025-07-22 09:30:00 PM,10.0,68.7,9.5,4.5,point
2025-07-22 10:00:00 PM,6.4,76.0,6.2,2.5,point
2025-07-22 10:30:00 PM,5.8,81.2,5.6,2.8,point
2025-07-22 11:00:00 PM,5.3,83.0,5.3,2.7,point
2025-07-22 11:30:00 PM,5.2,84.4,5.2,2.8,point
2025-07-23 12:00:00 AM,5.2,85.2,5.1,2.9,point
2025-07-23 12:30:00 AM,4.7,84.6,4.7,2.4,point
2025-07-23 01:00:00 AM,4.9,85.1,4.8,2.6,point
2025-07-23 01:30:00 AM,4.8,85.7,4.7,2.6,point
2025-07-23 02:00:00 AM,5.0,86.6,4.9,2.9,point
2025-07-23 02:30:00 AM,4.8,86.7,4.8,2.8,point
2025-07-23 03:00:00 AM,4.7,86.7,4.6,2.7,point
2025-07-23 03:30:00 AM,4.9,87.1,4.8,2.9,point
2025-07-23 04:00:00 AM,4.7,85.4,4.6,2.4,point
2025-07-23 04:30:00 AM,4.8,86.2,4.8,2.7,point
2025-07-23 05:00:00 AM,4.9,86.2,4.9,2.8,point
2025-07-23 05:30:00 AM,4.8,86.5,4.7,2.7,point
2025-07-23 06:00:00 AM,5.0,86.6,4.9,2.9,point
2025-07-23 06:30:00 AM,4.8,85.6,4.7,2.6,point
2025-07-23 07:00:00 AM,5.1,87.3,5.0,3.1,point
2025-07-23 07:30:00 AM,5.0,86.6,4.9,2.9,point
2025-07-23 08:00:00 AM,9.1,97.4,9.3,8.7,point
2025-07-23 08:30:00 AM,16.5,100.0,17.2,16.5,point
2025-07-23 09:00:00 AM,20.3,92.5,21.1,19.1,point
2025-07-23 09:30:00 AM,21.4,84.4,22.0,18.6,point
2025-07-23 10:00:00 AM,22.1,83.2,23.0,19.2,point
2025-07-23 10:30:00 AM,21.8,82.7,22.6,18.7,point
2025-07-23 11:00:00 AM,22.1,82.7,23.0,19.0,point
2025-07-23 11:30:00 AM,21.9,82.9,22.7,18.9,point
2025-07-23 12:00:00 PM,22.3,80.7,23.1,18.8,point
2025-07-23 12:30:00 PM,22.1,81.8,22.9,18.9,point
2025-07-23 01:00:00 PM,22.4,82.0,23.3,19.2,point
2025-07-23 01:30:00 PM,22.2,81.9,23.0,19.0,point
2025-07-23 02:00:00 PM,22.2,81.1,23.0,18.8,point
2025-07-23 02:30:00 PM,22.4,80.6,23.1,18.9,point
2025-07-23 03:00:00 PM,22.4,81.0,23.1,19.0,point
2025-07-23 03:30:00 PM,22.8,80.7,23.6,19.3,point
2025-07-23 04:00:00 PM,23.1,81.0,24.0,19.6,point
2025-07-23 04:30:00 PM,23.0,80.1,23.8,19.4,point
2025-07-23 05:00:00 PM,23.2,78.8,24.0,19.3,point
2025-07-23 05:30:00 PM,22.8,78.9,23.5,18.9,point
2025-07-23 06:00:00 PM,22.9,78.8,23.8,19.1,point
2025-07-23 06:30:00 PM,23.2,78.7,24.1,19.3,point
2025-07-23 07:00:00 PM,22.8,78.6,23.5,18.9,point
2025-07-23 07:30:00 PM,22.7,78.5,23.5,18.8,point
2025-07-23 08:00:00 PM,22.2,78.1,22.9,18.2,point
2025-07-23 08:30:00 PM,23.1,79.0,24.0,19.3,point
2025-07-23 09:00:00 PM,16.0,71.7,15.4,10.9,point
2025-07-23 09:30:00 PM,9.7,69.0,9.2,4.3,point
2025-07-23 10:00:00 PM,6.3,77.1,6.1,2.6,point
2025-07-23 10:30:00 PM,5.5,80.2,5.4,2.4,point
2025-07-23 11:00:00 PM,5.3,82.2,5.2,2.5,point
2025-07-23 11:30:00 PM,5.1,83.0,5.0,2.4,point
2025-07-24 12:00:00 AM,5.0,83.8,5.0,2.5,point
2025-07-24 12:30:00 AM,5.2,84.6,5.1,2.8,point
2025-07-24 01:00:00 AM,5.1,84.4,5.0,2.7,point
2025-07-24 01:30:00 AM,5.0,84.3,5.0,2.6,point
2025-07-24 02:00:00 AM,5.0,85.0,5.0,2.7,point
2025-07-24 02:30:00 AM,5.1,85.4,5.0,2.8,point
2025-07-24 03:00:00 AM,4.9,85.2,4.8,2.6,point
2025-07-24 03:30:00 AM,5.1,85.0,5.0,2.8,point
2025-07-24 04:00:00 AM,5.0,85.3,4.9,2.7,point
2025-07-24 04:30:00 AM,5.1,85.8,5.1,3.0,point
2025-07-24 05:00:00 AM,5.1,85.7,5.0,2.9,point
2025-07-24 05:30:00 AM,5.0,85.7,4.9,2.8,point
2025-07-24 06:00:00 AM,4.9,85.1,4.8,2.6,point
2025-07-24 06:30:00 AM,5.0,85.8,5.0,2.8,point
2025-07-24 07:00:00 AM,4.9,86.4,4.9,2.8,point
2025-07-24 07:30:00 AM,5.0,85.8,4.9,2.8,point
2025-07-24 08:00:00 AM,8.7,95.5,8.8,8.0,point
2025-07-24 08:30:00 AM,15.4,100.0,16.0,15.4,point
2025-07-24 09:00:00 AM,20.3,87.1,20.9,18.1,point
2025-07-24 09:30:00 AM,21.2,81.7,21.7,17.9,point
2025-07-24 10:00:00 AM,21.7,80.5,22.4,18.2,point
2025-07-24 10:30:00 AM,21.7,78.6,22.3,17.8,point
2025-07-24 11:00:00 AM,19.4,84.5,19.6,16.7,point
2025-07-24 11:30:00 AM,21.6,81.0,22.3,18.2,point
2025-07-24 12:00:00 PM,21.8,79.4,22.4,18.0,point
2025-07-24 12:30:00 PM,21.8,79.5,22.4,18.1,point
2025-07-24 01:00:00 PM,21.8,79.2,22.4,18.0,point
2025-07-24 01:30:00 PM,21.6,78.9,22.2,17.8,point
2025-07-24 02:00:00 PM,21.7,78.7,22.3,17.9,point
2025-07-24 02:30:00 PM,21.9,78.4,22.4,18.0,point
2025-07-24 03:00:00 PM,22.1,78.1,22.8,18.1,point
2025-07-24 03:30:00 PM,22.0,76.9,22.5,17.8,point
2025-07-24 04:00:00 PM,22.0,77.2,22.6,17.9,point
2025-07-24 04:30:00 PM,21.7,76.8,22.2,17.4,point
2025-07-24 05:00:00 PM,22.1,76.9,22.7,17.9,point
2025-07-24 05:30:00 PM,22.1,76.4,22.7,17.8,point
2025-07-24 06:00:00 PM,22.2,75.9,22.8,17.8,point
2025-07-24 06:30:00 PM,22.2,75.6,22.7,17.6,point
2025-07-24 07:00:00 PM,22.0,75.2,22.6,17.4,point
2025-07-24 07:30:00 PM,22.1,74.8,22.5,17.4,point
2025-07-24 08:00:00 PM,22.0,74.4,22.5,17.2,point
2025-07-24 08:30:00 PM,21.9,74.0,22.4,17.1,point
2025-07-24 09:00:00 PM,19.3,68.1,18.7,13.3,point
2025-07-24 09:30:00 PM,9.9,62.3,9.3,3.0,point
2025-07-24 10:00:00 PM,5.7,76.0,5.4,1.8,point
2025-07-24 10:30:00 PM,5.1,79.3,5.0,1.8,point
2025-07-24 11:00:00 PM,5.2,82.1,5.0,2.4,point
2025-07-24 11:30:00 PM,5.0,82.5,4.8,2.2,point
2025-07-25 12:00:00 AM,4.8,83.3,4.8,2.2,point
2025-07-25 12:30:00 AM,4.8,84.0,4.8,2.3,point
2025-07-25 01:00:00 AM,4.7,83.5,4.7,2.2,point
2025-07-25 01:30:00 AM,4.8,84.2,4.8,2.4,point
2025-07-25 02:00:00 AM,4.9,84.7,4.9,2.6,point
2025-07-25 02:30:00 AM,4.6,84.4,4.6,2.2,point
2025-07-25 03:00:00 AM,4.6,84.6,4.6,2.2,point
2025-07-25 03:30:00 AM,4.8,85.5,4.8,2.6,point
2025-07-25 04:00:00 AM,4.7,84.5,4.6,2.3,point
2025-07-25 04:30:00 AM,4.8,84.9,4.7,2.5,point
2025-07-25 05:00:00 AM,4.6,84.5,4.5,2.2,point
2025-07-25 05:30:00 AM,4.8,85.2,4.8,2.6,point
2025-07-25 06:00:00 AM,5.0,85.5,5.0,2.8,point
2025-07-25 06:30:00 AM,4.9,84.9,4.8,2.5,point
2025-07-25 07:00:00 AM,4.9,85.1,4.9,2.6,point
2025-07-25 07:30:00 AM,5.1,85.8,5.1,2.9,point
2025-07-25 08:00:00 AM,8.7,94.4,8.9,7.8,point
2025-07-25 08:30:00 AM,15.2,100.0,15.9,15.2,point
2025-07-25 09:00:00 AM,19.9,82.4,20.2,16.9,point
2025-07-25 09:30:00 AM,20.9,78.5,21.3,17.0,point
2025-07-25 10:00:00 AM,21.4,78.0,21.8,17.4,point
2025-07-25 10:30:00 AM,21.2,78.2,21.7,17.3,point
2025-07-25 11:00:00 AM,21.0,77.8,21.4,17.0,point
2025-07-25 11:30:00 AM,21.4,77.5,21.9,17.3,point
2025-07-25 12:00:00 PM,21.6,77.4,22.2,17.5,point
2025-07-25 12:30:00 PM,21.3,77.0,21.7,17.1,point
2025-07-25 01:00:00 PM,21.2,76.9,21.7,17.0,point
2025-07-25 01:30:00 PM,21.4,76.5,21.9,17.1,point
2025-07-25 02:00:00 PM,21.4,75.9,21.8,17.0,point
2025-07-25 02:30:00 PM,21.6,75.3,22.2,17.0,point
2025-07-25 03:00:00 PM,21.1,75.4,21.5,16.6,point
2025-07-25 03:30:00 PM,21.1,73.3,21.3,16.1,point
2025-07-25 04:00:00 PM,19.2,77.4,19.1,15.2,point
2025-07-25 04:30:00 PM,19.2,77.5,19.0,15.1,point
2025-07-25 05:00:00 PM,19.3,77.8,19.1,15.3,point
2025-07-25 05:30:00 PM,19.2,77.4,19.1,15.2,point
2025-07-25 06:00:00 PM,19.4,77.2,19.2,15.3,point
2025-07-25 06:30:00 PM,19.5,77.3,19.5,15.4,point
2025-07-25 07:00:00 PM,19.2,77.0,19.1,15.1,point
2025-07-25 07:30:00 PM,19.3,77.1,19.2,15.2,point
2025-07-25 08:00:00 PM,19.3,76.3,19.0,15.0,point
2025-07-25 08:30:00 PM,19.4,76.0,19.2,15.0,point
2025-07-25 09:00:00 PM,18.7,68.6,17.9,12.8,point
2025-07-25 09:30:00 PM,9.4,64.5,8.8,3.1,point
2025-07-25 10:00:00 PM,5.8,75.7,5.5,1.8,point
2025-07-25 10:30:00 PM,5.3,79.1,5.2,2.0,point
2025-07-25 11:00:00 PM,5.2,80.5,5.1,2.1,point
2025-07-25 11:30:00 PM,5.0,81.3,4.9,2.1,point
2025-07-26 12:00:00 AM,4.9,82.5,4.8,2.1,point
2025-07-26 12:30:00 AM,4.7,83.2,4.6,2.1,point
2025-07-26 01:00:00 AM,4.6,83.1,4.5,1.9,point
2025-07-26 01:30:00 AM,4.5,83.5,4.4,1.9,point
2025-07-26 02:00:00 AM,4.4,83.8,4.3,1.9,point
2025-07-26 02:30:00 AM,4.4,84.2,4.4,2.0,point
2025-07-26 03:00:00 AM,4.5,84.9,4.4,2.1,point
2025-07-26 03:30:00 AM,4.4,85.2,4.3,2.1,point
2025-07-26 04:00:00 AM,4.3,85.1,4.2,2.0,point
2025-07-26 04:30:00 AM,4.4,85.2,4.4,2.1,point
2025-07-26 05:00:00 AM,4.3,85.1,4.2,2.0,point
2025-07-26 05:30:00 AM,4.5,85.3,4.4,2.2,point
2025-07-26 06:00:00 AM,4.5,85.5,4.5,2.3,point
2025-07-26 06:30:00 AM,4.5,85.9,4.5,2.4,point
2025-07-26 07:00:00 AM,4.7,85.8,4.7,2.5,point
2025-07-26 07:30:00 AM,4.6,85.2,4.5,2.3,point
2025-07-26 08:00:00 AM,8.7,95.3,8.9,8.0,point
2025-07-26 08:30:00 AM,14.9,97.8,15.4,14.5,point
2025-07-26 09:00:00 AM,18.4,82.5,18.4,15.4,point
2025-07-26 09:30:00 AM,18.8,80.0,18.6,15.3,point
2025-07-26 10:00:00 AM,19.0,80.7,18.9,15.6,point
2025-07-26 10:30:00 AM,19.2,81.1,19.3,15.9,point
2025-07-26 11:00:00 AM,18.8,80.6,18.7,15.4,point
2025-07-26 11:30:00 AM,19.6,83.4,19.9,16.7,point
2025-07-26 12:00:00 PM,19.1,80.8,19.0,15.7,point
2025-07-26 12:30:00 PM,19.4,80.0,19.5,15.9,point
2025-07-26 01:00:00 PM,19.4,80.2,19.3,15.9,point
2025-07-26 01:30:00 PM,19.2,80.0,19.2,15.7,point
2025-07-26 02:00:00 PM,19.2,79.0,19.2,15.5,point
2025-07-26 02:30:00 PM,19.1,78.9,19.1,15.4,point
2025-07-26 03:00:00 PM,19.6,78.6,19.5,15.7,point
2025-07-26 03:30:00 PM,19.5,78.1,19.4,15.6,point
2025-07-26 04:00:00 PM,19.4,77.9,19.4,15.5,point
2025-07-26 04:30:00 PM,19.2,77.0,19.0,15.1,point
2025-07-26 05:00:00 PM,19.2,76.9,19.1,15.1,point
2025-07-26 05:30:00 PM,19.2,76.7,19.0,15.1,point
2025-07-26 06:00:00 PM,19.3,76.4,19.2,15.1,point
2025-07-26 06:30:00 PM,19.3,76.1,19.0,15.0,point
2025-07-26 07:00:00 PM,19.2,75.7,18.9,14.8,point
2025-07-26 07:30:00 PM,19.3,75.8,19.2,14.9,point
2025-07-26 08:00:00 PM,19.3,75.2,19.0,14.8,point
2025-07-26 08:30:00 PM,19.2,74.7,18.8,14.6,point
2025-07-26 09:00:00 PM,18.7,67.1,17.8,12.4,point
2025-07-26 09:30:00 PM,9.9,64.9,9.2,3.6,point
2025-07-26 10:00:00 PM,6.0,76.0,5.7,2.1,point
2025-07-26 10:30:00 PM,5.3,79.2,5.1,2.0,point
2025-07-26 11:00:00 PM,5.1,80.5,4.9,2.0,point
2025-07-26 11:30:00 PM,4.9,80.9,4.8,1.9,point
2025-07-27 12:00:00 AM,4.8,82.0,4.6,2.0,point
2025-07-27 12:30:00 AM,4.6,82.6,4.5,1.9,point
2025-07-27 01:00:00 AM,4.5,83.3,4.5,2.0,point
2025-07-27 01:30:00 AM,4.5,84.2,4.4,2.1,point
2025-07-27 02:00:00 AM,4.4,83.9,4.3,1.9,point
2025-07-27 02:30:00 AM,4.2,83.9,4.2,1.8,point
2025-07-27 03:00:00 AM,4.4,84.6,4.3,2.0,point
2025-07-27 03:30:00 AM,4.3,84.8,4.3,2.0,point
2025-07-27 04:00:00 AM,4.4,85.2,4.4,2.1,point
2025-07-27 04:30:00 AM,4.4,84.9,4.3,2.0,point
2025-07-27 05:00:00 AM,4.2,85.1,4.2,1.9,point
2025-07-27 05:30:00 AM,4.3,85.0,4.3,2.0,point
2025-07-27 06:00:00 AM,4.2,85.5,4.2,2.0,point
2025-07-27 06:30:00 AM,4.4,85.3,4.4,2.2,point
2025-07-27 07:00:00 AM,4.4,85.6,4.4,2.2,point
2025-07-27 07:30:00 AM,4.6,85.7,4.6,2.5,point
2025-07-27 08:00:00 AM,8.4,94.3,8.5,7.5,point
2025-07-27 08:30:00 AM,15.0,99.3,15.6,14.9,point
2025-07-27 09:00:00 AM,18.4,81.0,18.3,15.1,point
2025-07-27 09:30:00 AM,18.9,78.9,18.7,15.1,point
2025-07-27 10:00:00 AM,19.0,79.7,18.9,15.4,point
2025-07-27 10:30:00 AM,18.9,79.9,18.8,15.4,point
2025-07-27 11:00:00 AM,19.1,79.8,19.1,15.6,point
2025-07-27 11:30:00 AM,19.1,80.3,19.1,15.7,point
2025-07-27 12:00:00 PM,19.3,80.2,19.3,15.8,point
2025-07-27 12:30:00 PM,19.2,79.8,19.2,15.6,point
2025-07-27 01:00:00 PM,19.3,79.3,19.2,15.6,point
2025-07-27 01:30:00 PM,19.3,78.9,19.3,15.6,point
2025-07-27 02:00:00 PM,19.4,78.4,19.4,15.6,point
2025-07-27 02:30:00 PM,19.4,78.2,19.4,15.5,point
2025-07-27 03:00:00 PM,19.2,77.9,19.0,15.2,point
2025-07-27 03:30:00 PM,19.4,77.0,19.2,15.3,point
2025-07-27 04:00:00 PM,19.2,76.8,19.0,15.1,point
2025-07-27 04:30:00 PM,19.2,77.1,19.1,15.1,point
2025-07-27 05:00:00 PM,19.2,76.5,19.0,15.0,point
2025-07-27 05:30:00 PM,19.2,76.1,19.0,14.9,point
2025-07-27 06:00:00 PM,19.3,76.1,19.2,15.0,point
2025-07-27 06:30:00 PM,19.2,75.5,18.9,14.8,point
2025-07-27 07:00:00 PM,19.2,75.4,19.0,14.8,point
2025-07-27 07:30:00 PM,19.3,75.7,19.2,14.9,point
2025-07-27 08:00:00 PM,19.3,75.2,19.0,14.8,point
2025-07-27 08:30:00 PM,19.4,75.2,19.2,14.9,point
2025-07-27 09:00:00 PM,18.9,68.0,18.1,12.8,point
2025-07-27 09:30:00 PM,9.7,63.9,9.1,3.2,point
2025-07-27 10:00:00 PM,5.9,75.8,5.7,2.0,point
2025-07-27 10:30:00 PM,5.3,78.9,5.2,2.0,point
2025-07-27 11:00:00 PM,5.2,80.3,5.1,2.1,point
2025-07-27 11:30:00 PM,4.9,81.0,4.8,1.9,point
2025-07-28 12:00:00 AM,4.8,82.1,4.6,2.0,point
2025-07-28 12:30:00 AM,4.8,83.3,4.7,2.2,point
2025-07-28 01:00:00 AM,4.6,83.2,4.5,2.0,point
2025-07-28 01:30:00 AM,4.5,84.0,4.4,2.0,point
2025-07-28 02:00:00 AM,4.4,84.3,4.3,1.9,point
2025-07-28 02:30:00 AM,4.3,84.6,4.2,1.9,point
2025-07-28 03:00:00 AM,4.3,84.1,4.2,1.8,point
2025-07-28 03:30:00 AM,4.3,84.4,4.2,1.9,point
2025-07-28 04:00:00 AM,4.3,84.9,4.3,2.0,point
2025-07-28 04:30:00 AM,4.3,84.8,4.2,1.9,point
2025-07-28 05:00:00 AM,4.3,85.1,4.3,2.0,point
2025-07-28 05:30:00 AM,4.3,85.2,4.3,2.1,point
2025-07-28 06:00:00 AM,4.4,84.9,4.4,2.1,point
2025-07-28 06:30:00 AM,4.6,85.5,4.5,2.4,point
2025-07-28 07:00:00 AM,4.3,84.1,4.2,1.8,point
2025-07-28 07:30:00 AM,4.4,84.5,4.4,2.0,point
2025-07-28 08:00:00 AM,8.6,94.5,8.7,7.7,point
2025-07-28 08:30:00 AM,15.0,99.9,15.7,15.0,point
2025-07-28 09:00:00 AM,18.7,82.8,18.8,15.7,point
2025-07-28 09:30:00 AM,19.0,80.6,18.9,15.6,point
2025-07-28 10:00:00 AM,18.9,80.8,18.8,15.5,point
2025-07-28 10:30:00 AM,19.1,81.6,19.2,15.9,point
2025-07-28 11:00:00 AM,19.2,82.3,19.2,16.1,point
2025-07-28 11:30:00 AM,20.0,82.1,20.2,16.8,point
2025-07-28 12:00:00 PM,19.9,82.1,20.0,16.7,point
2025-07-28 12:30:00 PM,19.9,82.2,20.2,16.8,point
2025-07-28 01:00:00 PM,19.9,81.9,20.0,16.7,point
2025-07-28 01:30:00 PM,19.8,81.4,19.9,16.5,point
2025-07-28 02:00:00 PM,19.8,81.5,19.9,16.5,point
2025-07-28 02:30:00 PM,19.8,82.0,20.0,16.7,point
2025-07-28 03:00:00 PM,19.9,82.0,20.2,16.8,point
2025-07-28 03:30:00 PM,19.7,81.1,19.9,16.4,point
2025-07-28 04:00:00 PM,19.9,81.7,20.2,16.7,point
2025-07-28 04:30:00 PM,19.7,81.1,19.8,16.4,point
2025-07-28 05:00:00 PM,19.9,80.9,20.2,16.5,point
2025-07-28 05:30:00 PM,19.7,80.5,19.7,16.2,point
2025-07-28 06:00:00 PM,19.7,80.5,19.8,16.3,point
2025-07-28 06:30:00 PM,19.5,78.0,19.4,15.5,point
2025-07-28 07:00:00 PM,19.8,79.8,20.0,16.2,point
2025-07-28 07:30:00 PM,19.4,78.4,19.4,15.6,point
2025-07-28 08:00:00 PM,20.0,80.1,20.1,16.4,point
2025-07-28 08:30:00 PM,19.8,79.5,20.0,16.2,point
2025-07-28 09:00:00 PM,18.6,69.2,17.9,12.9,point
2025-07-28 09:30:00 PM,10.4,65.1,9.8,4.1,point
2025-07-28 10:00:00 PM,6.1,75.9,5.8,2.1,point
2025-07-28 10:30:00 PM,5.4,79.1,5.3,2.1,point
2025-07-28 11:00:00 PM,5.1,80.9,5.0,2.1,point
2025-07-28 11:30:00 PM,5.0,82.0,4.9,2.2,point
2025-07-29 12:00:00 AM,4.8,82.5,4.8,2.1,point
2025-07-29 12:30:00 AM,4.6,83.7,4.6,2.1,point
2025-07-29 01:00:00 AM,4.5,84.3,4.4,2.1,point
2025-07-29 01:30:00 AM,4.4,83.8,4.4,1.9,point
2025-07-29 02:00:00 AM,4.4,84.9,4.4,2.1,point
2025-07-29 02:30:00 AM,4.4,84.7,4.3,2.0,point
2025-07-29 03:00:00 AM,4.6,85.2,4.5,2.3,point
2025-07-29 03:30:00 AM,4.4,85.2,4.4,2.2,point
2025-07-29 04:00:00 AM,4.5,85.4,4.5,2.3,point
2025-07-29 04:30:00 AM,4.5,86.2,4.4,2.4,point
2025-07-29 05:00:00 AM,4.4,85.7,4.3,2.2,point
2025-07-29 05:30:00 AM,5.0,86.6,4.9,2.9,point
2025-07-29 06:00:00 AM,5.3,87.0,5.3,3.3,point
2025-07-29 06:30:00 AM,5.2,86.3,5.1,3.1,point
2025-07-29 07:00:00 AM,5.4,86.4,5.4,3.3,point
2025-07-29 07:30:00 AM,5.3,86.3,5.3,3.2,point
2025-07-29 08:00:00 AM,9.1,95.9,9.3,8.4,point
2025-07-29 08:30:00 AM,15.4,100.0,16.0,15.4,point
2025-07-29 09:00:00 AM,20.4,94.0,21.3,19.4,point
2025-07-29 09:30:00 AM,20.0,86.6,20.5,17.7,point
2025-07-29 10:00:00 AM,20.5,86.5,21.0,18.1,point
2025-07-29 10:30:00 AM,20.1,86.1,20.4,17.6,point
2025-07-29 11:00:00 AM,20.2,86.2,20.7,17.8,point
2025-07-29 11:30:00 AM,20.5,87.0,21.1,18.3,point
2025-07-29 12:00:00 PM,20.3,86.1,20.8,17.9,point
2025-07-29 12:30:00 PM,22.0,79.8,22.7,18.4,point
2025-07-29 01:00:00 PM,19.9,85.3,20.3,17.4,point
2025-07-29 01:30:00 PM,19.7,84.7,20.1,17.1,point
2025-07-29 02:00:00 PM,20.6,82.6,21.1,17.6,point
2025-07-29 02:30:00 PM,20.1,84.2,20.4,17.3,point
2025-07-29 03:00:00 PM,20.1,84.0,20.4,17.3,point
2025-07-29 03:30:00 PM,20.0,83.7,20.3,17.1,point
2025-07-29 04:00:00 PM,19.9,83.2,20.3,17.0,point
2025-07-29 04:30:00 PM,20.1,83.2,20.4,17.1,point
2025-07-29 05:00:00 PM,20.0,83.8,20.4,17.2,point
2025-07-29 05:30:00 PM,20.1,83.6,20.5,17.3,point
2025-07-29 06:00:00 PM,20.0,83.1,20.3,17.0,point
2025-07-29 06:30:00 PM,20.1,83.2,20.5,17.2,point
2025-07-29 07:00:00 PM,20.1,82.8,20.4,17.1,point
2025-07-29 07:30:00 PM,19.7,81.2,19.8,16.4,point
2025-07-29 08:00:00 PM,20.4,83.8,20.9,17.6,point
2025-07-29 08:30:00 PM,20.3,83.1,20.8,17.4,point
2025-07-29 09:00:00 PM,17.1,70.4,16.4,11.7,point
2025-07-29 09:30:00 PM,11.7,62.2,10.9,4.7,point
2025-07-29 10:00:00 PM,6.9,75.0,6.6,2.8,point
2025-07-29 10:30:00 PM,6.1,79.6,6.0,2.9,point
2025-07-29 11:00:00 PM,5.6,81.7,5.5,2.7,point
2025-07-29 11:30:00 PM,5.3,82.4,5.2,2.5,point
2025-07-30 12:00:00 AM,5.4,83.2,5.3,2.8,point
2025-07-30 12:30:00 AM,5.1,83.9,5.1,2.6,point
2025-07-30 01:00:00 AM,5.2,84.6,5.1,2.8,point
2025-07-30 01:30:00 AM,5.1,85.2,5.0,2.8,point
2025-07-30 02:00:00 AM,4.9,84.8,4.9,2.6,point
2025-07-30 02:30:00 AM,5.1,85.4,5.0,2.8,point
2025-07-30 03:00:00 AM,4.9,84.5,4.9,2.5,point
2025-07-30 03:30:00 AM,5.0,85.5,4.9,2.8,point
2025-07-30 04:00:00 AM,4.9,84.3,4.8,2.4,point
2025-07-30 04:30:00 AM,4.9,84.7,4.9,2.6,point
2025-07-30 05:00:00 AM,4.9,85.1,4.8,2.6,point
2025-07-30 05:30:00 AM,4.9,85.7,4.8,2.7,point
2025-07-30 06:00:00 AM,4.7,84.5,4.6,2.3,point
2025-07-30 06:30:00 AM,4.7,85.6,4.6,2.5,point
2025-07-30 07:00:00 AM,4.8,85.3,4.7,2.5,point
2025-07-30 07:30:00 AM,4.9,85.5,4.8,2.6,point
2025-07-30 08:00:00 AM,8.8,96.3,9.1,8.3,point
2025-07-30 08:30:00 AM,15.5,100.0,16.1,15.5,point
2025-07-30 09:00:00 AM,19.4,91.6,20.0,18.0,point
2025-07-30 09:30:00 AM,19.8,86.9,20.2,17.5,point
2025-07-30 10:00:00 AM,19.9,86.8,20.4,17.6,point
2025-07-30 10:30:00 AM,19.9,86.5,20.4,17.6,point
2025-07-30 11:00:00 AM,20.0,86.8,20.5,17.8,point
2025-07-30 11:30:00 AM,20.1,86.7,20.6,17.9,point
2025-07-30 12:00:00 PM,20.1,86.7,20.6,17.8,point
2025-07-30 12:30:00 PM,20.0,83.5,20.4,17.1,point
2025-07-30 01:00:00 PM,20.0,85.2,20.3,17.4,point
2025-07-30 01:30:00 PM,20.1,85.0,20.5,17.5,point
2025-07-30 02:00:00 PM,19.9,85.4,20.3,17.4,point
2025-07-30 02:30:00 PM,19.9,84.2,20.3,17.2,point
2025-07-30 03:00:00 PM,20.0,84.1,20.3,17.2,point
2025-07-30 03:30:00 PM,20.0,83.7,20.3,17.1,point
2025-07-30 04:00:00 PM,20.0,83.3,20.4,17.1,point
2025-07-30 04:30:00 PM,19.9,83.1,20.3,17.0,point
2025-07-30 05:00:00 PM,20.0,83.1,20.4,17.1,point
2025-07-30 05:30:00 PM,20.0,82.8,20.4,17.0,point
2025-07-30 06:00:00 PM,20.0,82.7,20.4,17.0,point
2025-07-30 06:30:00 PM,20.1,82.6,20.4,17.0,point
2025-07-30 07:00:00 PM,20.0,82.3,20.3,16.9,point
2025-07-30 07:30:00 PM,20.0,82.9,20.3,17.0,point
2025-07-30 08:00:00 PM,20.0,83.0,20.4,17.0,point
2025-07-30 08:30:00 PM,20.0,83.0,20.3,17.0,point
2025-07-30 09:00:00 PM,18.1,69.8,17.4,12.5,point
2025-07-30 09:30:00 PM,10.2,62.2,9.5,3.3,point
2025-07-30 10:00:00 PM,6.1,75.4,5.8,2.1,point
2025-07-30 10:30:00 PM,5.8,80.1,5.7,2.7,point
2025-07-30 11:00:00 PM,5.4,81.7,5.3,2.5,point
2025-07-30 11:30:00 PM,5.1,82.7,5.1,2.4,point
2025-07-31 12:00:00 AM,5.0,83.8,5.0,2.5,point
2025-07-31 12:30:00 AM,5.0,84.5,4.9,2.6,point
2025-07-31 01:00:00 AM,4.9,84.5,4.9,2.5,point
2025-07-31 01:30:00 AM,5.0,85.2,4.9,2.7,point
2025-07-31 02:00:00 AM,5.0,86.5,5.0,3.0,point
2025-07-31 02:30:00 AM,4.9,86.3,4.9,2.8,point
2025-07-31 03:00:00 AM,5.0,85.7,5.0,2.8,point
2025-07-31 03:30:00 AM,4.9,84.8,4.8,2.5,point
2025-07-31 04:00:00 AM,5.0,85.6,5.0,2.8,point
2025-07-31 04:30:00 AM,5.0,85.6,5.0,2.8,point
2025-07-31 05:00:00 AM,4.7,84.4,4.7,2.3,point
2025-07-31 05:30:00 AM,4.7,85.0,4.7,2.4,point
2025-07-31 06:00:00 AM,4.7,85.9,4.7,2.6,point
2025-07-31 06:30:00 AM,4.7,86.2,4.6,2.6,point
2025-07-31 07:00:00 AM,4.9,86.3,4.8,2.8,point
2025-07-31 07:30:00 AM,5.0,86.6,5.0,3.0,point
2025-07-31 08:00:00 AM,8.6,95.3,8.8,7.9,point
2025-07-31 08:30:00 AM,15.2,100.0,15.9,15.2,point
2025-07-31 09:00:00 AM,19.4,93.3,20.0,18.3,point
2025-07-31 09:30:00 AM,19.6,86.7,20.0,17.3,point
2025-07-31 10:00:00 AM,19.9,86.0,20.2,17.4,point
2025-07-31 10:30:00 AM,19.9,85.6,20.3,17.4,point
2025-07-31 11:00:00 AM,19.8,84.5,20.1,17.1,point
2025-07-31 11:30:00 AM,19.8,84.0,20.0,17.0,point
2025-07-31 12:00:00 PM,20.6,84.0,21.1,17.9,point
2025-07-31 12:30:00 PM,22.5,84.0,23.4,19.6,point
2025-07-31 01:00:00 PM,19.7,78.9,19.7,15.9,point
2025-07-31 01:30:00 PM,19.0,87.6,19.2,16.9,point
2025-07-31 02:00:00 PM,20.4,82.6,20.9,17.4,point
2025-07-31 02:30:00 PM,20.6,83.0,21.0,17.6,point
2025-07-31 03:00:00 PM,20.4,83.3,20.9,17.5,point
2025-07-31 03:30:00 PM,20.2,83.6,20.6,17.4,point
2025-07-31 04:00:00 PM,20.3,84.7,20.8,17.7,point
2025-07-31 04:30:00 PM,20.1,82.4,20.3,16.9,point
2025-07-31 05:00:00 PM,20.2,84.8,20.7,17.6,point
2025-07-31 05:30:00 PM,20.2,84.4,20.5,17.4,point
2025-07-31 06:00:00 PM,20.2,84.0,20.6,17.4,point
2025-07-31 06:30:00 PM,20.1,84.4,20.5,17.4,point
2025-07-31 07:00:00 PM,20.2,84.7,20.7,17.6,point
2025-07-31 07:30:00 PM,20.3,84.5,20.7,17.6,point
2025-07-31 08:00:00 PM,20.1,84.4,20.4,17.3,point
2025-07-31 08:30:00 PM,20.0,84.2,20.4,17.3,point
2025-07-31 09:00:00 PM,17.4,72.0,16.8,12.3,point
2025-07-31 09:30:00 PM,9.5,67.0,9.0,3.7,point
2025-07-31 10:00:00 PM,6.2,77.0,6.0,2.5,point
2025-07-31 10:30:00 PM,5.8,80.4,5.6,2.7,point
2025-07-31 11:00:00 PM,5.6,82.0,5.5,2.8,point
2025-07-31 11:30:00 PM,5.3,82.8,5.3,2.6,point
2025-08-01 12:00:00 AM,5.1,83.0,5.1,2.5,point
2025-08-01 12:30:00 AM,5.1,83.5,5.1,2.5,point
2025-08-01 01:00:00 AM,5.2,84.6,5.1,2.8,point
2025-08-01 01:30:00 AM,5.1,84.2,5.0,2.6,point
2025-08-01 02:00:00 AM,4.9,83.6,4.9,2.4,point
2025-08-01 02:30:00 AM,4.9,84.0,4.8,2.4,point
2025-08-01 03:00:00 AM,5.1,84.8,5.1,2.8,point
2025-08-01 03:30:00 AM,5.0,84.4,4.9,2.6,point
2025-08-01 04:00:00 AM,5.0,84.6,5.0,2.6,point
2025-08-01 04:30:00 AM,5.1,84.9,5.0,2.7,point
2025-08-01 05:00:00 AM,4.8,82.6,4.7,2.1,point
2025-08-01 05:30:00 AM,5.1,84.1,5.0,2.6,point
2025-08-01 06:00:00 AM,5.4,86.4,5.4,3.3,point
2025-08-01 06:30:00 AM,5.1,84.8,5.0,2.8,point
2025-08-01 07:00:00 AM,5.2,85.6,5.2,3.0,point
2025-08-01 07:30:00 AM,5.2,85.8,5.2,3.0,point
2025-08-01 08:00:00 AM,8.8,95.5,8.9,8.1,point
2025-08-01 08:30:00 AM,15.8,100.0,16.5,15.8,point
2025-08-01 09:00:00 AM,19.1,98.0,20.0,18.8,point
2025-08-01 09:30:00 AM,19.9,88.3,20.5,17.9,point
2025-08-01 10:00:00 AM,20.1,86.9,20.6,17.9,point
2025-08-01 10:30:00 AM,20.0,85.8,20.4,17.6,point
2025-08-01 11:00:00 AM,20.2,86.8,20.6,17.9,point
2025-08-01 11:30:00 AM,20.3,85.8,20.8,17.9,point
2025-08-01 12:00:00 PM,20.4,85.7,20.8,17.9,point
2025-08-01 12:30:00 PM,20.5,86.0,21.0,18.1,point
2025-08-01 01:00:00 PM,20.6,85.5,21.0,18.1,point
2025-08-01 01:30:00 PM,20.5,85.8,21.0,18.1,point
2025-08-01 02:00:00 PM,20.6,85.5,21.0,18.1,point
2025-08-01 02:30:00 PM,20.8,85.8,21.3,18.3,point
2025-08-01 03:00:00 PM,20.5,84.9,20.9,17.9,point
2025-08-01 03:30:00 PM,20.7,85.5,21.2,18.1,point
2025-08-01 04:00:00 PM,22.3,77.7,22.9,18.2,point
2025-08-01 04:30:00 PM,22.0,82.7,22.7,18.9,point
2025-08-01 05:00:00 PM,23.1,80.8,24.1,19.6,point
2025-08-01 05:30:00 PM,23.1,81.9,24.0,19.8,point
2025-08-01 06:00:00 PM,22.4,80.5,23.1,18.9,point
2025-08-01 06:30:00 PM,22.3,80.4,23.0,18.8,point
2025-08-01 07:00:00 PM,22.2,81.8,23.0,18.9,point
2025-08-01 07:30:00 PM,22.0,82.7,22.9,18.9,point
2025-08-01 08:00:00 PM,21.9,82.2,22.7,18.8,point
2025-08-01 08:30:00 PM,22.6,80.7,23.5,19.1,point
2025-08-01 09:00:00 PM,16.1,73.0,15.5,11.3,point
2025-08-01 09:30:00 PM,8.7,67.9,8.3,3.1,point
2025-08-01 10:00:00 PM,5.8,78.3,5.7,2.4,point
2025-08-01 10:30:00 PM,5.4,81.6,5.3,2.5,point
2025-08-01 11:00:00 PM,5.3,83.2,5.2,2.7,point
2025-08-01 11:30:00 PM,5.1,84.1,5.0,2.6,point
2025-08-02 12:00:00 AM,5.2,84.8,5.2,2.9,point
2025-08-02 12:30:00 AM,5.2,84.9,5.1,2.8,point
2025-08-02 01:00:00 AM,5.1,85.7,5.1,2.9,point
2025-08-02 01:30:00 AM,5.1,85.7,5.1,2.9,point
2025-08-02 02:00:00 AM,5.3,86.2,5.3,3.2,point
2025-08-02 02:30:00 AM,5.2,85.3,5.2,3.0,point
2025-08-02 03:00:00 AM,5.2,85.5,5.1,2.9,point
2025-08-02 03:30:00 AM,5.4,87.2,5.4,3.5,point
2025-08-02 04:00:00 AM,5.4,86.5,5.4,3.4,point
2025-08-02 04:30:00 AM,5.3,86.1,5.3,3.2,point
2025-08-02 05:00:00 AM,4.6,83.4,4.6,2.1,point
2025-08-02 05:30:00 AM,4.9,84.8,4.9,2.6,point
2025-08-02 06:00:00 AM,5.1,85.6,5.1,2.9,point
2025-08-02 06:30:00 AM,5.0,85.8,5.0,2.9,point
2025-08-02 07:00:00 AM,5.4,87.1,5.4,3.5,point
2025-08-02 07:30:00 AM,5.1,85.7,5.0,2.9,point
2025-08-02 08:00:00 AM,9.0,95.7,9.2,8.4,point
2025-08-02 08:30:00 AM,15.6,100.0,16.3,15.6,point
2025-08-02 09:00:00 AM,20.8,89.0,21.4,18.9,point
2025-08-02 09:30:00 AM,21.4,83.4,22.0,18.4,point
2025-08-02 10:00:00 AM,21.9,82.2,22.7,18.8,point
2025-08-02 10:30:00 AM,22.2,81.1,23.0,18.8,point
2025-08-02 11:00:00 AM,22.1,81.3,22.8,18.7,point
2025-08-02 11:30:00 AM,22.0,80.5,22.8,18.5,point
2025-08-02 12:00:00 PM,22.4,80.5,23.1,18.9,point
2025-08-02 12:30:00 PM,22.5,80.0,23.3,18.9,point
2025-08-02 01:00:00 PM,22.2,79.5,23.0,18.5,point
2025-08-02 01:30:00 PM,22.1,79.9,22.9,18.5,point
2025-08-02 02:00:00 PM,22.2,79.2,22.9,18.4,point
2025-08-02 02:30:00 PM,22.4,79.0,23.2,18.6,point
2025-08-02 03:00:00 PM,22.4,79.7,23.2,18.7,point
2025-08-02 03:30:00 PM,22.4,78.6,23.0,18.5,point
2025-08-02 04:00:00 PM,22.6,79.1,23.4,18.8,point
2025-08-02 04:30:00 PM,22.3,79.1,23.1,18.5,point
2025-08-02 05:00:00 PM,22.2,76.5,22.9,17.9,point
2025-08-02 05:30:00 PM,22.1,75.6,22.7,17.6,point
2025-08-02 06:00:00 PM,22.4,78.8,23.1,18.5,point
2025-08-02 06:30:00 PM,22.4,78.6,23.1,18.5,point
2025-08-02 07:00:00 PM,22.6,77.0,23.3,18.4,point
2025-08-02 07:30:00 PM,22.4,78.5,23.1,18.5,point
2025-08-02 08:00:00 PM,22.2,77.0,22.9,18.0,point
2025-08-02 08:30:00 PM,22.3,76.8,22.9,18.0,point
2025-08-02 09:00:00 PM,19.6,69.2,19.2,13.8,point
2025-08-02 09:30:00 PM,9.7,64.9,9.1,3.4,point
2025-08-02 10:00:00 PM,6.3,77.1,6.0,2.6,point
2025-08-02 10:30:00 PM,5.8,80.9,5.6,2.8,point
2025-08-02 11:00:00 PM,5.3,81.5,5.2,2.4,point
2025-08-02 11:30:00 PM,5.2,81.7,5.0,2.3,point
2025-08-03 12:00:00 AM,5.1,82.9,5.0,2.4,point
2025-08-03 12:30:00 AM,4.9,83.2,4.9,2.3,point
2025-08-03 01:00:00 AM,5.1,84.1,5.1,2.6,point
2025-08-03 01:30:00 AM,5.0,82.9,5.0,2.3,point
2025-08-03 02:00:00 AM,5.2,83.8,5.2,2.7,point
2025-08-03 02:30:00 AM,5.1,84.0,5.0,2.6,point
2025-08-03 03:00:00 AM,5.4,86.0,5.3,3.2,point
2025-08-03 03:30:00 AM,5.2,85.1,5.1,2.9,point
2025-08-03 04:00:00 AM,5.0,84.2,5.0,2.6,point
2025-08-03 04:30:00 AM,5.2,84.8,5.1,2.8,point
2025-08-03 05:00:00 AM,5.1,83.4,5.0,2.5,point
2025-08-03 05:30:00 AM,4.9,84.2,4.9,2.5,point
2025-08-03 06:00:00 AM,5.2,85.7,5.1,3.0,point
2025-08-03 06:30:00 AM,5.2,84.5,5.2,2.8,point
2025-08-03 07:00:00 AM,5.4,85.4,5.3,3.1,point
2025-08-03 07:30:00 AM,5.2,85.3,5.2,3.0,point
2025-08-03 08:00:00 AM,8.7,94.6,8.9,7.9,point
2025-08-03 08:30:00 AM,15.0,100.0,15.6,15.0,point
2025-08-03 09:00:00 AM,20.8,86.2,21.3,18.4,point
2025-08-03 09:30:00 AM,21.0,81.4,21.4,17.7,point
2025-08-03 10:00:00 AM,21.1,81.1,21.7,17.8,point
2025-08-03 10:30:00 AM,21.6,81.2,22.2,18.2,point
2025-08-03 11:00:00 AM,21.3,77.8,21.7,17.2,point
2025-08-03 11:30:00 AM,22.0,80.2,22.7,18.4,point
2025-08-03 12:00:00 PM,22.2,79.3,23.0,18.5,point
2025-08-03 12:30:00 PM,22.0,78.2,22.6,18.1,point
2025-08-03 01:00:00 PM,21.9,78.0,22.4,17.9,point
2025-08-03 01:30:00 PM,22.0,77.7,22.6,17.9,point
2025-08-03 02:00:00 PM,22.1,77.5,22.7,18.0,point
2025-08-03 02:30:00 PM,22.3,77.3,22.9,18.1,point
2025-08-03 03:00:00 PM,22.2,77.1,22.9,18.0,point
2025-08-03 03:30:00 PM,22.2,77.0,22.7,17.9,point
2025-08-03 04:00:00 PM,22.4,76.9,23.0,18.1,point
2025-08-03 04:30:00 PM,22.1,76.8,22.6,17.8,point
2025-08-03 05:00:00 PM,22.4,76.5,23.1,18.1,point
2025-08-03 05:30:00 PM,22.3,76.4,22.9,17.9,point
2025-08-03 06:00:00 PM,22.2,76.2,22.8,17.8,point
2025-08-03 06:30:00 PM,22.1,76.1,22.7,17.7,point
2025-08-03 07:00:00 PM,22.2,76.1,22.8,17.8,point
2025-08-03 07:30:00 PM,22.2,76.0,22.7,17.7,point
2025-08-03 08:00:00 PM,22.1,75.8,22.7,17.7,point
2025-08-03 08:30:00 PM,22.1,75.7,22.6,17.6,point
2025-08-03 09:00:00 PM,20.7,66.0,20.5,14.1,point
2025-08-03 09:30:00 PM,9.3,64.2,8.7,2.9,point
2025-08-03 10:00:00 PM,6.1,76.6,5.9,2.3,point
2025-08-03 10:30:00 PM,5.4,78.9,5.3,2.1,point
2025-08-03 11:00:00 PM,5.2,81.5,5.0,2.3,point
2025-08-03 11:30:00 PM,5.2,83.0,5.2,2.6,point
2025-08-04 12:00:00 AM,5.1,83.0,5.0,2.4,point
2025-08-04 12:30:00 AM,4.7,82.0,4.6,1.9,point
2025-08-04 01:00:00 AM,4.8,83.5,4.8,2.3,point
2025-08-04 01:30:00 AM,4.8,82.8,4.8,2.2,point
2025-08-04 02:00:00 AM,5.0,84.0,5.0,2.5,point
2025-08-04 02:30:00 AM,4.8,83.6,4.8,2.3,point
2025-08-04 03:00:00 AM,4.9,84.4,4.8,2.5,point
2025-08-04 03:30:00 AM,5.1,83.8,5.0,2.5,point
2025-08-04 04:00:00 AM,5.0,83.5,5.0,2.4,point
2025-08-04 04:30:00 AM,5.0,83.8,5.0,2.5,point
2025-08-04 05:00:00 AM,5.1,84.2,5.0,2.6,point
2025-08-04 05:30:00 AM,5.1,82.7,5.0,2.4,point
2025-08-04 06:00:00 AM,5.2,84.9,5.1,2.8,point
2025-08-04 06:30:00 AM,5.0,84.5,4.9,2.6,point
2025-08-04 07:00:00 AM,5.2,84.4,5.2,2.8,point
2025-08-04 07:30:00 AM,5.2,84.9,5.2,2.9,point
2025-08-04 08:00:00 AM,8.8,95.0,9.0,8.1,point
2025-08-04 08:30:00 AM,15.1,100.0,15.8,15.1,point
2025-08-04 09:00:00 AM,20.6,87.6,21.3,18.5,point
2025-08-04 09:30:00 AM,21.1,82.9,21.6,18.1,point
2025-08-04 10:00:00 AM,21.5,81.5,22.2,18.2,point
2025-08-04 10:30:00 AM,21.9,80.4,22.5,18.4,point
2025-08-04 11:00:00 AM,22.0,79.7,22.6,18.3,point
2025-08-04 11:30:00 AM,21.9,79.8,22.6,18.3,point
2025-08-04 12:00:00 PM,22.1,79.7,22.9,18.5,point
2025-08-04 12:30:00 PM,22.2,79.5,22.9,18.4,point
2025-08-04 01:00:00 PM,22.3,79.8,23.1,18.7,point
2025-08-04 01:30:00 PM,22.3,79.0,23.1,18.5,point
2025-08-04 02:00:00 PM,22.2,79.9,23.0,18.6,point
2025-08-04 02:30:00 PM,22.1,78.2,22.6,18.1,point
2025-08-04 03:00:00 PM,21.9,78.6,22.5,18.0,point
2025-08-04 03:30:00 PM,21.6,78.4,22.2,17.7,point
2025-08-04 04:00:00 PM,22.0,78.0,22.5,17.9,point
2025-08-04 04:30:00 PM,21.9,78.0,22.5,17.9,point
2025-08-04 05:00:00 PM,22.0,78.8,22.7,18.2,point
2025-08-04 05:30:00 PM,21.9,79.0,22.5,18.1,point
2025-08-04 06:00:00 PM,21.9,79.7,22.5,18.2,point
2025-08-04 06:30:00 PM,22.0,79.1,22.7,18.2,point
2025-08-04 07:00:00 PM,21.8,78.2,22.4,17.9,point
2025-08-04 07:30:00 PM,21.9,78.2,22.4,17.9,point
2025-08-04 08:00:00 PM,21.6,77.9,22.1,17.5,point
2025-08-04 08:30:00 PM,21.8,78.0,22.3,17.8,point
2025-08-04 09:00:00 PM,17.8,69.3,16.9,12.1,point
2025-08-04 09:30:00 PM,9.1,64.7,8.6,2.8,point
2025-08-04 10:00:00 PM,5.8,76.5,5.5,1.9,point
2025-08-04 10:30:00 PM,11.9,81.5,11.7,8.8,point
2025-08-04 11:00:00 PM,5.8,79.6,5.7,2.6,point
2025-08-04 11:30:00 PM,5.5,80.7,5.3,2.4,point
2025-08-05 12:00:00 AM,5.7,82.7,5.6,3.0,point
2025-08-05 12:30:00 AM,5.5,83.2,5.5,2.9,point
2025-08-05 01:00:00 AM,5.4,82.6,5.4,2.7,point
2025-08-05 01:30:00 AM,5.4,82.9,5.3,2.7,point
2025-08-05 02:00:00 AM,5.3,83.0,5.3,2.7,point
2025-08-05 02:30:00 AM,5.2,82.2,5.0,2.4,point
2025-08-05 03:00:00 AM,5.2,82.0,5.1,2.4,point
2025-08-05 03:30:00 AM,5.3,83.9,5.2,2.8,point
2025-08-05 04:00:00 AM,5.1,83.9,5.1,2.6,point
2025-08-05 04:30:00 AM,5.3,84.4,5.3,2.9,point
2025-08-05 05:00:00 AM,5.2,84.5,5.1,2.8,point
2025-08-05 05:30:00 AM,5.2,83.9,5.2,2.7,point
2025-08-05 06:00:00 AM,5.4,84.7,5.3,3.0,point
2025-08-05 06:30:00 AM,5.1,82.8,5.1,2.5,point
2025-08-05 07:00:00 AM,5.2,84.2,5.2,2.8,point
2025-08-05 07:30:00 AM,5.3,84.2,5.3,2.9,point
2025-08-05 08:00:00 AM,8.6,94.9,8.7,7.8,point
2025-08-05 08:30:00 AM,14.4,97.8,14.9,14.0,point
2025-08-05 09:00:00 AM,20.6,89.1,21.3,18.8,point
2025-08-05 09:30:00 AM,20.6,86.4,21.3,18.3,point
2025-08-05 10:00:00 AM,20.2,83.4,20.6,17.3,point
2025-08-05 10:30:00 AM,20.3,83.4,20.6,17.4,point
2025-08-05 11:00:00 AM,20.3,83.2,20.8,17.4,point
2025-08-05 11:30:00 AM,20.2,82.6,20.6,17.1,point
2025-08-05 12:00:00 PM,20.0,82.3,20.2,16.9,point
2025-08-05 12:30:00 PM,20.1,82.3,20.3,16.9,point
2025-08-05 01:00:00 PM,20.4,82.5,20.8,17.3,point
2025-08-05 01:30:00 PM,20.3,81.9,20.5,17.1,point
2025-08-05 02:00:00 PM,20.2,82.0,20.5,17.1,point
2025-08-05 02:30:00 PM,20.1,81.3,20.4,16.8,point
2025-08-05 03:00:00 PM,23.7,77.8,24.5,19.6,point
2025-08-05 03:30:00 PM,23.6,76.0,24.3,19.1,point
2025-08-05 04:00:00 PM,23.7,75.9,24.5,19.2,point
2025-08-05 04:30:00 PM,23.7,75.8,24.5,19.2,point
2025-08-05 05:00:00 PM,23.9,75.8,24.6,19.4,point
2025-08-05 05:30:00 PM,23.9,75.7,24.8,19.4,point
2025-08-05 06:00:00 PM,23.6,75.6,24.3,19.0,point
2025-08-05 06:30:00 PM,23.6,75.5,24.3,19.0,point
2025-08-05 07:00:00 PM,23.8,75.3,24.6,19.2,point
2025-08-05 07:30:00 PM,23.4,75.6,24.2,18.9,point
2025-08-05 08:00:00 PM,23.7,75.8,24.5,19.2,point
2025-08-05 08:30:00 PM,23.6,75.7,24.3,19.0,point
2025-08-05 09:00:00 PM,22.9,76.3,23.6,18.5,point
2025-08-05 09:30:00 PM,9.9,66.1,9.3,3.8,point
2025-08-05 10:00:00 PM,6.3,75.8,6.1,2.4,point
2025-08-05 10:30:00 PM,5.8,79.5,5.6,2.5,point
2025-08-05 11:00:00 PM,5.8,81.5,5.6,2.9,point
2025-08-05 11:30:00 PM,5.7,81.6,5.5,2.8,point
2025-08-06 12:00:00 AM,5.5,81.3,5.3,2.5,point
2025-08-06 12:30:00 AM,5.3,81.7,5.2,2.5,point
2025-08-06 01:00:00 AM,5.2,82.4,5.1,2.5,point
2025-08-06 01:30:00 AM,5.3,83.3,5.2,2.7,point
2025-08-06 02:00:00 AM,5.4,83.6,5.4,2.9,point
2025-08-06 02:30:00 AM,5.3,83.5,5.3,2.8,point
2025-08-06 03:00:00 AM,5.0,82.6,5.0,2.3,point
2025-08-06 03:30:00 AM,5.1,83.5,5.1,2.6,point
2025-08-06 04:00:00 AM,5.3,84.5,5.2,2.9,point
2025-08-06 04:30:00 AM,5.4,83.9,5.4,2.9,point
2025-08-06 05:00:00 AM,5.5,84.1,5.5,3.0,point
2025-08-06 05:30:00 AM,5.6,85.0,5.5,3.2,point
2025-08-06 06:00:00 AM,5.6,84.3,5.6,3.2,point
2025-08-06 06:30:00 AM,5.6,84.2,5.5,3.1,point
2025-08-06 07:00:00 AM,5.4,84.2,5.4,3.0,point
2025-08-06 07:30:00 AM,5.2,83.5,5.1,2.6,point
2025-08-06 08:00:00 AM,8.9,95.4,9.1,8.2,point
2025-08-06 08:30:00 AM,15.5,100.0,16.1,15.5,point
2025-08-06 09:00:00 AM,22.3,88.3,23.4,20.3,point
2025-08-06 09:30:00 AM,23.0,81.7,23.9,19.7,point
2025-08-06 10:00:00 AM,23.1,80.2,23.9,19.4,point
2025-08-06 10:30:00 AM,23.4,79.5,24.4,19.7,point
2025-08-06 11:00:00 AM,24.0,79.7,25.0,20.2,point
2025-08-06 11:30:00 AM,23.6,80.0,24.5,19.9,point
2025-08-06 12:00:00 PM,23.5,79.5,24.4,19.7,point
2025-08-06 12:30:00 PM,23.6,78.9,24.5,19.7,point
2025-08-06 01:00:00 PM,23.2,78.3,24.0,19.2,point
2025-08-06 01:30:00 PM,23.7,79.5,24.8,19.9,point
2025-08-06 02:00:00 PM,23.8,78.7,24.7,19.9,point
2025-08-06 02:30:00 PM,23.5,79.2,24.5,19.7,point
2025-08-06 03:00:00 PM,23.5,79.1,24.3,19.6,point
2025-08-06 03:30:00 PM,23.5,78.7,24.3,19.6,point
2025-08-06 04:00:00 PM,23.5,78.6,24.4,19.6,point
2025-08-06 04:30:00 PM,23.3,78.3,24.2,19.3,point
2025-08-06 05:00:00 PM,23.7,78.0,24.5,19.6,point
2025-08-06 05:30:00 PM,23.5,78.4,24.3,19.5,point
2025-08-06 06:00:00 PM,23.6,76.7,24.5,19.3,point
2025-08-06 06:30:00 PM,23.5,78.2,24.3,19.5,point
2025-08-06 07:00:00 PM,23.3,76.9,24.0,19.0,point
2025-08-06 07:30:00 PM,23.7,77.6,24.6,19.6,point
2025-08-06 08:00:00 PM,23.5,77.1,24.2,19.2,point
2025-08-06 08:30:00 PM,23.6,77.1,24.4,19.3,point
2025-08-06 09:00:00 PM,18.5,72.0,17.9,13.3,point
2025-08-06 09:30:00 PM,9.7,67.7,9.2,4.1,point
2025-08-06 10:00:00 PM,6.4,77.0,6.2,2.7,point
2025-08-06 10:30:00 PM,5.9,79.5,5.7,2.6,point
2025-08-06 11:00:00 PM,5.9,81.2,5.8,3.0,point
2025-08-06 11:30:00 PM,5.8,80.8,5.6,2.7,point
2025-08-07 12:00:00 AM,5.6,80.7,5.4,2.5,point
2025-08-07 12:30:00 AM,5.7,82.6,5.6,2.9,point
2025-08-07 01:00:00 AM,5.4,81.3,5.3,2.5,point
2025-08-07 01:30:00 AM,5.6,82.3,5.4,2.8,point
2025-08-07 02:00:00 AM,5.4,83.2,5.4,2.8,point
2025-08-07 02:30:00 AM,5.6,83.8,5.6,3.1,point
2025-08-07 03:00:00 AM,5.4,82.2,5.3,2.6,point
2025-08-07 03:30:00 AM,5.6,84.1,5.6,3.1,point
2025-08-07 04:00:00 AM,5.4,83.5,5.4,2.9,point
2025-08-07 04:30:00 AM,5.6,84.8,5.5,3.2,point
2025-08-07 05:00:00 AM,5.4,83.4,5.4,2.8,point
2025-08-07 05:30:00 AM,5.6,83.2,5.5,3.0,point
2025-08-07 06:00:00 AM,5.4,82.7,5.4,2.7,point
2025-08-07 06:30:00 AM,5.5,84.0,5.4,3.0,point
2025-08-07 07:00:00 AM,5.4,84.4,5.3,3.0,point
2025-08-07 07:30:00 AM,5.3,84.5,5.3,2.9,point
2025-08-07 08:00:00 AM,8.8,94.5,8.9,7.9,point
2025-08-07 08:30:00 AM,15.3,100.0,16.0,15.3,point
2025-08-07 09:00:00 AM,22.1,86.7,23.1,19.8,point
2025-08-07 09:30:00 AM,23.0,80.6,24.0,19.5,point
2025-08-07 10:00:00 AM,23.4,79.9,24.3,19.7,point
2025-08-07 10:30:00 AM,23.5,79.4,24.5,19.8,point
2025-08-07 11:00:00 AM,23.7,79.5,24.8,20.0,point
2025-08-07 11:30:00 AM,24.0,79.4,25.0,20.2,point
2025-08-07 12:00:00 PM,23.7,78.6,24.7,19.8,point
2025-08-07 12:30:00 PM,23.9,79.7,24.9,20.2,point
2025-08-07 01:00:00 PM,20.6,83.1,21.1,17.6,point
2025-08-07 01:30:00 PM,19.6,83.6,19.8,16.7,point
2025-08-07 02:00:00 PM,22.5,79.9,23.2,18.8,point
2025-08-07 02:30:00 PM,22.8,79.8,23.6,19.1,point
2025-08-07 03:00:00 PM,22.5,78.7,23.1,18.6,point